CREATE TABLE
    CW_ATT_DEPT_ATTENRULE
    (
        RULE_ID VARCHAR2(50) NOT NULL,
        DEPT_CODE VARCHAR2(50) NOT NULL
    );
COMMENT ON TABLE CW_ATT_DEPT_ATTENRULE
IS
    '部门考勤关联表';
COMMENT ON COLUMN CW_ATT_DEPT_ATTENRULE.RULE_ID
IS
    '考勤规则ID';
COMMENT ON COLUMN CW_ATT_DEPT_ATTENRULE.DEPT_CODE
IS
    '部门ID';
  /**人员考勤记录**/
CREATE TABLE CW_ATT_RECORD (
      ID VARCHAR(192) NOT NULL,
    USER_ID VARCHAR(192) NOT NULL,
    ORG_CODE VARCHAR(192)  ,
    SIGN_TIME TIMESTAMP  ,
    SIGN_ADDRESS VARCHAR(3000)  ,
      SIGN_TYPE INT  ,
    DEVICE_TYPE INT  ,
    DEVICE_ID VARCHAR(192)  ,
    CREATE_TIME TIMESTAMP  ,
    PATH VARCHAR(768)  ,
    SCORE NUMBER(8,4)  ,
    THRESHOLD NUMBER(8,4)  ,
    REMARK VARCHAR(768)  ,
	VALID_STATE VARCHAR(5)  DEFAULT '1',
	INTERVAL_ID VARCHAR(64) DEFAULT NULL ,
    RESULT_STATE VARCHAR(5)  DEFAULT '1',
  PRIMARY KEY (ID)
);
COMMENT ON TABLE CW_ATT_RECORD IS '人员考勤记录';
COMMENT ON COLUMN CW_ATT_RECORD.ID IS '主键';
COMMENT ON COLUMN CW_ATT_RECORD.USER_ID IS '用户ID（主键）';
COMMENT ON COLUMN CW_ATT_RECORD.ORG_CODE IS '机构代码';
COMMENT ON COLUMN CW_ATT_RECORD.SIGN_TIME IS '记录时间';
COMMENT ON COLUMN CW_ATT_RECORD.SIGN_ADDRESS IS '识别位置';
COMMENT ON COLUMN CW_ATT_RECORD.SIGN_TYPE IS '识别类型 1 直接刷脸 2 人证合一';
COMMENT ON COLUMN CW_ATT_RECORD.DEVICE_TYPE IS '识别记录设备类型 1：迎宾机 2：门禁机';
COMMENT ON COLUMN CW_ATT_RECORD.DEVICE_ID IS '门禁机设备编号';
COMMENT ON COLUMN CW_ATT_RECORD.CREATE_TIME IS '识别时间';
COMMENT ON COLUMN CW_ATT_RECORD.PATH IS '图片路径';
COMMENT ON COLUMN CW_ATT_RECORD.SCORE IS '识别分数';
COMMENT ON COLUMN CW_ATT_RECORD.THRESHOLD IS '阈值';
COMMENT ON COLUMN CW_ATT_RECORD.REMARK IS '备注';
COMMENT ON COLUMN CW_ATT_RECORD.RESULT_STATE IS '考勤记录操作状态 0代表漏识, 1代表正确';
COMMENT ON COLUMN CW_ATT_RECORD.VALID_STATE IS '考勤记录是否有效状态 0代表无效, 1代表有效';
COMMENT ON COLUMN CW_ATT_RECORD.RESULT_STATE IS '考勤记录操作状态 0代表漏识, 1代表正确';
CREATE TABLE
    CW_ATT_RESULT
    (
        LOG_ID VARCHAR2(192) NOT NULL,
        RESULT_ID VARCHAR2(192) NOT NULL,
        RESULT_STATUS VARCHAR2(192) NOT NULL,
        RESULT_REMARK VARCHAR2(192) NOT NULL,
        CREATE_USERID VARCHAR2(192),
        CREATE_TIME DATE,
        PRIMARY KEY (LOG_ID)
    );
COMMENT ON TABLE CW_ATT_RESULT
IS
    '考勤结果表';
COMMENT ON COLUMN CW_ATT_RESULT.LOG_ID
IS
    '主键';
COMMENT ON COLUMN CW_ATT_RESULT.RESULT_ID
IS
    '考勤结果主键';
COMMENT ON COLUMN CW_ATT_RESULT.RESULT_STATUS
IS
    '考勤状态';
COMMENT ON COLUMN CW_ATT_RESULT.RESULT_REMARK
IS
    '说明';
COMMENT ON COLUMN CW_ATT_RESULT.CREATE_USERID
IS
    '创建用户ID';
COMMENT ON COLUMN CW_ATT_RESULT.CREATE_TIME
IS
    '创建时间';
CREATE TABLE
    CW_ATT_SCHEDULE
    (
        ID VARCHAR2(192) NOT NULL,
        NAME VARCHAR2(768) NOT NULL,
        ABBREVIATE VARCHAR2(192) NOT NULL,
        MANAGE_USER_ID VARCHAR2(192),
        STATUS INTEGER DEFAULT 1,
        CREATE_USERID VARCHAR2(192),
        CREATE_TIME DATE,
        LAST_UPDATE_USERID VARCHAR2(192),
        LAST_UPDATE_TIME DATE,
        DELETE_USERID VARCHAR2(192),
        DELETE_TIME DATE,
        PRIMARY KEY (ID)
    );
COMMENT ON TABLE CW_ATT_SCHEDULE
IS
    '作息时间表';
COMMENT ON COLUMN CW_ATT_SCHEDULE.ID
IS
    '作息时间ID';
COMMENT ON COLUMN CW_ATT_SCHEDULE.NAME
IS
    '作息时间名称';
COMMENT ON COLUMN CW_ATT_SCHEDULE.ABBREVIATE
IS
    '作息时间简称';
COMMENT ON COLUMN CW_ATT_SCHEDULE.MANAGE_USER_ID
IS
    '管理员或负责人员';
COMMENT ON COLUMN CW_ATT_SCHEDULE.STATUS
IS
    '状态';
COMMENT ON COLUMN CW_ATT_SCHEDULE.CREATE_USERID
IS
    '创建的用户ID';
COMMENT ON COLUMN CW_ATT_SCHEDULE.CREATE_TIME
IS
    '创建的时间';
COMMENT ON COLUMN CW_ATT_SCHEDULE.LAST_UPDATE_USERID
IS
    '最后更新的用户ID';
COMMENT ON COLUMN CW_ATT_SCHEDULE.LAST_UPDATE_TIME
IS
    '最后更新的时间';
COMMENT ON COLUMN CW_ATT_SCHEDULE.DELETE_USERID
IS
    '删除的用户ID';
COMMENT ON COLUMN CW_ATT_SCHEDULE.DELETE_TIME
IS
    '删除的时间';
CREATE TABLE
    CW_ATT_SCHEDULE_TIME_INTERVAL
    (
        ID VARCHAR2(192) NOT NULL,
        DAILY_SCHEDULE_ID VARCHAR2(192) NOT NULL,
        TIME_INTERVAL_NUMBER INTEGER DEFAULT 1 NOT NULL,
        WORK_START_TIME VARCHAR2(5),
        WORK_ALLOW_AHEAD_TIME INTEGER,
        WORK_ALLOW_LATE_TIME INTEGER,
        WORK_ALLOW_LATE_MAX_TIME INTEGER,
        WORKOFF_START_TIME VARCHAR2(5),
        WORKOFF_ALLOW_AHEAD_TIME INTEGER,
        WORKOFF_ALLOW_AHEAD_MAX_TIME INTEGER,
        WORKOFF_ALLOW_DELAY_MAX_TIME INTEGER,
        IS_NEXT_DAY INTEGER DEFAULT 0 NOT NULL,
        IS_OVER_TIME INTEGER DEFAULT 0 NOT NULL,
        CREATE_USERID VARCHAR2(192),
        CREATE_TIME DATE,
        LAST_UPDATE_USERID VARCHAR2(192),
        LAST_UPDATE_TIME DATE,
        DELETE_USERID VARCHAR2(192),
        DELETE_TIME DATE,
        PRIMARY KEY (ID)
    );
COMMENT ON TABLE CW_ATT_SCHEDULE_TIME_INTERVAL
IS
    '作息时段表';
COMMENT ON COLUMN CW_ATT_SCHEDULE_TIME_INTERVAL.ID
IS
    '作息时段ID';
COMMENT ON COLUMN CW_ATT_SCHEDULE_TIME_INTERVAL.DAILY_SCHEDULE_ID
IS
    '作息时间ID';
COMMENT ON COLUMN CW_ATT_SCHEDULE_TIME_INTERVAL.TIME_INTERVAL_NUMBER
IS
    '时段数';
COMMENT ON COLUMN CW_ATT_SCHEDULE_TIME_INTERVAL.WORK_START_TIME
IS
    '上班时间';
COMMENT ON COLUMN CW_ATT_SCHEDULE_TIME_INTERVAL.WORK_ALLOW_AHEAD_TIME
IS
    '上班允许提前时间';
COMMENT ON COLUMN CW_ATT_SCHEDULE_TIME_INTERVAL.WORK_ALLOW_LATE_TIME
IS
    '上班允许迟到时间';
COMMENT ON COLUMN CW_ATT_SCHEDULE_TIME_INTERVAL.WORK_ALLOW_LATE_MAX_TIME
IS
    '上班允许最多迟到时间';
COMMENT ON COLUMN CW_ATT_SCHEDULE_TIME_INTERVAL.WORKOFF_START_TIME
IS
    '下班时间';
COMMENT ON COLUMN CW_ATT_SCHEDULE_TIME_INTERVAL.WORKOFF_ALLOW_AHEAD_TIME
IS
    '下班允许提前';
COMMENT ON COLUMN CW_ATT_SCHEDULE_TIME_INTERVAL.WORKOFF_ALLOW_AHEAD_MAX_TIME
IS
    '下班最多提前时间';
COMMENT ON COLUMN CW_ATT_SCHEDULE_TIME_INTERVAL.WORKOFF_ALLOW_DELAY_MAX_TIME
IS
    '下班最多推迟时间';
COMMENT ON COLUMN CW_ATT_SCHEDULE_TIME_INTERVAL.IS_NEXT_DAY
IS
    '是否跨日';
COMMENT ON COLUMN CW_ATT_SCHEDULE_TIME_INTERVAL.IS_OVER_TIME
IS
    '是否加班';
COMMENT ON COLUMN CW_ATT_SCHEDULE_TIME_INTERVAL.CREATE_USERID
IS
    '创建的用户ID';
COMMENT ON COLUMN CW_ATT_SCHEDULE_TIME_INTERVAL.CREATE_TIME
IS
    '创建的时间';
COMMENT ON COLUMN CW_ATT_SCHEDULE_TIME_INTERVAL.LAST_UPDATE_USERID
IS
    '最后更新的用户ID';
COMMENT ON COLUMN CW_ATT_SCHEDULE_TIME_INTERVAL.LAST_UPDATE_TIME
IS
    '最后更新的时间';
COMMENT ON COLUMN CW_ATT_SCHEDULE_TIME_INTERVAL.DELETE_USERID
IS
    '删除的用户ID';
COMMENT ON COLUMN CW_ATT_SCHEDULE_TIME_INTERVAL.DELETE_TIME
IS
    '删除的时间';
CREATE TABLE
    CW_ATT_SCHEDULING
    (
        ID VARCHAR2(192) NOT NULL,
        NAME VARCHAR2(768) NOT NULL,
        START_TIME TIMESTAMP(6),
        END_TIME TIMESTAMP(6),
        STATUS NUMBER(1) NOT NULL,
        IS_AUTO_DEFERMENT NUMBER(10) NOT NULL,
        MANAGE_USERID VARCHAR2(192),
        LAST_EXCUTE_TIME TIMESTAMP(6),
        LAST_EXCUTE_USERID VARCHAR2(192),
        CREATE_USERID VARCHAR2(192),
        CREATE_TIME TIMESTAMP(6),
        LAST_UPDATE_USERID VARCHAR2(192),
        LAST_UPDATE_TIME TIMESTAMP(6),
        DELETE_USERID VARCHAR2(192),
        DELETE_TIME TIMESTAMP(6),
        PRIMARY KEY (ID)
    );
COMMENT ON TABLE CW_ATT_SCHEDULING
IS
    '排班表';
COMMENT ON COLUMN CW_ATT_SCHEDULING.ID
IS
    '排班ID';
COMMENT ON COLUMN CW_ATT_SCHEDULING.NAME
IS
    '班次的名称';
COMMENT ON COLUMN CW_ATT_SCHEDULING.START_TIME
IS
    '开始时间';
COMMENT ON COLUMN CW_ATT_SCHEDULING.END_TIME
IS
    '结束时间';
COMMENT ON COLUMN CW_ATT_SCHEDULING.STATUS
IS
    '1 正常  2停用';
COMMENT ON COLUMN CW_ATT_SCHEDULING.IS_AUTO_DEFERMENT
IS
    '是否自动延期    1是  2.否';
COMMENT ON COLUMN CW_ATT_SCHEDULING.MANAGE_USERID
IS
    '管理或者负责人员';
COMMENT ON COLUMN CW_ATT_SCHEDULING.LAST_EXCUTE_TIME
IS
    '最后执行时间';
COMMENT ON COLUMN CW_ATT_SCHEDULING.LAST_EXCUTE_USERID
IS
    '最后执行人';
COMMENT ON COLUMN CW_ATT_SCHEDULING.CREATE_USERID
IS
    '创建的用户ID';
COMMENT ON COLUMN CW_ATT_SCHEDULING.CREATE_TIME
IS
    '创建的时间';
COMMENT ON COLUMN CW_ATT_SCHEDULING.LAST_UPDATE_USERID
IS
    '最后更新的用户ID';
COMMENT ON COLUMN CW_ATT_SCHEDULING.LAST_UPDATE_TIME
IS
    '最后更新的时间';
COMMENT ON COLUMN CW_ATT_SCHEDULING.DELETE_USERID
IS
    '删除的用户ID';
COMMENT ON COLUMN CW_ATT_SCHEDULING.DELETE_TIME
IS
    '删除的时间';
CREATE TABLE
    CW_ATT_SCHEDULING_DETAILS
    (
        ID VARCHAR2(192) NOT NULL,
        SCHEDULING_ID VARCHAR2(192) NOT NULL,
        SHIFT_ID VARCHAR2(192) NOT NULL,
        USER_ID VARCHAR2(192) NOT NULL,
        EXCUTE_TIME DATE,
        LAST_UPDATE_USERID VARCHAR2(192),
        LAST_UPDATE_TIME DATE,
        TYPE INTEGER,
        PRIMARY KEY (ID)
    );
COMMENT ON TABLE CW_ATT_SCHEDULING_DETAILS
IS
    '排班详情表';
COMMENT ON COLUMN CW_ATT_SCHEDULING_DETAILS.ID
IS
    '主键';
COMMENT ON COLUMN CW_ATT_SCHEDULING_DETAILS.SCHEDULING_ID
IS
    '排班ID';
COMMENT ON COLUMN CW_ATT_SCHEDULING_DETAILS.SHIFT_ID
IS
    '班次ID';
COMMENT ON COLUMN CW_ATT_SCHEDULING_DETAILS.USER_ID
IS
    '用户ID';
COMMENT ON COLUMN CW_ATT_SCHEDULING_DETAILS.EXCUTE_TIME
IS
    '执行时间';
COMMENT ON COLUMN CW_ATT_SCHEDULING_DETAILS.LAST_UPDATE_USERID
IS
    '最后更新的用户ID';
COMMENT ON COLUMN CW_ATT_SCHEDULING_DETAILS.LAST_UPDATE_TIME
IS
    '最后更新的时间';
COMMENT ON COLUMN CW_ATT_SCHEDULING_DETAILS.TYPE
IS
    '类型，1用户，2部门';
CREATE TABLE
    CW_ATT_SCHEDULING_HISTORY
    (
        ID VARCHAR2(192) NOT NULL,
        SCHEDULING_ID VARCHAR2(192) NOT NULL,
        SHIFT_ID VARCHAR2(192) NOT NULL,
        USER_ID VARCHAR2(192) NOT NULL,
        EXCUTE_TIME TIMESTAMP(6),
        LAST_UPDATE_USERID VARCHAR2(192),
        LAST_UPDATE_TIME TIMESTAMP(6),
        PRIMARY KEY (ID)
    );
COMMENT ON TABLE CW_ATT_SCHEDULING_HISTORY
IS
    '排班历史详情表';
COMMENT ON COLUMN CW_ATT_SCHEDULING_HISTORY.ID
IS
    '主键';
COMMENT ON COLUMN CW_ATT_SCHEDULING_HISTORY.SCHEDULING_ID
IS
    '排班ID';
COMMENT ON COLUMN CW_ATT_SCHEDULING_HISTORY.SHIFT_ID
IS
    '班次ID';
COMMENT ON COLUMN CW_ATT_SCHEDULING_HISTORY.USER_ID
IS
    '用户ID';
COMMENT ON COLUMN CW_ATT_SCHEDULING_HISTORY.EXCUTE_TIME
IS
    '执行时间';
COMMENT ON COLUMN CW_ATT_SCHEDULING_HISTORY.LAST_UPDATE_USERID
IS
    '最后更新的用户ID';
COMMENT ON COLUMN CW_ATT_SCHEDULING_HISTORY.LAST_UPDATE_TIME
IS
    '最后更新的时间';
CREATE TABLE
    CW_ATT_SCHEDULING_RESULT
    (
        ID VARCHAR2(192) NOT NULL,
        USER_ID VARCHAR2(192) NOT NULL,
        SCHEDULED_DAY INTEGER NOT NULL,
        SCHEDULING_ID VARCHAR2(192),
        SHIFT_ID VARCHAR2(192),
        DAILY_SCHEDULE_ID VARCHAR2(192) NOT NULL,
        TYPE INTEGER,
        PRIMARY KEY (ID)
    );
COMMENT ON TABLE CW_ATT_SCHEDULING_RESULT
IS
    '排班执行结果表';
COMMENT ON COLUMN CW_ATT_SCHEDULING_RESULT.ID
IS
    '主键';
COMMENT ON COLUMN CW_ATT_SCHEDULING_RESULT.USER_ID
IS
    '用户ID';
COMMENT ON COLUMN CW_ATT_SCHEDULING_RESULT.SCHEDULED_DAY
IS
    '用户考勤日期';
COMMENT ON COLUMN CW_ATT_SCHEDULING_RESULT.SCHEDULING_ID
IS
    '排班ID';
COMMENT ON COLUMN CW_ATT_SCHEDULING_RESULT.SHIFT_ID
IS
    '班次ID';
COMMENT ON COLUMN CW_ATT_SCHEDULING_RESULT.DAILY_SCHEDULE_ID
IS
    '作息时间ID';
COMMENT ON COLUMN CW_ATT_SCHEDULING_RESULT.TYPE
IS
    '类型，1用户，2部门';
CREATE TABLE
    CW_ATT_SCHEDULING_RESULT_HIS
    (
        ID VARCHAR2(192) NOT NULL,
        USER_ID VARCHAR2(192) NOT NULL,
        SCHEDULED_DAY INTEGER NOT NULL,
        SCHEDULING_ID VARCHAR2(192) NOT NULL,
        SHIFT_ID VARCHAR2(192) NOT NULL,
        DAILY_SCHEDULE_ID VARCHAR2(192) NOT NULL,
        TYPE INTEGER,
        PRIMARY KEY (ID)
    );
COMMENT ON TABLE CW_ATT_SCHEDULING_RESULT_HIS
IS
    '排班执行结果表';
COMMENT ON COLUMN CW_ATT_SCHEDULING_RESULT_HIS.ID
IS
    '主键';
COMMENT ON COLUMN CW_ATT_SCHEDULING_RESULT_HIS.USER_ID
IS
    '用户ID';
COMMENT ON COLUMN CW_ATT_SCHEDULING_RESULT_HIS.SCHEDULED_DAY
IS
    '用户考勤日期';
COMMENT ON COLUMN CW_ATT_SCHEDULING_RESULT_HIS.SCHEDULING_ID
IS
    '排班ID';
COMMENT ON COLUMN CW_ATT_SCHEDULING_RESULT_HIS.SHIFT_ID
IS
    '班次ID';
COMMENT ON COLUMN CW_ATT_SCHEDULING_RESULT_HIS.DAILY_SCHEDULE_ID
IS
    '作息时间ID';
COMMENT ON COLUMN CW_ATT_SCHEDULING_RESULT_HIS.TYPE
IS
    '类型，1用户，2部门';
CREATE TABLE
    CW_ATT_SCHEDULING_SHIFT
    (
        ID VARCHAR2(192) NOT NULL,
        SCHEDULING_ID VARCHAR2(192) NOT NULL,
        SHIFT_ID VARCHAR2(192) NOT NULL,
        CREATE_USERID VARCHAR2(192),
        CREATE_TIME TIMESTAMP(6),
        LAST_UPDATE_USERID VARCHAR2(192),
        LAST_UPDATE_TIME TIMESTAMP(6),
        PRIMARY KEY (ID)
    );
COMMENT ON TABLE CW_ATT_SCHEDULING_SHIFT
IS
    '排班班次表';
COMMENT ON COLUMN CW_ATT_SCHEDULING_SHIFT.ID
IS
    '排班排次ID';
COMMENT ON COLUMN CW_ATT_SCHEDULING_SHIFT.SCHEDULING_ID
IS
    '排班ID';
COMMENT ON COLUMN CW_ATT_SCHEDULING_SHIFT.SHIFT_ID
IS
    '班次ID';
COMMENT ON COLUMN CW_ATT_SCHEDULING_SHIFT.CREATE_USERID
IS
    '创建的用户ID';
COMMENT ON COLUMN CW_ATT_SCHEDULING_SHIFT.CREATE_TIME
IS
    '创建的时间';
COMMENT ON COLUMN CW_ATT_SCHEDULING_SHIFT.LAST_UPDATE_USERID
IS
    '最后更新的用户ID';
COMMENT ON COLUMN CW_ATT_SCHEDULING_SHIFT.LAST_UPDATE_TIME
IS
    '最后更新的时间';
CREATE TABLE
    CW_ATT_USER_ATTEN_RULE
    (
        RULE_ID VARCHAR2(50) NOT NULL,
        RULE_NAME VARCHAR2(50),
        RULE_TYPE VARCHAR2(5),
        WORK_CYCLE VARCHAR2(50),
        START_TIME VARCHAR2(50),
        END_TIME VARCHAR2(50),
        BEFORE_MINUTES INTEGER,
        AFTER_MINUTES INTEGER,
        ABSENT_MINUTES INTEGER,
        END_ABSENT_MINUTES INTEGER,
        TIME_LENGTH VARCHAR2(50),
        CLOSE_TIME VARCHAR2(50),
        SS_CLOCK_TIME VARCHAR2(50),
        SE_CLOCK_TIME VARCHAR2(50),
        ES_CLOCK_TIME VARCHAR2(50),
        EE_CLOCK_TIME VARCHAR2(50),
        EXCLUDE_DATE VARCHAR2(500),
        INCLUDE_DATE VARCHAR2(500),
        ADDRESS_ID VARCHAR2(50),
        PREC NUMBER(11,2),
        STATUS VARCHAR2(5),
        CREATE_USERID VARCHAR2(64),
        CREATE_TIME TIMESTAMP(6),
        LAST_UPDATE_USERID VARCHAR2(64),
        LAST_UPDATE_TIME TIMESTAMP(6),
        DELETE_USERID VARCHAR2(64),
        DELETE_TIME TIMESTAMP(6),
        PRIMARY KEY (RULE_ID)
    );
COMMENT ON TABLE CW_ATT_USER_ATTEN_RULE
IS
    '考勤规则表';
COMMENT ON COLUMN CW_ATT_USER_ATTEN_RULE.RULE_ID
IS
    '规则ID';
COMMENT ON COLUMN CW_ATT_USER_ATTEN_RULE.RULE_NAME
IS
    '规则名称';
COMMENT ON COLUMN CW_ATT_USER_ATTEN_RULE.RULE_TYPE
IS
    '规则类型 1 标准 2 弹性';
COMMENT ON COLUMN CW_ATT_USER_ATTEN_RULE.WORK_CYCLE
IS
    '工作日';
COMMENT ON COLUMN CW_ATT_USER_ATTEN_RULE.START_TIME
IS
    '上班时间';
COMMENT ON COLUMN CW_ATT_USER_ATTEN_RULE.END_TIME
IS
    '下班时间';
COMMENT ON COLUMN CW_ATT_USER_ATTEN_RULE.BEFORE_MINUTES
IS
    '可提前（分）';
COMMENT ON COLUMN CW_ATT_USER_ATTEN_RULE.AFTER_MINUTES
IS
    '可延后（分）';
COMMENT ON COLUMN CW_ATT_USER_ATTEN_RULE.ABSENT_MINUTES
IS
    '旷工超时时间';
COMMENT ON COLUMN CW_ATT_USER_ATTEN_RULE.END_ABSENT_MINUTES
IS
    '下班旷工提前时间';
COMMENT ON COLUMN CW_ATT_USER_ATTEN_RULE.TIME_LENGTH
IS
    '时长（弹性工作时候用）';
COMMENT ON COLUMN CW_ATT_USER_ATTEN_RULE.CLOSE_TIME
IS
    '考勤截止时间';
COMMENT ON COLUMN CW_ATT_USER_ATTEN_RULE.SS_CLOCK_TIME
IS
    '上班可刷脸开始时间';
COMMENT ON COLUMN CW_ATT_USER_ATTEN_RULE.SE_CLOCK_TIME
IS
    '上班可刷脸结束时间';
COMMENT ON COLUMN CW_ATT_USER_ATTEN_RULE.ES_CLOCK_TIME
IS
    '下班可刷脸开始时间';
COMMENT ON COLUMN CW_ATT_USER_ATTEN_RULE.EE_CLOCK_TIME
IS
    '下班可刷脸结束时间';
COMMENT ON COLUMN CW_ATT_USER_ATTEN_RULE.EXCLUDE_DATE
IS
    '排除日期';
COMMENT ON COLUMN CW_ATT_USER_ATTEN_RULE.INCLUDE_DATE
IS
    '包含时间（调休，排班）';
COMMENT ON COLUMN CW_ATT_USER_ATTEN_RULE.ADDRESS_ID
IS
    '考勤地址(关联考勤地址)';
COMMENT ON COLUMN CW_ATT_USER_ATTEN_RULE.PREC
IS
    '误差范围（米）';
COMMENT ON COLUMN CW_ATT_USER_ATTEN_RULE.STATUS
IS
    '考勤规则状态1有效,0无效';
COMMENT ON COLUMN CW_ATT_USER_ATTEN_RULE.CREATE_USERID
IS
    '创建用户ID';
COMMENT ON COLUMN CW_ATT_USER_ATTEN_RULE.CREATE_TIME
IS
    '创建时间';
COMMENT ON COLUMN CW_ATT_USER_ATTEN_RULE.LAST_UPDATE_USERID
IS
    '最后更新的用户ID';
COMMENT ON COLUMN CW_ATT_USER_ATTEN_RULE.LAST_UPDATE_TIME
IS
    '最后的更新的时间';
COMMENT ON COLUMN CW_ATT_USER_ATTEN_RULE.DELETE_USERID
IS
    '删除的用户ID';
COMMENT ON COLUMN CW_ATT_USER_ATTEN_RULE.DELETE_TIME
IS
    '删除的时间';
CREATE TABLE
    CW_ATT_USER_RESULT
    (
        RESULT_ID VARCHAR2(192) NOT NULL,
        USER_ID VARCHAR2(192) NOT NULL,
        SIGN_DATE TIMESTAMP(6),
        SIGN_DAY INTEGER,
        SIGNIN_STATE VARCHAR2(192) NOT NULL,
        SIGNOUT_STATE VARCHAR2(192) NOT NULL,
        SIGNIN_TIME TIMESTAMP(6),
        SIGNOUT_TIME TIMESTAMP(6),
        SIGNIN_ADDRESS VARCHAR2(192),
        SIGNOUT_ADDRESS VARCHAR2(192),
        SIGNIN_DEVICETYPE VARCHAR2(192),
        SIGNOUT_DEVICETYPE VARCHAR2(192),
        SIGNIN_DEVICE_ID VARCHAR2(192),
        SIGNOUT_DEVICE_ID VARCHAR2(192),
        SIGNIN_RECORD_ID VARCHAR2(768),
        SIGNOUT_RECORD_ID VARCHAR2(768),
        SIGNIN_IMG_PATH VARCHAR2(768),
        SIGNOUT_IMG_PATH VARCHAR2(768),
        IS_REVISE INTEGER,
        REVISE_REMARK VARCHAR2(3000),
        REMARK VARCHAR2(3000),
        CREATE_TIME TIMESTAMP(6),
        FAIL_TIME NUMBER(8,2),
        PRIMARY KEY (RESULT_ID)
    );
COMMENT ON TABLE CW_ATT_USER_RESULT
IS
    '考勤结果表（根据考勤记录及考勤规则生成）';
COMMENT ON COLUMN CW_ATT_USER_RESULT.RESULT_ID
IS
    '结果ID';
COMMENT ON COLUMN CW_ATT_USER_RESULT.USER_ID
IS
    'USERID';
COMMENT ON COLUMN CW_ATT_USER_RESULT.SIGN_DATE
IS
    '考勤日期';
COMMENT ON COLUMN CW_ATT_USER_RESULT.SIGN_DAY
IS
    '考勤日期yyyyMMdd';
COMMENT ON COLUMN CW_ATT_USER_RESULT.SIGNIN_STATE
IS
    '上班状态 1 正常，3 迟到，0 未签到';
COMMENT ON COLUMN CW_ATT_USER_RESULT.SIGNOUT_STATE
IS
    '下班状态 1 正常，4 早退，0 未签到';
COMMENT ON COLUMN CW_ATT_USER_RESULT.SIGNIN_TIME
IS
    '签到时间';
COMMENT ON COLUMN CW_ATT_USER_RESULT.SIGNOUT_TIME
IS
    '签退时间';
COMMENT ON COLUMN CW_ATT_USER_RESULT.SIGNIN_ADDRESS
IS
    '签到地址';
COMMENT ON COLUMN CW_ATT_USER_RESULT.SIGNOUT_ADDRESS
IS
    '签退地址';
COMMENT ON COLUMN CW_ATT_USER_RESULT.SIGNIN_DEVICETYPE
IS
    '签到设备类型 1：迎宾机 2：门禁机';
COMMENT ON COLUMN CW_ATT_USER_RESULT.SIGNOUT_DEVICETYPE
IS
    '签退设备类型 1：迎宾机 2：门禁机';
COMMENT ON COLUMN CW_ATT_USER_RESULT.SIGNIN_DEVICE_ID
IS
    '签到设备编号';
COMMENT ON COLUMN CW_ATT_USER_RESULT.SIGNOUT_DEVICE_ID
IS
    '签退设备编号';
COMMENT ON COLUMN CW_ATT_USER_RESULT.SIGNIN_RECORD_ID
IS
    '签到对应记录ID';
COMMENT ON COLUMN CW_ATT_USER_RESULT.SIGNOUT_RECORD_ID
IS
    '签退刷脸对应（ID）';
COMMENT ON COLUMN CW_ATT_USER_RESULT.SIGNIN_IMG_PATH
IS
    '签到考勤记录图片（人脸图片存储路径）';
COMMENT ON COLUMN CW_ATT_USER_RESULT.SIGNOUT_IMG_PATH
IS
    '签退考勤记录图片（人脸图片存储路径）';
COMMENT ON COLUMN CW_ATT_USER_RESULT.IS_REVISE
IS
    '是否修正 0 没有，1 有';
COMMENT ON COLUMN CW_ATT_USER_RESULT.REVISE_REMARK
IS
    '修正说明';
COMMENT ON COLUMN CW_ATT_USER_RESULT.REMARK
IS
    '说明，如果异常情况';
COMMENT ON COLUMN CW_ATT_USER_RESULT.FAIL_TIME
IS
    '旷工时间';
CREATE UNIQUE INDEX
    ATT_USER_UNIQUE_SIGN
ON
    CW_ATT_USER_RESULT
    (
        USER_ID,
        SIGN_DATE
    );
CREATE TABLE
    CW_ATT_WORKING_SHIFT
    (
        ID VARCHAR2(192) NOT NULL,
        NAME VARCHAR2(768) NOT NULL,
        SHIFT_TYPE INTEGER,
        EXCLUSIVE_TYPE INTEGER DEFAULT 1 ,
        EXCLUSIVE_SHIFT CLOB,
        DAY_OFF CLOB,
        MANAGE_USERID VARCHAR2(192),
        CREATE_USERID VARCHAR2(192),
        CREATE_TIME DATE,
        LAST_UPDATE_USERID VARCHAR2(192),
        LAST_UPDATE_TIME DATE,
        DELETE_USERID VARCHAR2(192),
        DELETE_TIME DATE,
        PRIMARY KEY (ID)
    );
COMMENT ON TABLE CW_ATT_WORKING_SHIFT
IS
    '班次设置表';
COMMENT ON COLUMN CW_ATT_WORKING_SHIFT.ID
IS
    '班次ID';
COMMENT ON COLUMN CW_ATT_WORKING_SHIFT.NAME
IS
    '班次的名称';
COMMENT ON COLUMN CW_ATT_WORKING_SHIFT.SHIFT_TYPE
IS
    '班次类型  1.标准工作制 2.周期排班';
COMMENT ON COLUMN CW_ATT_WORKING_SHIFT.EXCLUSIVE_TYPE
IS
    '1.全部排他 2.不排他 3 部分排他';
COMMENT ON COLUMN CW_ATT_WORKING_SHIFT.EXCLUSIVE_SHIFT
IS
    '排他班次';
COMMENT ON COLUMN CW_ATT_WORKING_SHIFT.DAY_OFF
IS
    '休息日 用逗号隔开  比如星期六，星期日 或者5,6,12,13';
COMMENT ON COLUMN CW_ATT_WORKING_SHIFT.MANAGE_USERID
IS
    '管理或者负责人员';
COMMENT ON COLUMN CW_ATT_WORKING_SHIFT.CREATE_USERID
IS
    '创建的用户ID';
COMMENT ON COLUMN CW_ATT_WORKING_SHIFT.CREATE_TIME
IS
    '创建的时间';
COMMENT ON COLUMN CW_ATT_WORKING_SHIFT.LAST_UPDATE_USERID
IS
    '最后更新的用户ID';
COMMENT ON COLUMN CW_ATT_WORKING_SHIFT.LAST_UPDATE_TIME
IS
    '最后更新的时间';
COMMENT ON COLUMN CW_ATT_WORKING_SHIFT.DELETE_USERID
IS
    '删除的用户ID';
COMMENT ON COLUMN CW_ATT_WORKING_SHIFT.DELETE_TIME
IS
    '删除的时间';
CREATE TABLE
    CW_ATT_WORKING_SHIFT_SCHEDULE
    (
        ID VARCHAR2(192) NOT NULL,
        DAY_NUMBER INTEGER DEFAULT 1 NOT NULL,
        SHIFT_ID VARCHAR2(192) NOT NULL,
        SCHEDULE_ID VARCHAR2(192) NOT NULL,
        CREATE_USERID VARCHAR2(192),
        CREATE_TIME DATE,
        LAST_UPDATE_USERID VARCHAR2(192),
        LAST_UPDATE_TIME DATE,
        PRIMARY KEY (ID)
    );
COMMENT ON TABLE CW_ATT_WORKING_SHIFT_SCHEDULE
IS
    '班次作息表';
COMMENT ON COLUMN CW_ATT_WORKING_SHIFT_SCHEDULE.ID
IS
    '班次作息ID';
COMMENT ON COLUMN CW_ATT_WORKING_SHIFT_SCHEDULE.DAY_NUMBER
IS
    '班次作息 ';
COMMENT ON COLUMN CW_ATT_WORKING_SHIFT_SCHEDULE.SHIFT_ID
IS
    '班次ID';
COMMENT ON COLUMN CW_ATT_WORKING_SHIFT_SCHEDULE.SCHEDULE_ID
IS
    '作息时间ID';
COMMENT ON COLUMN CW_ATT_WORKING_SHIFT_SCHEDULE.CREATE_USERID
IS
    '创建的用户ID';
COMMENT ON COLUMN CW_ATT_WORKING_SHIFT_SCHEDULE.CREATE_TIME
IS
    '创建的时间';
COMMENT ON COLUMN CW_ATT_WORKING_SHIFT_SCHEDULE.LAST_UPDATE_USERID
IS
    '最后更新的用户ID';
COMMENT ON COLUMN CW_ATT_WORKING_SHIFT_SCHEDULE.LAST_UPDATE_TIME
IS
    '后更新的时间';
CREATE TABLE
    CW_DEV_ACC_CARD
    (
        ID VARCHAR2(192) NOT NULL,
        CARD_CODE VARCHAR2(192) NOT NULL,
        MEMORANDUM_CODE VARCHAR2(192),
        BUILDING_CODE VARCHAR2(192),
        HOUSE_CODE VARCHAR2(192),
        STATUS INTEGER,
        SYNC_STATUS INTEGER,
        RESPONSE_MSG VARCHAR2(768),
        IMAGE VARCHAR2(768),
        USER_ID VARCHAR2(192),
        CREATE_USERID VARCHAR2(192),
        CREATE_TIME DATE,
        PRIMARY KEY (ID)
    );
COMMENT ON TABLE CW_DEV_ACC_CARD
IS
    '门禁卡表';
COMMENT ON COLUMN CW_DEV_ACC_CARD.ID
IS
    '门禁卡ID';
COMMENT ON COLUMN CW_DEV_ACC_CARD.CARD_CODE
IS
    '门禁卡编码';
COMMENT ON COLUMN CW_DEV_ACC_CARD.MEMORANDUM_CODE
IS
    '备忘号';
COMMENT ON COLUMN CW_DEV_ACC_CARD.BUILDING_CODE
IS
    '所属楼宇';
COMMENT ON COLUMN CW_DEV_ACC_CARD.HOUSE_CODE
IS
    '房间号';
COMMENT ON COLUMN CW_DEV_ACC_CARD.STATUS
IS
    '门禁卡状态 1有效 0 无效';
COMMENT ON COLUMN CW_DEV_ACC_CARD.SYNC_STATUS
IS
    '门禁卡同步状态(0未开始同步 1同步中  2同步成功  3同步失败)';
COMMENT ON COLUMN CW_DEV_ACC_CARD.RESPONSE_MSG
IS
    '门禁卡同步消息';
COMMENT ON COLUMN CW_DEV_ACC_CARD.IMAGE
IS
    '持有人图片路径';
COMMENT ON COLUMN CW_DEV_ACC_CARD.USER_ID
IS
    '门禁卡所属用户';
COMMENT ON COLUMN CW_DEV_ACC_CARD.CREATE_USERID
IS
    '创建用户ID';
COMMENT ON COLUMN CW_DEV_ACC_CARD.CREATE_TIME
IS
    '创建时间';
CREATE INDEX
    DEV_ACC_CARD_CODE
ON
    CW_DEV_ACC_CARD
    (
        CARD_CODE
    );
CREATE INDEX
    DEV_ACC_CARD_HOUSE_CODE
ON
    CW_DEV_ACC_CARD
    (
        HOUSE_CODE
    );
CREATE INDEX
    DEV_ACC_CARD_BUILDING_CODE
ON
    CW_DEV_ACC_CARD
    (
        BUILDING_CODE
    );
CREATE TABLE
    CW_DEV_ACC_CARD_RECORD
    (
        ID VARCHAR2(192) NOT NULL,
        CARD_ID VARCHAR2(192),
        USER_ID VARCHAR2(192),
        SIGN_TIME TIMESTAMP(6),
        SIGN_ADDRESS VARCHAR2(3000),
        DEVICE_ID VARCHAR2(192),
        DEVICE_TYPE INTEGER DEFAULT 2,
        PATH VARCHAR2(768),
        CREATE_TIME TIMESTAMP(6),
        REMARK VARCHAR2(768),
        VALID_STATE VARCHAR2(5) DEFAULT '0',
        INTERVAL_ID VARCHAR2(192),
        RESULT_STATE VARCHAR2(5) DEFAULT '1',
        PRIMARY KEY (ID)
    );
COMMENT ON TABLE CW_DEV_ACC_CARD_RECORD
IS
    '刷门禁卡记录';
COMMENT ON COLUMN CW_DEV_ACC_CARD_RECORD.ID
IS
    '主键';
COMMENT ON COLUMN CW_DEV_ACC_CARD_RECORD.CARD_ID
IS
    '门禁卡ID';
COMMENT ON COLUMN CW_DEV_ACC_CARD_RECORD.USER_ID
IS
    '用户ID';
COMMENT ON COLUMN CW_DEV_ACC_CARD_RECORD.SIGN_TIME
IS
    '刷卡时间';
COMMENT ON COLUMN CW_DEV_ACC_CARD_RECORD.SIGN_ADDRESS
IS
    '刷卡位置';
COMMENT ON COLUMN CW_DEV_ACC_CARD_RECORD.DEVICE_ID
IS
    '门禁机设备编号';
COMMENT ON COLUMN CW_DEV_ACC_CARD_RECORD.DEVICE_TYPE
IS
    '识别记录设备类型 1：迎宾机 2：门禁机';
COMMENT ON COLUMN CW_DEV_ACC_CARD_RECORD.PATH
IS
    '图片路径';
COMMENT ON COLUMN CW_DEV_ACC_CARD_RECORD.CREATE_TIME
IS
    '创建时间';
COMMENT ON COLUMN CW_DEV_ACC_CARD_RECORD.REMARK
IS
    '备注';
COMMENT ON COLUMN CW_DEV_ACC_CARD_RECORD.VALID_STATE
IS
    '考勤记录是否有效状态 0代表无效, 1代表有效';
COMMENT ON COLUMN CW_DEV_ACC_CARD_RECORD.INTERVAL_ID
IS
    '考勤记录所属作息时间ID';
COMMENT ON COLUMN CW_DEV_ACC_CARD_RECORD.RESULT_STATE
IS
    '考勤记录操作状态 0代表漏识, 1代表正确';
CREATE TABLE
    CW_DEV_APP_DEVICE
    (
        ID VARCHAR2(192) NOT NULL,
        SIGN VARCHAR2(192),
        NAME VARCHAR2(192) NOT NULL,
        CODE VARCHAR2(192),
        USER_ID VARCHAR2(192),
        LOGIN_NAME VARCHAR2(192),
        ORG_CODE VARCHAR2(192),
        TYPE INTEGER,
        IP VARCHAR2(96),
        PORT VARCHAR2(96),
        STATUS INTEGER,
        CREATE_USERID VARCHAR2(192),
        CREATE_TIME DATE,
        LAST_UPDATE_USERID VARCHAR2(192),
        LAST_UPDATE_TIME DATE,
        DELETE_USERID VARCHAR2(192),
        DELETE_TIME DATE,
        PRIMARY KEY (ID)
    );
COMMENT ON TABLE CW_DEV_APP_DEVICE
IS
    '设备终端表';
COMMENT ON COLUMN CW_DEV_APP_DEVICE.ID
IS
    'ID';
COMMENT ON COLUMN CW_DEV_APP_DEVICE.SIGN
IS
    'JSESSIONID';
COMMENT ON COLUMN CW_DEV_APP_DEVICE.NAME
IS
    '设备名称';
COMMENT ON COLUMN CW_DEV_APP_DEVICE.CODE
IS
    '设备机器码， 终端设备生成的唯一性编码';
COMMENT ON COLUMN CW_DEV_APP_DEVICE.USER_ID
IS
    '登录用户ID';
COMMENT ON COLUMN CW_DEV_APP_DEVICE.LOGIN_NAME
IS
    '登录用户名';
COMMENT ON COLUMN CW_DEV_APP_DEVICE.ORG_CODE
IS
    '机构代码';
COMMENT ON COLUMN CW_DEV_APP_DEVICE.TYPE
IS
    '设备类型';
COMMENT ON COLUMN CW_DEV_APP_DEVICE.IP
IS
    '设备IP';
COMMENT ON COLUMN CW_DEV_APP_DEVICE.PORT
IS
    '端口';
COMMENT ON COLUMN CW_DEV_APP_DEVICE.STATUS
IS
    '设备状态 0,无效  1.正常';
COMMENT ON COLUMN CW_DEV_APP_DEVICE.CREATE_USERID
IS
    '创建用户ID';
COMMENT ON COLUMN CW_DEV_APP_DEVICE.CREATE_TIME
IS
    '创建时间';
COMMENT ON COLUMN CW_DEV_APP_DEVICE.LAST_UPDATE_USERID
IS
    '最后更新的用户ID';
COMMENT ON COLUMN CW_DEV_APP_DEVICE.LAST_UPDATE_TIME
IS
    '最后更新的时间';
COMMENT ON COLUMN CW_DEV_APP_DEVICE.DELETE_USERID
IS
    '删除的用户ID';
COMMENT ON COLUMN CW_DEV_APP_DEVICE.DELETE_TIME
IS
    '删除时间';
CREATE TABLE
    CW_DEV_CAMERA
    (
        ID VARCHAR2(192) NOT NULL,
        NAME VARCHAR2(192),
        CODE VARCHAR2(192) NOT NULL,
        POSITION_ID VARCHAR2(192),
        POSITION VARCHAR2(192),
        ORG_CODE VARCHAR2(192),
        TYPE INTEGER,
        DIRECTION_TYPE INTEGER,
        IP VARCHAR2(96),
        PORT VARCHAR2(96),
        STATUS INTEGER,
        CREATE_USERID VARCHAR2(192),
        CREATE_TIME DATE,
        LAST_UPDATE_USERID VARCHAR2(192),
        LAST_UPDATE_TIME DATE,
        DELETE_USERID VARCHAR2(192),
        DELETE_TIME DATE,
        REMARK VARCHAR2(256),
        VERSION VARCHAR2(32),
        PRIMARY KEY (ID)
    );
COMMENT ON TABLE CW_DEV_CAMERA
IS
    '相机终端表';
COMMENT ON COLUMN CW_DEV_CAMERA.ID
IS
    '相机ID';
COMMENT ON COLUMN CW_DEV_CAMERA.NAME
IS
    '相机名称';
COMMENT ON COLUMN CW_DEV_CAMERA.CODE
IS
    '相机机器码， 终端相机生成的唯一性编码';
COMMENT ON COLUMN CW_DEV_CAMERA.POSITION_ID
IS
    '相机位置分组ID';
COMMENT ON COLUMN CW_DEV_CAMERA.POSITION
IS
    '相机位置';
COMMENT ON COLUMN CW_DEV_CAMERA.ORG_CODE
IS
    '机构代码';
COMMENT ON COLUMN CW_DEV_CAMERA.TYPE
IS
    '相机类型　1.迎宾终端  2.门禁终端';
COMMENT ON COLUMN CW_DEV_CAMERA.DIRECTION_TYPE
IS
    '相机方向 1 进  2出';
COMMENT ON COLUMN CW_DEV_CAMERA.IP
IS
    '相机IP';
COMMENT ON COLUMN CW_DEV_CAMERA.PORT
IS
    '端口';
COMMENT ON COLUMN CW_DEV_CAMERA.STATUS
IS
    '相机状态 0,无效  1.正常';
COMMENT ON COLUMN CW_DEV_CAMERA.CREATE_USERID
IS
    '创建用户ID';
COMMENT ON COLUMN CW_DEV_CAMERA.CREATE_TIME
IS
    '创建时间';
COMMENT ON COLUMN CW_DEV_CAMERA.LAST_UPDATE_USERID
IS
    '最后更新的用户ID';
COMMENT ON COLUMN CW_DEV_CAMERA.LAST_UPDATE_TIME
IS
    '最后更新的时间';
COMMENT ON COLUMN CW_DEV_CAMERA.DELETE_USERID
IS
    '删除的用户ID';
COMMENT ON COLUMN CW_DEV_CAMERA.DELETE_TIME
IS
    '删除时间';
COMMENT ON COLUMN CW_DEV_CAMERA.REMARK
IS
    '描述';
CREATE TABLE
    CW_DEV_CAMERA_FACEDB
    (
        CAMERA_ID VARCHAR2(64) NOT NULL,
        FACEDB_ID VARCHAR2(64) NOT NULL,
        PRIMARY KEY (CAMERA_ID, FACEDB_ID)
    );
CREATE TABLE
    CW_DEV_DEVICE
    (
        ID VARCHAR2(192) NOT NULL,
        NAME VARCHAR2(192),
        CODE VARCHAR2(192),
        POSITION_ID VARCHAR2(192),
        POSITION VARCHAR2(192),
        ORG_CODE VARCHAR2(192),
        TYPE INTEGER,
        DIRECTION_TYPE INTEGER,
        IP VARCHAR2(96),
        PORT VARCHAR2(96),
        STATUS INTEGER,
        CREATE_USERID VARCHAR2(192),
        CREATE_TIME DATE,
        LAST_UPDATE_USERID VARCHAR2(192),
        LAST_UPDATE_TIME DATE,
        DELETE_USERID VARCHAR2(192),
        DELETE_TIME DATE,
        URL VARCHAR2(32),
        REMARK VARCHAR2(256),
        THRESHOLD NUMBER(8,4),
        ASSOCIATE_DEV_ID VARCHAR2(64),
        GROUP_ID VARCHAR2(32),
        SUB_TYPE VARCHAR2(32),
        REGISTER_USER_COUNT NUMBER(11),
        VERSION VARCHAR2(32),
        PRIMARY KEY (ID)
    );
COMMENT ON TABLE CW_DEV_DEVICE
IS
    '设备终端表';
COMMENT ON COLUMN CW_DEV_DEVICE.ID
IS
    '设备ID';
COMMENT ON COLUMN CW_DEV_DEVICE.NAME
IS
    '设备名称';
COMMENT ON COLUMN CW_DEV_DEVICE.CODE
IS
    '设备机器码， 终端设备生成的唯一性编码';
COMMENT ON COLUMN CW_DEV_DEVICE.POSITION_ID
IS
    '设备位置分组ID';
COMMENT ON COLUMN CW_DEV_DEVICE.POSITION
IS
    '设备位置';
COMMENT ON COLUMN CW_DEV_DEVICE.ORG_CODE
IS
    '机构代码';
COMMENT ON COLUMN CW_DEV_DEVICE.TYPE
IS
    '设备类型　1.迎宾终端  2.门禁终端';
COMMENT ON COLUMN CW_DEV_DEVICE.DIRECTION_TYPE
IS
    '设备方向 1 进  2出';
COMMENT ON COLUMN CW_DEV_DEVICE.IP
IS
    '设备IP';
COMMENT ON COLUMN CW_DEV_DEVICE.PORT
IS
    '端口';
COMMENT ON COLUMN CW_DEV_DEVICE.STATUS
IS
    '设备状态 0,无效  1.正常';
COMMENT ON COLUMN CW_DEV_DEVICE.CREATE_USERID
IS
    '创建用户ID';
COMMENT ON COLUMN CW_DEV_DEVICE.CREATE_TIME
IS
    '创建时间';
COMMENT ON COLUMN CW_DEV_DEVICE.LAST_UPDATE_USERID
IS
    '最后更新的用户ID';
COMMENT ON COLUMN CW_DEV_DEVICE.LAST_UPDATE_TIME
IS
    '最后更新的时间';
COMMENT ON COLUMN CW_DEV_DEVICE.DELETE_USERID
IS
    '删除的用户ID';
COMMENT ON COLUMN CW_DEV_DEVICE.DELETE_TIME
IS
    '删除时间';
COMMENT ON COLUMN CW_DEV_DEVICE.URL
IS
    'URL';
COMMENT ON COLUMN CW_DEV_DEVICE.REMARK
IS
    '描述';
COMMENT ON COLUMN CW_DEV_DEVICE.THRESHOLD
IS
    '如果是人脸库，人脸库识别阈值';
COMMENT ON COLUMN CW_DEV_DEVICE.ASSOCIATE_DEV_ID
IS
    '关联设备ID（人脸库关联引擎）';
COMMENT ON COLUMN CW_DEV_DEVICE.GROUP_ID
IS
    '组';
COMMENT ON COLUMN CW_DEV_DEVICE.SUB_TYPE
IS
    '1 员工，2VIP，3漫游  4 主 5 从';
COMMENT ON COLUMN CW_DEV_DEVICE.REGISTER_USER_COUNT
IS
    '注册人员数量';
CREATE INDEX
    CW_DEV_DEVICE_CODE
ON
    CW_DEV_DEVICE
    (
        CODE
    );
CREATE TABLE
    CW_DEV_ENGINE
    (
        ID VARCHAR2(192) NOT NULL,
        NAME VARCHAR2(192) NOT NULL,
        CODE VARCHAR2(192),
        POSITION_ID VARCHAR2(192),
        POSITION VARCHAR2(192),
        ORG_CODE VARCHAR2(192),
        TYPE INTEGER,
        DIRECTION_TYPE INTEGER,
        IP VARCHAR2(96),
        PORT VARCHAR2(96),
        STATUS INTEGER,
        CREATE_USERID VARCHAR2(192),
        CREATE_TIME DATE,
        LAST_UPDATE_USERID VARCHAR2(192),
        LAST_UPDATE_TIME DATE,
        DELETE_USERID VARCHAR2(192),
        DELETE_TIME DATE,
        GROUP_ID VARCHAR2(32),
        URL VARCHAR2(32),
        REMARK VARCHAR2(256),
        SUB_TYPE VARCHAR2(64),
        REGISTER_USER_COUNT VARCHAR2(64),
        PRIMARY KEY (ID)
    );
COMMENT ON TABLE CW_DEV_ENGINE
IS
    '引擎终端表';
COMMENT ON COLUMN CW_DEV_ENGINE.ID
IS
    '引擎ID';
COMMENT ON COLUMN CW_DEV_ENGINE.NAME
IS
    '引擎名称';
COMMENT ON COLUMN CW_DEV_ENGINE.CODE
IS
    '引擎机器码， 终端引擎生成的唯一性编码';
COMMENT ON COLUMN CW_DEV_ENGINE.POSITION_ID
IS
    '引擎位置分组ID';
COMMENT ON COLUMN CW_DEV_ENGINE.POSITION
IS
    '引擎位置';
COMMENT ON COLUMN CW_DEV_ENGINE.ORG_CODE
IS
    '机构代码';
COMMENT ON COLUMN CW_DEV_ENGINE.TYPE
IS
    '引擎类型　1.迎宾终端  2.门禁终端';
COMMENT ON COLUMN CW_DEV_ENGINE.DIRECTION_TYPE
IS
    '引擎方向 1 进  2出';
COMMENT ON COLUMN CW_DEV_ENGINE.IP
IS
    '引擎IP';
COMMENT ON COLUMN CW_DEV_ENGINE.PORT
IS
    '端口';
COMMENT ON COLUMN CW_DEV_ENGINE.STATUS
IS
    '引擎状态 0,无效  1.正常';
COMMENT ON COLUMN CW_DEV_ENGINE.CREATE_USERID
IS
    '创建用户ID';
COMMENT ON COLUMN CW_DEV_ENGINE.CREATE_TIME
IS
    '创建时间';
COMMENT ON COLUMN CW_DEV_ENGINE.LAST_UPDATE_USERID
IS
    '最后更新的用户ID';
COMMENT ON COLUMN CW_DEV_ENGINE.LAST_UPDATE_TIME
IS
    '最后更新的时间';
COMMENT ON COLUMN CW_DEV_ENGINE.DELETE_USERID
IS
    '删除的用户ID';
COMMENT ON COLUMN CW_DEV_ENGINE.DELETE_TIME
IS
    '删除时间';
COMMENT ON COLUMN CW_DEV_ENGINE.GROUP_ID
IS
    '分组ID';
COMMENT ON COLUMN CW_DEV_ENGINE.URL
IS
    'URL';
COMMENT ON COLUMN CW_DEV_ENGINE.REMARK
IS
    '描述';
COMMENT ON COLUMN CW_DEV_ENGINE.SUB_TYPE
IS
    '1 员工，2VIP，3漫游  4 主 5 从';
COMMENT ON COLUMN CW_DEV_ENGINE.REGISTER_USER_COUNT
IS
    '注册人员数';
CREATE TABLE
    CW_DEV_FACEDB_USERLEVEL
    (
        DEV_ID VARCHAR2(64) NOT NULL,
        USER_LEVEL VARCHAR2(64) NOT NULL,
        PRIMARY KEY (DEV_ID, USER_LEVEL)
    );
CREATE TABLE
    CW_DEV_NOTICE
    (
        DEV_ID VARCHAR2(192) NOT NULL,
        NOTICE_ID VARCHAR2(192) NOT NULL,
        PRIMARY KEY (DEV_ID, NOTICE_ID)
    );
COMMENT ON TABLE CW_DEV_NOTICE
IS
    '设备广告关联表';
COMMENT ON COLUMN CW_DEV_NOTICE.DEV_ID
IS
    '设备ID';
COMMENT ON COLUMN CW_DEV_NOTICE.NOTICE_ID
IS
    '广告ID';
CREATE INDEX
    CW_DEV_NOTICE_NID
ON
    CW_DEV_NOTICE
    (
        NOTICE_ID
    );
CREATE TABLE
    CW_DEV_NOTIFICATIONS_DEVICE
    (
        ID VARCHAR2(192) NOT NULL,
        NAME VARCHAR2(192) NOT NULL,
        CODE VARCHAR2(192) NOT NULL,
        POSITION VARCHAR2(192),
        ORG_CODE VARCHAR2(192),
        TYPE INTEGER,
        PUSH_TYPE VARCHAR2(32),
        IP VARCHAR2(96),
        PORT VARCHAR2(96),
        URL VARCHAR2(256),
        STATUS INTEGER,
        PUSH_CONFIG VARCHAR2(256),
        CREATE_USERID VARCHAR2(192),
        CREATE_TIME DATE,
        LAST_UPDATE_USERID VARCHAR2(192),
        LAST_UPDATE_TIME DATE,
        DELETE_USERID VARCHAR2(192),
        DELETE_TIME DATE,
        PRIMARY KEY (ID)
    );
COMMENT ON TABLE CW_DEV_NOTIFICATIONS_DEVICE
IS
    '设备终端表';
COMMENT ON COLUMN CW_DEV_NOTIFICATIONS_DEVICE.ID
IS
    '设备ID';
COMMENT ON COLUMN CW_DEV_NOTIFICATIONS_DEVICE.NAME
IS
    '设备名称';
COMMENT ON COLUMN CW_DEV_NOTIFICATIONS_DEVICE.CODE
IS
    '设备机器码， 终端设备生成的唯一性编码';
COMMENT ON COLUMN CW_DEV_NOTIFICATIONS_DEVICE.POSITION
IS
    '设备位置';
COMMENT ON COLUMN CW_DEV_NOTIFICATIONS_DEVICE.ORG_CODE
IS
    '机构代码';
COMMENT ON COLUMN CW_DEV_NOTIFICATIONS_DEVICE.TYPE
IS
    '设备类型　1.迎宾终端  2.门禁终端';
COMMENT ON COLUMN CW_DEV_NOTIFICATIONS_DEVICE.PUSH_TYPE
IS
    '推送类型 http/websocket/socket/apns';
COMMENT ON COLUMN CW_DEV_NOTIFICATIONS_DEVICE.IP
IS
    '设备IP';
COMMENT ON COLUMN CW_DEV_NOTIFICATIONS_DEVICE.PORT
IS
    '端口';
COMMENT ON COLUMN CW_DEV_NOTIFICATIONS_DEVICE.URL
IS
    '推送url';
COMMENT ON COLUMN CW_DEV_NOTIFICATIONS_DEVICE.STATUS
IS
    '设备状态 0,无效  1.正常';
COMMENT ON COLUMN CW_DEV_NOTIFICATIONS_DEVICE.PUSH_CONFIG
IS
    '推送配置';
COMMENT ON COLUMN CW_DEV_NOTIFICATIONS_DEVICE.CREATE_USERID
IS
    '创建用户ID';
COMMENT ON COLUMN CW_DEV_NOTIFICATIONS_DEVICE.CREATE_TIME
IS
    '创建时间';
COMMENT ON COLUMN CW_DEV_NOTIFICATIONS_DEVICE.LAST_UPDATE_USERID
IS
    '最后更新的用户ID';
COMMENT ON COLUMN CW_DEV_NOTIFICATIONS_DEVICE.LAST_UPDATE_TIME
IS
    '最后更新的时间';
COMMENT ON COLUMN CW_DEV_NOTIFICATIONS_DEVICE.DELETE_USERID
IS
    '删除的用户ID';
COMMENT ON COLUMN CW_DEV_NOTIFICATIONS_DEVICE.DELETE_TIME
IS
    '删除时间';
CREATE TABLE
    CW_DEV_POSITION
    (
        ID VARCHAR2(192) NOT NULL,
        POSITION_GROUP_NAME VARCHAR2(192),
        PRIMARY KEY (ID)
    );
COMMENT ON TABLE CW_DEV_POSITION
IS
    '设备分组表';
COMMENT ON COLUMN CW_DEV_POSITION.ID
IS
    'ID';
COMMENT ON COLUMN CW_DEV_POSITION.POSITION_GROUP_NAME
IS
    '分组名称';
CREATE TABLE
    CW_DEV_PUSH_NOTIFICATIONS
    (
        CAMERA_ID VARCHAR2(128) NOT NULL,
        NOTIFICATION_DEVICE_ID VARCHAR2(128) NOT NULL,
        ORG_CODE VARCHAR2(32),
        NOTIFICATION_TYPE VARCHAR2(32),
        PRIMARY KEY (CAMERA_ID, NOTIFICATION_DEVICE_ID)
    );
COMMENT ON TABLE CW_DEV_PUSH_NOTIFICATIONS
IS
    '识别推送';
COMMENT ON COLUMN CW_DEV_PUSH_NOTIFICATIONS.CAMERA_ID
IS
    '摄像头id';
COMMENT ON COLUMN CW_DEV_PUSH_NOTIFICATIONS.NOTIFICATION_DEVICE_ID
IS
    '通知设备id';
COMMENT ON COLUMN CW_DEV_PUSH_NOTIFICATIONS.ORG_CODE
IS
    '摄像头所在机构号';
COMMENT ON COLUMN CW_DEV_PUSH_NOTIFICATIONS.NOTIFICATION_TYPE
IS
    '通知类型';
CREATE TABLE
    CW_DEV_USER
    (
        ID VARCHAR2(768) NOT NULL,
        DEV_ID VARCHAR2(192) NOT NULL,
        USER_ID VARCHAR2(768) NOT NULL,
        USER_TYPE INTEGER NOT NULL,
        RECOGNITION_TYPE INTEGER NOT NULL,
        STATUS INTEGER DEFAULT 1,
        IMG_FAIL_NAME VARCHAR2(768),
        RESPONSE_MSG VARCHAR2(768),
        RESPONSE_CODE INTEGER,
        CREATE_USERID VARCHAR2(192),
        CREATE_TIME DATE,
        LAST_UPDATE_USERID VARCHAR2(192),
        LAST_UPDATE_TIME DATE,
        PRIMARY KEY (ID)
    );
COMMENT ON TABLE CW_DEV_USER
IS
    '设备用户关联表';
COMMENT ON COLUMN CW_DEV_USER.ID
IS
    '主键';
COMMENT ON COLUMN CW_DEV_USER.DEV_ID
IS
    '设备ID';
COMMENT ON COLUMN CW_DEV_USER.USER_ID
IS
    '用户ID';
COMMENT ON COLUMN CW_DEV_USER.USER_TYPE
IS
    '用户类型 1.普通用户 2.VIP用户 3.黑名单 4.访客 5 普通人员/vip/黑名单';
COMMENT ON COLUMN CW_DEV_USER.RECOGNITION_TYPE
IS
    '用户类型 1.直接刷脸 2.人证合一';
COMMENT ON COLUMN CW_DEV_USER.STATUS
IS
    '状态 0 未同步，1 同步中，2 同步成功，3 同步失败';
COMMENT ON COLUMN CW_DEV_USER.IMG_FAIL_NAME
IS
    '提取特征值失败的照片（用逗号分隔）';
COMMENT ON COLUMN CW_DEV_USER.RESPONSE_MSG
IS
    '返回信息';
COMMENT ON COLUMN CW_DEV_USER.CREATE_USERID
IS
    '创建用户ID';
COMMENT ON COLUMN CW_DEV_USER.CREATE_TIME
IS
    '创建时间';
COMMENT ON COLUMN CW_DEV_USER.LAST_UPDATE_USERID
IS
    '最后更新的用户ID';
COMMENT ON COLUMN CW_DEV_USER.LAST_UPDATE_TIME
IS
    '最后更新的时间';
CREATE UNIQUE INDEX
    UNIQUE_USER_DEV_ID
ON
    CW_DEV_USER
    (
        DEV_ID,
        USER_ID
    );
CREATE TABLE
    CW_GE_AUTHORIZATION
    (
        ID VARCHAR2(192) NOT NULL,
        CNAME VARCHAR2(768),
        ENAME VARCHAR2(768),
        STATUS INTEGER DEFAULT 1 NOT NULL,
        CREATE_USERID VARCHAR2(192),
        CREATE_TIME DATE,
        REMARK VARCHAR2(768),
        LAST_UPDATE_USERID VARCHAR2(192),
        LAST_UPDATE_TIME DATE,
        DELETE_USERID VARCHAR2(192),
        DELETE_TIME DATE,
        PRIMARY KEY (ID)
    );
COMMENT ON TABLE CW_GE_AUTHORIZATION
IS
    '权限表';
COMMENT ON COLUMN CW_GE_AUTHORIZATION.ID
IS
    '权限ID';
COMMENT ON COLUMN CW_GE_AUTHORIZATION.CNAME
IS
    '权限中文名称';
COMMENT ON COLUMN CW_GE_AUTHORIZATION.ENAME
IS
    '权限英文名称';
COMMENT ON COLUMN CW_GE_AUTHORIZATION.STATUS
IS
    '权限的状态 0,无效  1.正常';
COMMENT ON COLUMN CW_GE_AUTHORIZATION.CREATE_USERID
IS
    '创建权限的用户ID';
COMMENT ON COLUMN CW_GE_AUTHORIZATION.CREATE_TIME
IS
    '创建时间';
COMMENT ON COLUMN CW_GE_AUTHORIZATION.REMARK
IS
    '权限的描述';
COMMENT ON COLUMN CW_GE_AUTHORIZATION.LAST_UPDATE_USERID
IS
    '最后更新用户ID';
COMMENT ON COLUMN CW_GE_AUTHORIZATION.LAST_UPDATE_TIME
IS
    '最后更新的时间';
COMMENT ON COLUMN CW_GE_AUTHORIZATION.DELETE_USERID
IS
    '删除人用户ID';
COMMENT ON COLUMN CW_GE_AUTHORIZATION.DELETE_TIME
IS
    '删除时间';
CREATE TABLE
    CW_GE_AUTH_RESOURCE
    (
        AUTH_ID VARCHAR2(192) NOT NULL,
        RESOURCE_CODE VARCHAR2(192) NOT NULL,
        PRIMARY KEY (AUTH_ID, RESOURCE_CODE)
    );
COMMENT ON TABLE CW_GE_AUTH_RESOURCE
IS
    '权限和资源关联表';
COMMENT ON COLUMN CW_GE_AUTH_RESOURCE.AUTH_ID
IS
    '权限ID';
COMMENT ON COLUMN CW_GE_AUTH_RESOURCE.RESOURCE_CODE
IS
    '资源的CODE';
CREATE INDEX
    CW_GE_AUTH_RESOURCE_CODE
ON
    CW_GE_AUTH_RESOURCE
    (
        RESOURCE_CODE
    );
CREATE TABLE
    CW_GE_BUILDING
    (
        BUILDING_CODE VARCHAR2(192) NOT NULL,
        BUILDING_NUM NUMBER(3) DEFAULT 0,
        UNIT_NUM NUMBER(3) DEFAULT 0,
        BUILDING_NAME VARCHAR2(768),
        BUILDING_DESCRIPTION VARCHAR2(768),
        PRIMARY KEY (BUILDING_CODE)
    );
COMMENT ON TABLE CW_GE_BUILDING
IS
    '楼栋表';
COMMENT ON COLUMN CW_GE_BUILDING.BUILDING_CODE
IS
    '楼栋编码  ';
COMMENT ON COLUMN CW_GE_BUILDING.BUILDING_NUM
IS
    '楼号';
COMMENT ON COLUMN CW_GE_BUILDING.UNIT_NUM
IS
    '单元号';
COMMENT ON COLUMN CW_GE_BUILDING.BUILDING_NAME
IS
    '楼栋名称';
COMMENT ON COLUMN CW_GE_BUILDING.BUILDING_DESCRIPTION
IS
    '楼栋描述';
CREATE TABLE
    CW_GE_BUILDING_HOUSE
    (
        HOUSE_CODE VARCHAR2(192) NOT NULL,
        BUILDING_CODE VARCHAR2(192) NOT NULL,
        HOUSE_NUMBER VARCHAR2(768) DEFAULT '',
        FLOOR_NUMBER INTEGER,
        HOUSE_INDEX INTEGER,
        HOUSE_DESCRIPTION VARCHAR2(768),
        HOUSE_MEMBERS VARCHAR2(768),
        PRIMARY KEY (HOUSE_CODE)
    );
COMMENT ON TABLE CW_GE_BUILDING_HOUSE
IS
    '房间门牌表';
COMMENT ON COLUMN CW_GE_BUILDING_HOUSE.HOUSE_CODE
IS
    '房间号';
COMMENT ON COLUMN CW_GE_BUILDING_HOUSE.BUILDING_CODE
IS
    '所属楼栋编码  ';
COMMENT ON COLUMN CW_GE_BUILDING_HOUSE.HOUSE_NUMBER
IS
    '门牌号码';
COMMENT ON COLUMN CW_GE_BUILDING_HOUSE.FLOOR_NUMBER
IS
    '楼层';
COMMENT ON COLUMN CW_GE_BUILDING_HOUSE.HOUSE_INDEX
IS
    '楼层第几个房间';
COMMENT ON COLUMN CW_GE_BUILDING_HOUSE.HOUSE_DESCRIPTION
IS
    '房屋描述';
COMMENT ON COLUMN CW_GE_BUILDING_HOUSE.HOUSE_MEMBERS
IS
    '房屋成员数';
CREATE TABLE
    CW_GE_CARD
    (
        ID VARCHAR2(192) NOT NULL,
        CARDNAME VARCHAR2(192) NOT NULL,
        TYPE INTEGER NOT NULL,
        IMG_LEFT VARCHAR2(768),
        IMG_RIGHT VARCHAR2(768),
        IMG_CENTER VARCHAR2(768),
        IMG_TOP VARCHAR2(768),
        IMG_BOTTOM VARCHAR2(768),
        REMARK VARCHAR2(768) NOT NULL,
        STATUS INTEGER NOT NULL,
        CREATE_USERID VARCHAR2(192),
        CREATE_TIME DATE,
        LAST_UPDATE_USERID VARCHAR2(192),
        LAST_UPDATE_TIME DATE,
        DELETE_USERID VARCHAR2(192),
        DELETE_TIME DATE,
        PRIMARY KEY (ID)
    );
COMMENT ON TABLE CW_GE_CARD
IS
    '迎宾卡片表';
COMMENT ON COLUMN CW_GE_CARD.ID
IS
    '卡片ID';
COMMENT ON COLUMN CW_GE_CARD.CARDNAME
IS
    '卡片名字';
COMMENT ON COLUMN CW_GE_CARD.TYPE
IS
    '卡片用途类型：1.普通 2.VIP 3,生日 4.节日';
COMMENT ON COLUMN CW_GE_CARD.IMG_LEFT
IS
    '左方卡片图片';
COMMENT ON COLUMN CW_GE_CARD.IMG_RIGHT
IS
    '右方卡片图片';
COMMENT ON COLUMN CW_GE_CARD.IMG_CENTER
IS
    '中间卡片图片';
COMMENT ON COLUMN CW_GE_CARD.IMG_TOP
IS
    '上方卡片图片';
COMMENT ON COLUMN CW_GE_CARD.IMG_BOTTOM
IS
    '下方卡片图片';
COMMENT ON COLUMN CW_GE_CARD.REMARK
IS
    '卡片说明';
COMMENT ON COLUMN CW_GE_CARD.STATUS
IS
    '1有效 0 无效';
COMMENT ON COLUMN CW_GE_CARD.CREATE_USERID
IS
    '创建用户ID';
COMMENT ON COLUMN CW_GE_CARD.CREATE_TIME
IS
    '创建时间';
COMMENT ON COLUMN CW_GE_CARD.LAST_UPDATE_USERID
IS
    '最后更新的用户ID';
COMMENT ON COLUMN CW_GE_CARD.LAST_UPDATE_TIME
IS
    '最后更新的时间';
COMMENT ON COLUMN CW_GE_CARD.DELETE_USERID
IS
    '删除的用户ID';
COMMENT ON COLUMN CW_GE_CARD.DELETE_TIME
IS
    '删除时间';
CREATE TABLE
    CW_GE_DEPARTMENT
    (
        CODE VARCHAR2(192) NOT NULL,
        DEPARTMENT_CODE VARCHAR2(192),
        CNAME VARCHAR2(768),
        ENAME VARCHAR2(768),
        REMARK VARCHAR2(768),
        ORG_CODE VARCHAR2(192),
        LINK_MAN_TEL VARCHAR2(96),
        LINK_MAN_FAX VARCHAR2(96),
        LINK_MAN_NAME VARCHAR2(768),
        MANAGE_MAN_USERID VARCHAR2(192),
        STATUS INTEGER DEFAULT 1 NOT NULL,
        SEND_MSG INTEGER,
        CREATE_USERID VARCHAR2(192),
        CREATE_TIME DATE,
        LAST_UPDATE_USERID VARCHAR2(192),
        LAST_UPDATE_TIME DATE,
        DELETE_USERID VARCHAR2(192),
        DELETE_TIME DATE,
        PRIMARY KEY (CODE)
    );
COMMENT ON TABLE CW_GE_DEPARTMENT
IS
    '部门';
COMMENT ON COLUMN CW_GE_DEPARTMENT.CODE
IS
    '部门代码';
COMMENT ON COLUMN CW_GE_DEPARTMENT.DEPARTMENT_CODE
IS
    '部门代码';
COMMENT ON COLUMN CW_GE_DEPARTMENT.CNAME
IS
    '部门中文名称';
COMMENT ON COLUMN CW_GE_DEPARTMENT.ENAME
IS
    '部门英文名称';
COMMENT ON COLUMN CW_GE_DEPARTMENT.REMARK
IS
    '描述';
COMMENT ON COLUMN CW_GE_DEPARTMENT.ORG_CODE
IS
    '部门所属机构代码';
COMMENT ON COLUMN CW_GE_DEPARTMENT.LINK_MAN_TEL
IS
    '部门联系电话';
COMMENT ON COLUMN CW_GE_DEPARTMENT.LINK_MAN_FAX
IS
    '部门联系人传真';
COMMENT ON COLUMN CW_GE_DEPARTMENT.LINK_MAN_NAME
IS
    '部门联系人';
COMMENT ON COLUMN CW_GE_DEPARTMENT.MANAGE_MAN_USERID
IS
    '部门管理人ID';
COMMENT ON COLUMN CW_GE_DEPARTMENT.STATUS
IS
    '部门状态  0,无效  1.正常';
COMMENT ON COLUMN CW_GE_DEPARTMENT.SEND_MSG
IS
    '短信推送(1发送 0不发送)';
COMMENT ON COLUMN CW_GE_DEPARTMENT.CREATE_USERID
IS
    '创建部门用户ID';
COMMENT ON COLUMN CW_GE_DEPARTMENT.CREATE_TIME
IS
    '创建时间';
COMMENT ON COLUMN CW_GE_DEPARTMENT.LAST_UPDATE_USERID
IS
    '最后更新部门的用户ID';
COMMENT ON COLUMN CW_GE_DEPARTMENT.LAST_UPDATE_TIME
IS
    '最后更新部门的时间';
COMMENT ON COLUMN CW_GE_DEPARTMENT.DELETE_USERID
IS
    '删除部门的用户ID';
COMMENT ON COLUMN CW_GE_DEPARTMENT.DELETE_TIME
IS
    '删除部门时间';
CREATE INDEX
    IDX_ORG_CODE
ON
    CW_GE_DEPARTMENT
    (
        ORG_CODE
    );
CREATE TABLE
    CW_GE_DICT
    (
        ID VARCHAR2(192) NOT NULL,
        VALUE VARCHAR2(768) NOT NULL,
        LABEL VARCHAR2(768) NOT NULL,
        TYPE VARCHAR2(768) NOT NULL,
        DESCRIPTION VARCHAR2(768) NOT NULL,
        SORT INTEGER NOT NULL,
        PARENT_ID VARCHAR2(192),
        REMARK VARCHAR2(768),
        CREATE_USERID VARCHAR2(192),
        CREATE_TIME DATE,
        LAST_UPDATE_USERID VARCHAR2(192),
        LAST_UPDATE_TIME DATE,
        DELETE_USERID VARCHAR2(192),
        DELETE_TIME DATE,
        STATUS INTEGER DEFAULT 1 NOT NULL,
        PRIMARY KEY (ID)
    );
COMMENT ON TABLE CW_GE_DICT
IS
    '字典表';
COMMENT ON COLUMN CW_GE_DICT.ID
IS
    '主键';
COMMENT ON COLUMN CW_GE_DICT.VALUE
IS
    '标签值';
COMMENT ON COLUMN CW_GE_DICT.LABEL
IS
    '标签名';
COMMENT ON COLUMN CW_GE_DICT.TYPE
IS
    '类型';
COMMENT ON COLUMN CW_GE_DICT.DESCRIPTION
IS
    '描述';
COMMENT ON COLUMN CW_GE_DICT.SORT
IS
    '排序';
COMMENT ON COLUMN CW_GE_DICT.PARENT_ID
IS
    '父节点ID';
COMMENT ON COLUMN CW_GE_DICT.REMARK
IS
    '描述';
COMMENT ON COLUMN CW_GE_DICT.CREATE_USERID
IS
    '创建的用户ID';
COMMENT ON COLUMN CW_GE_DICT.CREATE_TIME
IS
    '创建的时间';
COMMENT ON COLUMN CW_GE_DICT.LAST_UPDATE_USERID
IS
    '最后更新的用户ID';
COMMENT ON COLUMN CW_GE_DICT.LAST_UPDATE_TIME
IS
    '最后更新的时间';
COMMENT ON COLUMN CW_GE_DICT.DELETE_USERID
IS
    '删除的用户ID';
COMMENT ON COLUMN CW_GE_DICT.DELETE_TIME
IS
    '删除的时间';
COMMENT ON COLUMN CW_GE_DICT.STATUS
IS
    '状态';
CREATE TABLE
    CW_GE_HOLIDAY
    (
        ID VARCHAR2(192) NOT NULL,
        RULE_ID VARCHAR2(192) NOT NULL,
        DYEAR VARCHAR2(96) NOT NULL,
        DDATE VARCHAR2(96) NOT NULL,
        DTYPE VARCHAR2(5) NOT NULL,
        CREATE_USERID VARCHAR2(192),
        CREATE_TIME DATE,
        PRIMARY KEY (ID)
    );
COMMENT ON TABLE CW_GE_HOLIDAY
IS
    '节假日表';
COMMENT ON COLUMN CW_GE_HOLIDAY.ID
IS
    'ID';
COMMENT ON COLUMN CW_GE_HOLIDAY.RULE_ID
IS
    '考勤规则ID';
COMMENT ON COLUMN CW_GE_HOLIDAY.DYEAR
IS
    '日期年份';
COMMENT ON COLUMN CW_GE_HOLIDAY.DDATE
IS
    '日期0101';
COMMENT ON COLUMN CW_GE_HOLIDAY.DTYPE
IS
    '标注休息或者上班  0休息  1上班';
COMMENT ON COLUMN CW_GE_HOLIDAY.CREATE_USERID
IS
    '创建用户ID';
COMMENT ON COLUMN CW_GE_HOLIDAY.CREATE_TIME
IS
    '创建时间';
CREATE TABLE
    CW_GE_IDENTITY_CARD
    (
        ID VARCHAR2(96) NOT NULL,
        NAME VARCHAR2(768),
        GENDER INTEGER,
        NATION VARCHAR2(192),
        BIRTHDAY VARCHAR2(192),
        ADDRESS VARCHAR2(768),
        PICTURE_NAME VARCHAR2(768),
        EXPIRE_STARTDATE VARCHAR2(192),
        EXPIRE_ENDDATE VARCHAR2(192),
        SIGN_ORGANIZATION VARCHAR2(768),
        ACTIVE_STATUS INTEGER,
        CREATE_USERID VARCHAR2(192),
        CREATE_TIME DATE,
        LAST_UPDATE_USERID VARCHAR2(192),
        LAST_UPDATE_TIME DATE,
        PRIMARY KEY (ID)
    );
COMMENT ON TABLE CW_GE_IDENTITY_CARD
IS
    '身份证表';
COMMENT ON COLUMN CW_GE_IDENTITY_CARD.ID
IS
    '身份证号码';
COMMENT ON COLUMN CW_GE_IDENTITY_CARD.NAME
IS
    '姓名';
COMMENT ON COLUMN CW_GE_IDENTITY_CARD.GENDER
IS
    '性别   1男 0女';
COMMENT ON COLUMN CW_GE_IDENTITY_CARD.NATION
IS
    '民族';
COMMENT ON COLUMN CW_GE_IDENTITY_CARD.BIRTHDAY
IS
    '出生日期';
COMMENT ON COLUMN CW_GE_IDENTITY_CARD.ADDRESS
IS
    '地址';
COMMENT ON COLUMN CW_GE_IDENTITY_CARD.PICTURE_NAME
IS
    '照片名称';
COMMENT ON COLUMN CW_GE_IDENTITY_CARD.EXPIRE_STARTDATE
IS
    '身份证有效日期开始时间';
COMMENT ON COLUMN CW_GE_IDENTITY_CARD.EXPIRE_ENDDATE
IS
    '身份证有效日期结束时间';
COMMENT ON COLUMN CW_GE_IDENTITY_CARD.SIGN_ORGANIZATION
IS
    '签发机关';
COMMENT ON COLUMN CW_GE_IDENTITY_CARD.ACTIVE_STATUS
IS
    '激活状态  1激活 0 未激活';
COMMENT ON COLUMN CW_GE_IDENTITY_CARD.CREATE_USERID
IS
    '创建人ID';
COMMENT ON COLUMN CW_GE_IDENTITY_CARD.CREATE_TIME
IS
    '创建时间';
COMMENT ON COLUMN CW_GE_IDENTITY_CARD.LAST_UPDATE_USERID
IS
    '最后更新的用户ID';
COMMENT ON COLUMN CW_GE_IDENTITY_CARD.LAST_UPDATE_TIME
IS
    '最后更新的时间';
CREATE TABLE
    CW_GE_IMPORT_FIELD
    (
        IMPORT_ID VARCHAR2(192) NOT NULL,
        COLUMN_IDX NUMBER(11) NOT NULL,
        FIELD_NAME VARCHAR2(192),
        OUT_FIELD_NAME VARCHAR2(192),
        CONSTANT_VALUE VARCHAR2(3000),
        DATA_TYPE VARCHAR2(96) DEFAULT 'String' NOT NULL,
        DATA_FORMAT VARCHAR2(192),
        REMARK VARCHAR2(768)
    );
COMMENT ON TABLE CW_GE_IMPORT_FIELD
IS
    '用户数据导入字段映射表';
COMMENT ON COLUMN CW_GE_IMPORT_FIELD.IMPORT_ID
IS
    '导入ID';
COMMENT ON COLUMN CW_GE_IMPORT_FIELD.COLUMN_IDX
IS
    '导入数据列索引';
COMMENT ON COLUMN CW_GE_IMPORT_FIELD.FIELD_NAME
IS
    '映射属性名';
COMMENT ON COLUMN CW_GE_IMPORT_FIELD.OUT_FIELD_NAME
IS
    '外部映射属性名';
COMMENT ON COLUMN CW_GE_IMPORT_FIELD.CONSTANT_VALUE
IS
    '常亮';
COMMENT ON COLUMN CW_GE_IMPORT_FIELD.DATA_TYPE
IS
    '数据类型';
COMMENT ON COLUMN CW_GE_IMPORT_FIELD.DATA_FORMAT
IS
    '数据格式';
COMMENT ON COLUMN CW_GE_IMPORT_FIELD.REMARK
IS
    '备注';
CREATE INDEX
    IDX_IMPORT_ID
ON
    CW_GE_IMPORT_FIELD
    (
        IMPORT_ID
    );
CREATE TABLE
    CW_GE_IMPORT_MAIN
    (
        IMPORT_ID VARCHAR2(192) NOT NULL,
        RESULT_CLASS VARCHAR2(768),
        QUOTE_CHAR VARCHAR2(1) DEFAULT '"' ,
        SEPARATE_CHAR VARCHAR2(1) DEFAULT ',' ,
        SKIP_ROW NUMBER(10) DEFAULT '1' ,
        URL VARCHAR2(768),
        DOWNLOAD_PATH VARCHAR2(768),
        IS_FOLDER NUMBER(1),
        USERNAME VARCHAR2(768),
        PASSWORD VARCHAR2(768),
        CHAR_SET VARCHAR2(768),
        IS_CHAR NUMBER(1),
        PARAMS VARCHAR2(768),
        DAY_ADD NUMBER(11),
        OVERWRITE NUMBER(11) DEFAULT '0' NOT NULL,
        PRIMARY KEY (IMPORT_ID)
    );
COMMENT ON TABLE CW_GE_IMPORT_MAIN
IS
    'Csv导入数据主表，导入数据类型等基本设置';
COMMENT ON COLUMN CW_GE_IMPORT_MAIN.IMPORT_ID
IS
    '导入ID';
COMMENT ON COLUMN CW_GE_IMPORT_MAIN.RESULT_CLASS
IS
    '输出数据类型';
COMMENT ON COLUMN CW_GE_IMPORT_MAIN.QUOTE_CHAR
IS
    'Csv Quote字符';
COMMENT ON COLUMN CW_GE_IMPORT_MAIN.SEPARATE_CHAR
IS
    'Csv分隔字符';
COMMENT ON COLUMN CW_GE_IMPORT_MAIN.SKIP_ROW
IS
    '跳过多少行开始解析';
COMMENT ON COLUMN CW_GE_IMPORT_MAIN.URL
IS
    '数据文件下载源';
COMMENT ON COLUMN CW_GE_IMPORT_MAIN.DOWNLOAD_PATH
IS
    '下载到本地的文件路径';
COMMENT ON COLUMN CW_GE_IMPORT_MAIN.IS_FOLDER
IS
    '数据文件下载源是否是文件夹';
COMMENT ON COLUMN CW_GE_IMPORT_MAIN.USERNAME
IS
    '下载数据需要的账号';
COMMENT ON COLUMN CW_GE_IMPORT_MAIN.PASSWORD
IS
    '下载数据需要的密码';
COMMENT ON COLUMN CW_GE_IMPORT_MAIN.CHAR_SET
IS
    '字符集';
COMMENT ON COLUMN CW_GE_IMPORT_MAIN.IS_CHAR
IS
    '是否字符流（文本）';
COMMENT ON COLUMN CW_GE_IMPORT_MAIN.PARAMS
IS
    '参数';
COMMENT ON COLUMN CW_GE_IMPORT_MAIN.DAY_ADD
IS
    '提前天数（比如下载昨天的数据），值设置成 -1';
COMMENT ON COLUMN CW_GE_IMPORT_MAIN.OVERWRITE
IS
    '是否覆盖 0不覆盖，1 覆盖';
CREATE TABLE
    CW_GE_NOTICE_INFO
    (
        ID VARCHAR2(192) NOT NULL,
        TITLE VARCHAR2(192),
        CONTENT_HORIZONTAL CLOB,
        CONTENT_VERTICAL CLOB,
        TYPE INTEGER,
        SHOW_TYPE INTEGER,
        STARTTIME TIMESTAMP(6),
        ENDTIME TIMESTAMP(6),
        FLIP_INTERVAL INTEGER,
        FILE_NAME VARCHAR2(768),
        STATUS INTEGER,
        CREATE_USERID VARCHAR2(192),
        CREATE_TIME DATE,
        LAST_UPDATE_USERID VARCHAR2(192),
        LAST_UPDATE_TIME DATE,
        DELETE_USERID VARCHAR2(192),
        DELETE_TIME DATE,
        PRIMARY KEY (ID)
    );
COMMENT ON TABLE CW_GE_NOTICE_INFO
IS
    '广告表';
COMMENT ON COLUMN CW_GE_NOTICE_INFO.ID
IS
    '主键';
COMMENT ON COLUMN CW_GE_NOTICE_INFO.TITLE
IS
    '题标';
COMMENT ON COLUMN CW_GE_NOTICE_INFO.CONTENT_HORIZONTAL
IS
    '横屏内容';
COMMENT ON COLUMN CW_GE_NOTICE_INFO.CONTENT_VERTICAL
IS
    '竖屏内容';
COMMENT ON COLUMN CW_GE_NOTICE_INFO.TYPE
IS
    '类型 ：1 广告 2 通知';
COMMENT ON COLUMN CW_GE_NOTICE_INFO.SHOW_TYPE
IS
    '显示类型 ：1 图片 2 视频';
COMMENT ON COLUMN CW_GE_NOTICE_INFO.STARTTIME
IS
    '开始时间';
COMMENT ON COLUMN CW_GE_NOTICE_INFO.ENDTIME
IS
    '结束时间';
COMMENT ON COLUMN CW_GE_NOTICE_INFO.FLIP_INTERVAL
IS
    '轮播间隔时间';
COMMENT ON COLUMN CW_GE_NOTICE_INFO.FILE_NAME
IS
    '上传文件名称';
COMMENT ON COLUMN CW_GE_NOTICE_INFO.STATUS
IS
    '状态 0：已删除 1：有效 2：暂停  3待投放 4：挂起';
COMMENT ON COLUMN CW_GE_NOTICE_INFO.CREATE_USERID
IS
    '创建用户ID';
COMMENT ON COLUMN CW_GE_NOTICE_INFO.CREATE_TIME
IS
    '创建时间';
COMMENT ON COLUMN CW_GE_NOTICE_INFO.LAST_UPDATE_USERID
IS
    '最后更新的用户ID';
COMMENT ON COLUMN CW_GE_NOTICE_INFO.LAST_UPDATE_TIME
IS
    '最后更新的时间';
COMMENT ON COLUMN CW_GE_NOTICE_INFO.DELETE_USERID
IS
    '删除的用户ID';
COMMENT ON COLUMN CW_GE_NOTICE_INFO.DELETE_TIME
IS
    '删除时间';
CREATE TABLE
    CW_GE_ORGANIZATION
    (
        CODE VARCHAR2(192) NOT NULL,
        ORGANIZATION_CODE VARCHAR2(192),
        RANK INTEGER,
        NAME VARCHAR2(768),
        ADDRESS VARCHAR2(768),
        ZIPCODE VARCHAR2(96),
        TELEPHONE VARCHAR2(96),
        FAX VARCHAR2(96),
        STATUS INTEGER DEFAULT 1 NOT NULL,
        PARENT_CODE VARCHAR2(192),
        LINK_MAN_NAME VARCHAR2(768),
        LINK_MAN_DEPT VARCHAR2(192),
        LINK_MAN_POS VARCHAR2(192),
        LINK_MAN_TEL VARCHAR2(96),
        LINK_MAN_FAX VARCHAR2(96),
        LINK_MAN_EMAIL VARCHAR2(768),
        AREA_ID VARCHAR2(96),
        REMARK VARCHAR2(768),
        CREATE_USERID VARCHAR2(192),
        CREATE_TIME DATE,
        LAST_UPDATE_USERID VARCHAR2(192),
        LAST_UPDATE_TIME DATE,
        DELETE_USERID VARCHAR2(192),
        DELETE_TIME DATE,
        PRIMARY KEY (CODE)
    );
COMMENT ON TABLE CW_GE_ORGANIZATION
IS
    '机构信息表';
COMMENT ON COLUMN CW_GE_ORGANIZATION.CODE
IS
    '机构代码';
COMMENT ON COLUMN CW_GE_ORGANIZATION.ORGANIZATION_CODE
IS
    '组织机构代码';
COMMENT ON COLUMN CW_GE_ORGANIZATION.RANK
IS
    '机构级别(1 总行;2 支行;3 网点)';
COMMENT ON COLUMN CW_GE_ORGANIZATION.NAME
IS
    '名称';
COMMENT ON COLUMN CW_GE_ORGANIZATION.ADDRESS
IS
    '地址';
COMMENT ON COLUMN CW_GE_ORGANIZATION.ZIPCODE
IS
    '邮编';
COMMENT ON COLUMN CW_GE_ORGANIZATION.TELEPHONE
IS
    '电话号码';
COMMENT ON COLUMN CW_GE_ORGANIZATION.FAX
IS
    '传真';
COMMENT ON COLUMN CW_GE_ORGANIZATION.STATUS
IS
    '经营状态(1 正常 2 暂停)';
COMMENT ON COLUMN CW_GE_ORGANIZATION.PARENT_CODE
IS
    '上级机构代码';
COMMENT ON COLUMN CW_GE_ORGANIZATION.LINK_MAN_NAME
IS
    '联系人姓名';
COMMENT ON COLUMN CW_GE_ORGANIZATION.LINK_MAN_DEPT
IS
    '联系人部门';
COMMENT ON COLUMN CW_GE_ORGANIZATION.LINK_MAN_POS
IS
    '联系人职务';
COMMENT ON COLUMN CW_GE_ORGANIZATION.LINK_MAN_TEL
IS
    '联系人电话';
COMMENT ON COLUMN CW_GE_ORGANIZATION.LINK_MAN_FAX
IS
    '联系人传真';
COMMENT ON COLUMN CW_GE_ORGANIZATION.LINK_MAN_EMAIL
IS
    '联系人EMAIL';
COMMENT ON COLUMN CW_GE_ORGANIZATION.AREA_ID
IS
    '区域代码';
COMMENT ON COLUMN CW_GE_ORGANIZATION.REMARK
IS
    '描述';
COMMENT ON COLUMN CW_GE_ORGANIZATION.CREATE_USERID
IS
    '创建组织机构的用户ID';
COMMENT ON COLUMN CW_GE_ORGANIZATION.CREATE_TIME
IS
    '创建组织机构时间';
COMMENT ON COLUMN CW_GE_ORGANIZATION.LAST_UPDATE_USERID
IS
    '最后更新组织机构的用户ID';
COMMENT ON COLUMN CW_GE_ORGANIZATION.LAST_UPDATE_TIME
IS
    '最后更新组织机构的时间';
COMMENT ON COLUMN CW_GE_ORGANIZATION.DELETE_USERID
IS
    '删除人组织机构的用户ID';
COMMENT ON COLUMN CW_GE_ORGANIZATION.DELETE_TIME
IS
    '删除组织机构的时间';
CREATE TABLE
    CW_GE_POC_USER
    (
        ID VARCHAR2(64) NOT NULL,
        SCORE NUMBER(8,4) NOT NULL,
        USER_ID VARCHAR2(64),
        PRIMARY KEY (ID)
    );
COMMENT ON TABLE CW_GE_POC_USER
IS
    'POC用户表';
COMMENT ON COLUMN CW_GE_POC_USER.ID
IS
    '图片文件的MD5';
COMMENT ON COLUMN CW_GE_POC_USER.SCORE
IS
    '特征值';
COMMENT ON COLUMN CW_GE_POC_USER.USER_ID
IS
    '用户ID';
CREATE TABLE
    CW_GE_QUARTZ_TASK
    (
        TASK_ID VARCHAR2(192) NOT NULL,
        TASK_NAME VARCHAR2(768) NOT NULL,
        REMARK VARCHAR2(768),
        TASK_STATUS INTEGER DEFAULT 1 NOT NULL,
        TARGET_OBJECT VARCHAR2(768) NOT NULL,
        TARGET_METHOD VARCHAR2(768) NOT NULL,
        TARGET_PARAM VARCHAR2(768),
        TASK_RUN_STATUS VARCHAR2(96),
        TASK_START_DATE DATE,
        TASK_END_DATE DATE,
        TASK_EXECUTE_INTERVAL INTEGER,
        TASK_EXECUTE_NUM INTEGER,
        TASK_TRIGGER_TYPE VARCHAR2(2) NOT NULL,
        RUN_NUM INTEGER,
        SUCCESS_NUM INTEGER,
        ERROR_NUM INTEGER,
        SYNC_STATUS INTEGER DEFAULT 0 NOT NULL,
        CRON_EXPRESSION VARCHAR2(768),
        BEGIN_DATETIME DATE,
        LAST_DATETIME DATE,
        CREATE_USERID VARCHAR2(192),
        CREATE_TIME DATE,
        LAST_UPDATE_USERID VARCHAR2(192),
        LAST_UPDATE_TIME DATE,
        DELETE_USERID VARCHAR2(192),
        DELETE_TIME DATE,
        PRIMARY KEY (TASK_ID)
    );
COMMENT ON TABLE CW_GE_QUARTZ_TASK
IS
    '任务调度信息';
COMMENT ON COLUMN CW_GE_QUARTZ_TASK.TASK_ID
IS
    'ID';
COMMENT ON COLUMN CW_GE_QUARTZ_TASK.TASK_NAME
IS
    '任务名称';
COMMENT ON COLUMN CW_GE_QUARTZ_TASK.TASK_STATUS
IS
    '任务状态：TASKSTATUS';
COMMENT ON COLUMN CW_GE_QUARTZ_TASK.TARGET_OBJECT
IS
    '目标类';
COMMENT ON COLUMN CW_GE_QUARTZ_TASK.TARGET_METHOD
IS
    '目标方法';
COMMENT ON COLUMN CW_GE_QUARTZ_TASK.TARGET_PARAM
IS
    '目标参数';
COMMENT ON COLUMN CW_GE_QUARTZ_TASK.TASK_RUN_STATUS
IS
    '任务运行状态：TASKRUNSTATUS';
COMMENT ON COLUMN CW_GE_QUARTZ_TASK.TASK_START_DATE
IS
    '任务开始时间';
COMMENT ON COLUMN CW_GE_QUARTZ_TASK.TASK_END_DATE
IS
    '任务终止时间';
COMMENT ON COLUMN CW_GE_QUARTZ_TASK.TASK_EXECUTE_INTERVAL
IS
    '任务执行间隔';
COMMENT ON COLUMN CW_GE_QUARTZ_TASK.TASK_EXECUTE_NUM
IS
    '任务执行次数';
COMMENT ON COLUMN CW_GE_QUARTZ_TASK.TASK_TRIGGER_TYPE
IS
    '任务触发器类型';
COMMENT ON COLUMN CW_GE_QUARTZ_TASK.RUN_NUM
IS
    '运行次数';
COMMENT ON COLUMN CW_GE_QUARTZ_TASK.SUCCESS_NUM
IS
    '成功次数';
COMMENT ON COLUMN CW_GE_QUARTZ_TASK.ERROR_NUM
IS
    '失败次数';
COMMENT ON COLUMN CW_GE_QUARTZ_TASK.SYNC_STATUS
IS
    '同步：SYNCSTATUS';
COMMENT ON COLUMN CW_GE_QUARTZ_TASK.CRON_EXPRESSION
IS
    '表达式';
COMMENT ON COLUMN CW_GE_QUARTZ_TASK.BEGIN_DATETIME
IS
    '启用时间';
COMMENT ON COLUMN CW_GE_QUARTZ_TASK.LAST_DATETIME
IS
    '最后运行时间';
COMMENT ON COLUMN CW_GE_QUARTZ_TASK.CREATE_USERID
IS
    '创建人ID';
COMMENT ON COLUMN CW_GE_QUARTZ_TASK.CREATE_TIME
IS
    '创建时间';
COMMENT ON COLUMN CW_GE_QUARTZ_TASK.LAST_UPDATE_USERID
IS
    '最后更新的用户ID';
COMMENT ON COLUMN CW_GE_QUARTZ_TASK.LAST_UPDATE_TIME
IS
    '最后更新的时间';
COMMENT ON COLUMN CW_GE_QUARTZ_TASK.DELETE_USERID
IS
    '删除人的用户ID';
COMMENT ON COLUMN CW_GE_QUARTZ_TASK.DELETE_TIME
IS
    '注销时间';
CREATE TABLE
    CW_GE_RECEPTION_RECORD
    (
        ID VARCHAR2(64) NOT NULL,
        ATTEN_RECORD_ID VARCHAR2(64) NOT NULL,
        CUSTOMER_ID VARCHAR2(64),
        RECEIVER_ID VARCHAR2(64),
        REMARK VARCHAR2(1000),
        STATUS VARCHAR2(64),
        SIGN_TIME TIMESTAMP(6),
        RECEPTION_TIME TIMESTAMP(6),
        PRIMARY KEY (ID)
    );
CREATE INDEX
    ATTEN_RECORD_ID
ON
    CW_GE_RECEPTION_RECORD
    (
        ATTEN_RECORD_ID
    );
CREATE INDEX
    STATUS
ON
    CW_GE_RECEPTION_RECORD
    (
        STATUS
    );
CREATE INDEX
    RECEIVER_ID
ON
    CW_GE_RECEPTION_RECORD
    (
        RECEIVER_ID
    );
CREATE INDEX
    CUSTOMER_ID
ON
    CW_GE_RECEPTION_RECORD
    (
        CUSTOMER_ID
    );
CREATE TABLE
    CW_GE_RESOURCE
    (
        CODE VARCHAR2(192) NOT NULL,
        CNAME VARCHAR2(768),
        ENAME VARCHAR2(768),
        STATUS INTEGER DEFAULT 1 NOT NULL,
        RANK INTEGER,
        RESOURCE_TYPE INTEGER,
        RESOURCE_ORDER INTEGER,
        URL VARCHAR2(768),
        REMARK VARCHAR2(768),
        PICTURE_NAME VARCHAR2(768),
        PARENT_CODE VARCHAR2(192),
        CREATE_USERID VARCHAR2(192),
        CREATE_TIME DATE,
        LAST_UPDATE_USERID VARCHAR2(192),
        LAST_UPDATE_TIME DATE,
        DELETE_USERID VARCHAR2(192),
        DELETE_TIME DATE,
        PRIMARY KEY (CODE)
    );
COMMENT ON TABLE CW_GE_RESOURCE
IS
    '系统资源表';
COMMENT ON COLUMN CW_GE_RESOURCE.CODE
IS
    '资源编码 一级资源1000, 1001,1002,1003  二级资源 10001000 10001002 10011002 10011002 三级资源';
COMMENT ON COLUMN CW_GE_RESOURCE.CNAME
IS
    '资源中文名称';
COMMENT ON COLUMN CW_GE_RESOURCE.ENAME
IS
    '资源英文名称';
COMMENT ON COLUMN CW_GE_RESOURCE.STATUS
IS
    '资源的状态 0,无效  1.正常';
COMMENT ON COLUMN CW_GE_RESOURCE.RANK
IS
    '资源的级别  1.一级资源  2.二级资源 3.三级资源 2.四级资源';
COMMENT ON COLUMN CW_GE_RESOURCE.RESOURCE_TYPE
IS
    '资源的类型 1.菜单  2.按键';
COMMENT ON COLUMN CW_GE_RESOURCE.RESOURCE_ORDER
IS
    '资源的顺序';
COMMENT ON COLUMN CW_GE_RESOURCE.URL
IS
    '资源对应的URL';
COMMENT ON COLUMN CW_GE_RESOURCE.REMARK
IS
    '资源描述';
COMMENT ON COLUMN CW_GE_RESOURCE.PICTURE_NAME
IS
    '资源的图标';
COMMENT ON COLUMN CW_GE_RESOURCE.PARENT_CODE
IS
    '父资源编码';
COMMENT ON COLUMN CW_GE_RESOURCE.CREATE_USERID
IS
    '创建资源的用户ID';
COMMENT ON COLUMN CW_GE_RESOURCE.CREATE_TIME
IS
    '创建时间';
COMMENT ON COLUMN CW_GE_RESOURCE.LAST_UPDATE_USERID
IS
    '最后更新资源的用户ID';
COMMENT ON COLUMN CW_GE_RESOURCE.LAST_UPDATE_TIME
IS
    '最后更新资源的时间';
COMMENT ON COLUMN CW_GE_RESOURCE.DELETE_USERID
IS
    '删除资源的用户ID';
COMMENT ON COLUMN CW_GE_RESOURCE.DELETE_TIME
IS
    '删除时间';
CREATE TABLE
    CW_GE_ROLE
    (
        ID VARCHAR2(192) NOT NULL,
        CNAME VARCHAR2(768),
        ENAME VARCHAR2(768),
        STATUS INTEGER DEFAULT 1 NOT NULL,
        REMARK VARCHAR2(768),
        CREATE_USERID VARCHAR2(192),
        CREATE_TIME DATE,
        LAST_UPDATE_USERID VARCHAR2(192),
        LAST_UPDATE_TIME DATE,
        DELETE_USERID VARCHAR2(192),
        DELETE_TIME DATE,
        PRIMARY KEY (ID)
    );
COMMENT ON TABLE CW_GE_ROLE
IS
    '角色表';
COMMENT ON COLUMN CW_GE_ROLE.ID
IS
    '角色ID';
COMMENT ON COLUMN CW_GE_ROLE.CNAME
IS
    '角色中文名称';
COMMENT ON COLUMN CW_GE_ROLE.ENAME
IS
    '角色英文名称';
COMMENT ON COLUMN CW_GE_ROLE.STATUS
IS
    '角色的状态 0,无效  1.正常';
COMMENT ON COLUMN CW_GE_ROLE.REMARK
IS
    '角色的描述';
COMMENT ON COLUMN CW_GE_ROLE.CREATE_USERID
IS
    '创建角色的用户ID';
COMMENT ON COLUMN CW_GE_ROLE.CREATE_TIME
IS
    '创建时间';
COMMENT ON COLUMN CW_GE_ROLE.LAST_UPDATE_USERID
IS
    '最后更新用户ID';
COMMENT ON COLUMN CW_GE_ROLE.LAST_UPDATE_TIME
IS
    '最后更新的时间';
COMMENT ON COLUMN CW_GE_ROLE.DELETE_USERID
IS
    '删除人用户ID';
COMMENT ON COLUMN CW_GE_ROLE.DELETE_TIME
IS
    '删除时间';
CREATE TABLE
    CW_GE_ROLE_AUTH
    (
        ROLE_ID VARCHAR2(192) NOT NULL,
        AUTH_ID VARCHAR2(192) NOT NULL
    );
COMMENT ON TABLE CW_GE_ROLE_AUTH
IS
    '角色和权限关联表';
COMMENT ON COLUMN CW_GE_ROLE_AUTH.ROLE_ID
IS
    '角色ID';
COMMENT ON COLUMN CW_GE_ROLE_AUTH.AUTH_ID
IS
    '权限ID';
CREATE INDEX
    CW_GE_ROLE_AUTH_ID
ON
    CW_GE_ROLE_AUTH
    (
        AUTH_ID
    );
CREATE TABLE
    CW_GE_STRANGER_ATTEN_RECORD
    (
        ID VARCHAR2(192) NOT NULL,
        USER_ID VARCHAR2(192),
        ORG_CODE VARCHAR2(192),
        SIGN_TIME TIMESTAMP(6),
        SIGN_ADDRESS VARCHAR2(3000),
        SIGN_TYPE INTEGER,
        DEVICE_TYPE INTEGER,
        DEVICE_ID VARCHAR2(192),
        CREATE_TIME TIMESTAMP(6),
        PATH VARCHAR2(768),
        URL VARCHAR2(768),
        SCORE NUMBER(8,4),
        THRESHOLD NUMBER(8,4),
        REMARK VARCHAR2(768),
        VALID_STATE VARCHAR2(5) DEFAULT '0',
        INTERVAL_ID VARCHAR2(192),
        RESULT_STATE VARCHAR2(5) DEFAULT '1',
        CAMERA_NAME VARCHAR2(192),
        STATUS VARCHAR2(192),
        PRIMARY KEY (ID)
    );
COMMENT ON TABLE CW_GE_STRANGER_ATTEN_RECORD
IS
    '人员识别记录';
COMMENT ON COLUMN CW_GE_STRANGER_ATTEN_RECORD.ID
IS
    '主键';
COMMENT ON COLUMN CW_GE_STRANGER_ATTEN_RECORD.USER_ID
IS
    '用户ID（主键）';
COMMENT ON COLUMN CW_GE_STRANGER_ATTEN_RECORD.ORG_CODE
IS
    '机构代码';
COMMENT ON COLUMN CW_GE_STRANGER_ATTEN_RECORD.SIGN_TIME
IS
    '记录时间';
COMMENT ON COLUMN CW_GE_STRANGER_ATTEN_RECORD.SIGN_ADDRESS
IS
    '识别位置';
COMMENT ON COLUMN CW_GE_STRANGER_ATTEN_RECORD.SIGN_TYPE
IS
    '识别类型 1 直接刷脸 2 人证合一';
COMMENT ON COLUMN CW_GE_STRANGER_ATTEN_RECORD.DEVICE_TYPE
IS
    '识别记录设备类型 1：迎宾机 2：门禁机';
COMMENT ON COLUMN CW_GE_STRANGER_ATTEN_RECORD.DEVICE_ID
IS
    '门禁机设备编号';
COMMENT ON COLUMN CW_GE_STRANGER_ATTEN_RECORD.CREATE_TIME
IS
    '创建时间';
COMMENT ON COLUMN CW_GE_STRANGER_ATTEN_RECORD.PATH
IS
    '图片路径';
COMMENT ON COLUMN CW_GE_STRANGER_ATTEN_RECORD.URL
IS
    '图片访问URL';
COMMENT ON COLUMN CW_GE_STRANGER_ATTEN_RECORD.SCORE
IS
    '识别分数';
COMMENT ON COLUMN CW_GE_STRANGER_ATTEN_RECORD.THRESHOLD
IS
    '阈值';
COMMENT ON COLUMN CW_GE_STRANGER_ATTEN_RECORD.REMARK
IS
    '备注';
COMMENT ON COLUMN CW_GE_STRANGER_ATTEN_RECORD.VALID_STATE
IS
    '考勤记录是否有效状态 0代表无效, 1代表有效';
COMMENT ON COLUMN CW_GE_STRANGER_ATTEN_RECORD.INTERVAL_ID
IS
    '考勤记录所属作息时间ID';
COMMENT ON COLUMN CW_GE_STRANGER_ATTEN_RECORD.RESULT_STATE
IS
    '考勤记录操作状态 0代表漏识, 1代表正确';
COMMENT ON COLUMN CW_GE_STRANGER_ATTEN_RECORD.CAMERA_NAME
IS
    '摄像头名称';
COMMENT ON COLUMN CW_GE_STRANGER_ATTEN_RECORD.STATUS
IS
    '识别状态 0代表漏识, 1代表正确';
CREATE TABLE
    CW_GE_SYS_SETTING
    (
        ID VARCHAR2(192) NOT NULL,
        LABEL VARCHAR2(192) NOT NULL,
        REMARK VARCHAR2(768),
        VALUE VARCHAR2(3000),
        DATA_TYPE VARCHAR2(192),
        IS_SHOW INTEGER,
        SORT INTEGER,
        GROUP_ID VARCHAR2(192),
        PRIMARY KEY (ID)
    );
COMMENT ON TABLE CW_GE_SYS_SETTING
IS
    '系统设置表';
COMMENT ON COLUMN CW_GE_SYS_SETTING.ID
IS
    '主键ID';
COMMENT ON COLUMN CW_GE_SYS_SETTING.LABEL
IS
    '设置数据KEY';
COMMENT ON COLUMN CW_GE_SYS_SETTING.REMARK
IS
    '描述';
COMMENT ON COLUMN CW_GE_SYS_SETTING.VALUE
IS
    '设置数据值';
COMMENT ON COLUMN CW_GE_SYS_SETTING.DATA_TYPE
IS
    '数据类型 如string,boolean ';
COMMENT ON COLUMN CW_GE_SYS_SETTING.IS_SHOW
IS
    '是否显示 1 显示，0 不显示';
COMMENT ON COLUMN CW_GE_SYS_SETTING.SORT
IS
    '排序';
COMMENT ON COLUMN CW_GE_SYS_SETTING.GROUP_ID
IS
    '分组ID';
CREATE TABLE
    CW_GE_SYS_SETTING_GROUP
    (
        GROUP_ID VARCHAR2(192) NOT NULL,
        GROUP_NAME VARCHAR2(192) NOT NULL,
        PRIMARY KEY (GROUP_ID)
    );
COMMENT ON TABLE CW_GE_SYS_SETTING_GROUP
IS
    '系统相关设置分组表';
COMMENT ON COLUMN CW_GE_SYS_SETTING_GROUP.GROUP_ID
IS
    '主键ID';
COMMENT ON COLUMN CW_GE_SYS_SETTING_GROUP.GROUP_NAME
IS
    '分组名称';
CREATE TABLE
    CW_GE_USER
    (
        ID VARCHAR2(192) NOT NULL,
        WORK_CODE VARCHAR2(192),
        LOGIN_NAME VARCHAR2(192),
        NAME VARCHAR2(768),
        PASSWORD VARCHAR2(192),
        STATUS INTEGER,
        ORG_CODE VARCHAR2(192),
        DEPT_CODE VARCHAR2(96),
        SHARED INTEGER DEFAULT 0,
        POSITION VARCHAR2(192),
        USER_LEVEL INTEGER,
        GENDER INTEGER,
        USER_TYPE INTEGER,
        ID_CARD VARCHAR2(96),
        BIRTHDAY DATE,
        EMAIL VARCHAR2(768),
        PICTURE_NAME VARCHAR2(768),
        CUSTOMER_PIC_NAME VARCHAR2(768),
        TELEPHONE VARCHAR2(96),
        PROMPT_TYPE VARCHAR2(5),
        PROMPT_CONTENT VARCHAR2(192),
        CARD_ID VARCHAR2(192),
        REMARK VARCHAR2(768),
        SEND_SMS INTEGER,
        OPEN_DOOR INTEGER,
        BUILDING_CODE VARCHAR2(192),
        HOUSE_CODE VARCHAR2(192),
        CREATE_USERID VARCHAR2(192),
        RECOGNITION_TYPE INTEGER DEFAULT 1,
        RECOGNITION_OPTIMIZE INTEGER DEFAULT 0,
        CREATE_TIME DATE,
        LAST_UPDATE_USERID VARCHAR2(192),
        LAST_UPDATE_TIME DATE,
        DELETE_USERID VARCHAR2(192),
        DELETE_TIME DATE,
        FAVOURITE VARCHAR2(768),
        C1 VARCHAR2(768),
        C2 VARCHAR2(768),
        C3 VARCHAR2(768),
        C4 VARCHAR2(768),
        C5 VARCHAR2(768),
        C6 VARCHAR2(768),
        C7 VARCHAR2(768),
        C8 VARCHAR2(768),
        C9 VARCHAR2(768),
        C10 VARCHAR2(768),
        C11 VARCHAR2(768),
        C12 VARCHAR2(768),
        C13 VARCHAR2(768),
        C14 VARCHAR2(768),
        C15 VARCHAR2(768),
        C16 VARCHAR2(768),
        C17 VARCHAR2(768),
        C18 VARCHAR2(768),
        C19 VARCHAR2(768),
        C20 VARCHAR2(768),
        C21 VARCHAR2(768),
        C22 VARCHAR2(768),
        C23 VARCHAR2(768),
        C24 VARCHAR2(768),
        C25 VARCHAR2(768),
        C26 VARCHAR2(768),
        C27 VARCHAR2(768),
        C28 VARCHAR2(768),
        C29 VARCHAR2(768),
        C30 VARCHAR2(768),
        PRIMARY KEY (ID)
    );
COMMENT ON TABLE CW_GE_USER
IS
    '用户表';
COMMENT ON COLUMN CW_GE_USER.ID
IS
    '用户ID';
COMMENT ON COLUMN CW_GE_USER.WORK_CODE
IS
    '编号';
COMMENT ON COLUMN CW_GE_USER.LOGIN_NAME
IS
    '用户名';
COMMENT ON COLUMN CW_GE_USER.NAME
IS
    '全名';
COMMENT ON COLUMN CW_GE_USER.PASSWORD
IS
    '密码';
COMMENT ON COLUMN CW_GE_USER.STATUS
IS
    '用户状态(1 正常  0停用)';
COMMENT ON COLUMN CW_GE_USER.ORG_CODE
IS
    '机构代码';
COMMENT ON COLUMN CW_GE_USER.DEPT_CODE
IS
    '部门代码';
COMMENT ON COLUMN CW_GE_USER.SHARED
IS
    '是否共享全行 (1 共享  0不共享)';
COMMENT ON COLUMN CW_GE_USER.POSITION
IS
    '职位';
COMMENT ON COLUMN CW_GE_USER.USER_LEVEL
IS
    '用户或客户级别　1代表一级　２代表二级依次类推';
COMMENT ON COLUMN CW_GE_USER.GENDER
IS
    '性别';
COMMENT ON COLUMN CW_GE_USER.USER_TYPE
IS
    '人员类型 1.普通人员 2.VIP用户 3.黑名单';
COMMENT ON COLUMN CW_GE_USER.ID_CARD
IS
    '身份证号码';
COMMENT ON COLUMN CW_GE_USER.BIRTHDAY
IS
    '出生日期';
COMMENT ON COLUMN CW_GE_USER.EMAIL
IS
    '邮件';
COMMENT ON COLUMN CW_GE_USER.PICTURE_NAME
IS
    '照片名称';
COMMENT ON COLUMN CW_GE_USER.CUSTOMER_PIC_NAME
IS
    '自定义照片路径';
COMMENT ON COLUMN CW_GE_USER.TELEPHONE
IS
    '联系电话';
COMMENT ON COLUMN CW_GE_USER.PROMPT_TYPE
IS
    '提示类型1：卡片 2：声音 3：卡片+声音';
COMMENT ON COLUMN CW_GE_USER.PROMPT_CONTENT
IS
    '提示文字';
COMMENT ON COLUMN CW_GE_USER.CARD_ID
IS
    '卡片ID';
COMMENT ON COLUMN CW_GE_USER.REMARK
IS
    '备注';
COMMENT ON COLUMN CW_GE_USER.SEND_SMS
IS
    '是否发送短信(1 发送  0不发送)';
COMMENT ON COLUMN CW_GE_USER.OPEN_DOOR
IS
    '是否开门(1 开门  0不开门)';
COMMENT ON COLUMN CW_GE_USER.BUILDING_CODE
IS
    '楼栋代码';
COMMENT ON COLUMN CW_GE_USER.HOUSE_CODE
IS
    '房间代码';
COMMENT ON COLUMN CW_GE_USER.CREATE_USERID
IS
    '创建人ID';
COMMENT ON COLUMN CW_GE_USER.RECOGNITION_TYPE
IS
    '识别方式 1.直接刷脸 2.人证合一';
COMMENT ON COLUMN CW_GE_USER.RECOGNITION_OPTIMIZE
IS
    '识别优化 1.进行优化 0.普通';
COMMENT ON COLUMN CW_GE_USER.CREATE_TIME
IS
    '创建时间';
COMMENT ON COLUMN CW_GE_USER.LAST_UPDATE_USERID
IS
    '最后更新的用户ID';
COMMENT ON COLUMN CW_GE_USER.LAST_UPDATE_TIME
IS
    '最后更新的时间';
COMMENT ON COLUMN CW_GE_USER.DELETE_USERID
IS
    '删除人的用户ID';
COMMENT ON COLUMN CW_GE_USER.DELETE_TIME
IS
    '注销时间';
COMMENT ON COLUMN CW_GE_USER.FAVOURITE
IS
    '喜好';
CREATE UNIQUE INDEX
    USER_WORK_CODE
ON
    CW_GE_USER
    (
        WORK_CODE
    );
CREATE INDEX
    USER_LOGIN_NAME
ON
    CW_GE_USER
    (
        LOGIN_NAME
    );
CREATE INDEX
    USER_ID_CARD
ON
    CW_GE_USER
    (
        ID_CARD
    );
CREATE INDEX
    USER_USER_TYPE
ON
    CW_GE_USER
    (
        USER_TYPE
    );
CREATE INDEX
    USER_NAME
ON
    CW_GE_USER
    (
        NAME
    );
CREATE TABLE
    CW_GE_USER_ATTEN_RECORD
    (
        ID VARCHAR2(192) NOT NULL,
        USER_ID VARCHAR2(192) NOT NULL,
        ORG_CODE VARCHAR2(192),
        SIGN_TIME TIMESTAMP(6),
        SIGN_ADDRESS VARCHAR2(3000),
        SIGN_TYPE INTEGER,
        DEVICE_TYPE INTEGER,
        DEVICE_ID VARCHAR2(192),
        CREATE_TIME TIMESTAMP(6),
        PATH VARCHAR2(768),
        URL VARCHAR2(768),
        SCORE NUMBER(8,4),
        THRESHOLD NUMBER(8,4),
        REMARK VARCHAR2(768),
        VALID_STATE VARCHAR2(5) DEFAULT '0',
        INTERVAL_ID VARCHAR2(192),
        RESULT_STATE VARCHAR2(5) DEFAULT '1',
        CAMERA_NAME VARCHAR2(192),
        STATUS VARCHAR2(192),
        PRIMARY KEY (ID)
    );
COMMENT ON TABLE CW_GE_USER_ATTEN_RECORD
IS
    '人员识别记录';
COMMENT ON COLUMN CW_GE_USER_ATTEN_RECORD.ID
IS
    '主键';
COMMENT ON COLUMN CW_GE_USER_ATTEN_RECORD.USER_ID
IS
    '用户ID（主键）';
COMMENT ON COLUMN CW_GE_USER_ATTEN_RECORD.ORG_CODE
IS
    '机构代码';
COMMENT ON COLUMN CW_GE_USER_ATTEN_RECORD.SIGN_TIME
IS
    '记录时间';
COMMENT ON COLUMN CW_GE_USER_ATTEN_RECORD.SIGN_ADDRESS
IS
    '识别位置';
COMMENT ON COLUMN CW_GE_USER_ATTEN_RECORD.SIGN_TYPE
IS
    '识别类型 1 直接刷脸 2 人证合一';
COMMENT ON COLUMN CW_GE_USER_ATTEN_RECORD.DEVICE_TYPE
IS
    '识别记录设备类型 1：迎宾机 2：门禁机';
COMMENT ON COLUMN CW_GE_USER_ATTEN_RECORD.DEVICE_ID
IS
    '门禁机设备编号';
COMMENT ON COLUMN CW_GE_USER_ATTEN_RECORD.CREATE_TIME
IS
    '创建时间';
COMMENT ON COLUMN CW_GE_USER_ATTEN_RECORD.PATH
IS
    '图片路径';
COMMENT ON COLUMN CW_GE_USER_ATTEN_RECORD.URL
IS
    '图片访问URL';
COMMENT ON COLUMN CW_GE_USER_ATTEN_RECORD.SCORE
IS
    '识别分数';
COMMENT ON COLUMN CW_GE_USER_ATTEN_RECORD.THRESHOLD
IS
    '阈值';
COMMENT ON COLUMN CW_GE_USER_ATTEN_RECORD.REMARK
IS
    '备注';
COMMENT ON COLUMN CW_GE_USER_ATTEN_RECORD.VALID_STATE
IS
    '考勤记录是否有效状态 0代表无效, 1代表有效';
COMMENT ON COLUMN CW_GE_USER_ATTEN_RECORD.INTERVAL_ID
IS
    '考勤记录所属作息时间ID';
COMMENT ON COLUMN CW_GE_USER_ATTEN_RECORD.RESULT_STATE
IS
    '考勤记录操作状态 0代表漏识, 1代表正确';
COMMENT ON COLUMN CW_GE_USER_ATTEN_RECORD.CAMERA_NAME
IS
    '摄像头名称';
COMMENT ON COLUMN CW_GE_USER_ATTEN_RECORD.STATUS
IS
    '识别状态 0代表漏识, 1代表正确';
CREATE TABLE
    CW_GE_USER_DEPTAUTH
    (
        USER_ID VARCHAR2(192) NOT NULL,
        DEPT_CODE VARCHAR2(192) NOT NULL,
        ORG_CODE VARCHAR2(192) NOT NULL,
        PRIMARY KEY (USER_ID, DEPT_CODE)
    );
COMMENT ON TABLE CW_GE_USER_DEPTAUTH
IS
    '数据权限的中间表，将数据权限具体到部门';
COMMENT ON COLUMN CW_GE_USER_DEPTAUTH.USER_ID
IS
    '用户ID';
COMMENT ON COLUMN CW_GE_USER_DEPTAUTH.DEPT_CODE
IS
    '部门代码';
COMMENT ON COLUMN CW_GE_USER_DEPTAUTH.ORG_CODE
IS
    '机构代码';
CREATE INDEX
    IDX_DEPTAUTH_USER_ID
ON
    CW_GE_USER_DEPTAUTH
    (
        USER_ID
    );
CREATE TABLE
    CW_GE_USER_EXTENSION
    (
        ID VARCHAR2(192) NOT NULL,
        NAME VARCHAR2(192),
        VALUE_TYPE VARCHAR2(192),
        ATT_NAME VARCHAR2(768),
        REQUIRED INTEGER DEFAULT 0,
        ATT_ORDER INTEGER DEFAULT 0,
        REMARK VARCHAR2(768),
        PRIMARY KEY (ID)
    );
COMMENT ON TABLE CW_GE_USER_EXTENSION
IS
    '用户扩展信息表';
COMMENT ON COLUMN CW_GE_USER_EXTENSION.ID
IS
    'ID';
COMMENT ON COLUMN CW_GE_USER_EXTENSION.NAME
IS
    '名称';
COMMENT ON COLUMN CW_GE_USER_EXTENSION.VALUE_TYPE
IS
    '值类型';
COMMENT ON COLUMN CW_GE_USER_EXTENSION.ATT_NAME
IS
    '属性名称';
COMMENT ON COLUMN CW_GE_USER_EXTENSION.REQUIRED
IS    '是否必填,默认0(0-非必填,1-必填)';
COMMENT ON COLUMN CW_GE_USER_EXTENSION.ATT_ORDER
IS
    '顺序';
COMMENT ON COLUMN CW_GE_USER_EXTENSION.REMARK
IS
    '备注';
CREATE TABLE
    CW_GE_USER_HISTORY
    (
        ID VARCHAR2(192) NOT NULL,
        WORK_CODE VARCHAR2(192),
        NAME VARCHAR2(768),
        GENDER INTEGER,
        USER_TYPE INTEGER,
        ID_CARD VARCHAR2(96),
        CREATE_TIME TIMESTAMP(6),
        PRIMARY KEY (ID)
    );
COMMENT ON TABLE CW_GE_USER_HISTORY
IS
    '用户表';
COMMENT ON COLUMN CW_GE_USER_HISTORY.ID
IS
    '用户ID';
COMMENT ON COLUMN CW_GE_USER_HISTORY.WORK_CODE
IS
    '编号';
COMMENT ON COLUMN CW_GE_USER_HISTORY.NAME
IS
    '全名';
COMMENT ON COLUMN CW_GE_USER_HISTORY.GENDER
IS
    '性别';
COMMENT ON COLUMN CW_GE_USER_HISTORY.USER_TYPE
IS
    '人员类型 1.普通人员 2.VIP用户 3.黑名单';
COMMENT ON COLUMN CW_GE_USER_HISTORY.ID_CARD
IS
    '身份证号码';
COMMENT ON COLUMN CW_GE_USER_HISTORY.CREATE_TIME
IS
    '创建时间';
CREATE TABLE
    CW_GE_USER_PICTURE
    (
        ID VARCHAR2(192) NOT NULL,
        USER_ID VARCHAR2(192) NOT NULL,
        PICTURE_NAME VARCHAR2(768) NOT NULL,
        FEATURE VARCHAR2(1500),
        MD5 VARCHAR2(50),
        FACE_ID VARCHAR2(192),
        ADD_TIME DATE DEFAULT NULL ,
        PICTURE_INDEX INTEGER,
        PRIMARY KEY (ID)
    );
COMMENT ON TABLE CW_GE_USER_PICTURE
IS
    '用户图像表';
COMMENT ON COLUMN CW_GE_USER_PICTURE.ID
IS
    '主键ID';
COMMENT ON COLUMN CW_GE_USER_PICTURE.USER_ID
IS
    '用户ID';
COMMENT ON COLUMN CW_GE_USER_PICTURE.PICTURE_NAME
IS
    '照片路径';
COMMENT ON COLUMN CW_GE_USER_PICTURE.FEATURE
IS
    '特征值';
COMMENT ON COLUMN CW_GE_USER_PICTURE.MD5
IS
    '照片MD5';
COMMENT ON COLUMN CW_GE_USER_PICTURE.FACE_ID
IS
    '人脸库id';
COMMENT ON COLUMN CW_GE_USER_PICTURE.ADD_TIME
IS
    '添加时间';
COMMENT ON COLUMN CW_GE_USER_PICTURE.PICTURE_INDEX
IS
    '图片序号';
CREATE UNIQUE INDEX
    UNIQUE_UP_ID_NAME
ON
    CW_GE_USER_PICTURE
    (
        USER_ID,
        PICTURE_NAME
    );
CREATE TABLE
    CW_GE_USER_PICTURE_HISTORY
    (
        ID VARCHAR2(192) NOT NULL,
        USER_ID VARCHAR2(192) NOT NULL,
        PICTURE_NAME VARCHAR2(768) NOT NULL,
        FEATURE VARCHAR2(1500),
        MD5 VARCHAR2(50),
        FACE_ID VARCHAR2(192),
        ADD_TIME DATE DEFAULT NULL ,
        PICTURE_INDEX INTEGER,
        PRIMARY KEY (ID)
    );
COMMENT ON TABLE CW_GE_USER_PICTURE_HISTORY
IS
    '用户图像表';
COMMENT ON COLUMN CW_GE_USER_PICTURE_HISTORY.ID
IS
    '主键ID';
COMMENT ON COLUMN CW_GE_USER_PICTURE_HISTORY.USER_ID
IS
    '用户ID';
COMMENT ON COLUMN CW_GE_USER_PICTURE_HISTORY.PICTURE_NAME
IS
    '照片路径';
COMMENT ON COLUMN CW_GE_USER_PICTURE_HISTORY.FEATURE
IS
    '特征值';
COMMENT ON COLUMN CW_GE_USER_PICTURE_HISTORY.MD5
IS
    'MD5值';
COMMENT ON COLUMN CW_GE_USER_PICTURE_HISTORY.FACE_ID
IS
    '人脸库id';
COMMENT ON COLUMN CW_GE_USER_PICTURE_HISTORY.ADD_TIME
IS
    '添加时间';
COMMENT ON COLUMN CW_GE_USER_PICTURE_HISTORY.PICTURE_INDEX
IS
    '图片序号';
CREATE UNIQUE INDEX
    UNIQUE2_UP_ID_NAME
ON
    CW_GE_USER_PICTURE_HISTORY
    (
        USER_ID,
        PICTURE_NAME
    );
CREATE TABLE
    CW_GE_USER_POC_RECORD
    (
        ID VARCHAR2(192) NOT NULL,
        GROUP_ID VARCHAR2(192) NOT NULL,
        USER_ID VARCHAR2(192) NOT NULL,
        ORG_CODE VARCHAR2(192),
        SIGN_TIME TIMESTAMP(6),
        SIGN_ADDRESS VARCHAR2(3000),
        SIGN_TYPE INTEGER,
        DEVICE_TYPE INTEGER,
        DEVICE_ID VARCHAR2(192),
        CREATE_TIME TIMESTAMP(6),
        PATH VARCHAR2(768),
        URL VARCHAR2(768),
        SCORE NUMBER(8,4),
        THRESHOLD NUMBER(8,4),
        REMARK VARCHAR2(768),
        VALID_STATE VARCHAR2(5) DEFAULT '0',
        INTERVAL_ID VARCHAR2(192),
        RESULT_STATE VARCHAR2(5) DEFAULT '1',
        CAMERA_NAME VARCHAR2(192),
        STATUS VARCHAR2(192),
        PRIMARY KEY (ID)
    );
COMMENT ON TABLE CW_GE_USER_POC_RECORD
IS
    'POC TOPN识别记录';
COMMENT ON COLUMN CW_GE_USER_POC_RECORD.ID
IS
    '主键';
COMMENT ON COLUMN CW_GE_USER_POC_RECORD.GROUP_ID
IS
    '所属识别组ID';
COMMENT ON COLUMN CW_GE_USER_POC_RECORD.USER_ID
IS
    '用户ID（主键）';
COMMENT ON COLUMN CW_GE_USER_POC_RECORD.ORG_CODE
IS
    '机构代码';
COMMENT ON COLUMN CW_GE_USER_POC_RECORD.SIGN_TIME
IS
    '记录时间';
COMMENT ON COLUMN CW_GE_USER_POC_RECORD.SIGN_ADDRESS
IS
    '识别位置';
COMMENT ON COLUMN CW_GE_USER_POC_RECORD.SIGN_TYPE
IS
    '识别类型 1 直接刷脸 2 人证合一';
COMMENT ON COLUMN CW_GE_USER_POC_RECORD.DEVICE_TYPE
IS
    '识别记录设备类型 1：迎宾机 2：门禁机';
COMMENT ON COLUMN CW_GE_USER_POC_RECORD.DEVICE_ID
IS
    '门禁机设备编号';
COMMENT ON COLUMN CW_GE_USER_POC_RECORD.CREATE_TIME
IS
    '创建时间';
COMMENT ON COLUMN CW_GE_USER_POC_RECORD.PATH
IS
    '图片路径';
COMMENT ON COLUMN CW_GE_USER_POC_RECORD.URL
IS
    '图片访问URL';
COMMENT ON COLUMN CW_GE_USER_POC_RECORD.SCORE
IS
    '识别分数';
COMMENT ON COLUMN CW_GE_USER_POC_RECORD.THRESHOLD
IS
    '阈值';
COMMENT ON COLUMN CW_GE_USER_POC_RECORD.REMARK
IS
    '备注';
COMMENT ON COLUMN CW_GE_USER_POC_RECORD.VALID_STATE
IS
    '考勤记录是否有效状态 0代表无效, 1代表有效';
COMMENT ON COLUMN CW_GE_USER_POC_RECORD.INTERVAL_ID
IS
    '考勤记录所属作息时间ID';
COMMENT ON COLUMN CW_GE_USER_POC_RECORD.RESULT_STATE
IS
    '考勤记录操作状态 0代表漏识, 1代表正确';
COMMENT ON COLUMN CW_GE_USER_POC_RECORD.CAMERA_NAME
IS
    '摄像头名称';
COMMENT ON COLUMN CW_GE_USER_POC_RECORD.STATUS
IS
    '识别状态 0代表漏识, 1代表正确';
CREATE TABLE
    CW_GE_USER_ROLE
    (
        ROLE_ID VARCHAR2(192) NOT NULL,
        USER_ID VARCHAR2(192) NOT NULL,
        PRIMARY KEY (ROLE_ID, USER_ID)
    );
CREATE INDEX
    CW_GE_USER_ROLE_UID
ON
    CW_GE_USER_ROLE
    (
        USER_ID
    );
CREATE TABLE
    CW_GE_USER_TEMPLATE
    (
        ID VARCHAR2(64) NOT NULL,
        USER_ID VARCHAR2(64) NOT NULL,
        USER_TYPE NUMBER(2) NOT NULL,
        TYPE NUMBER(2) NOT NULL,
        TEMPLATE_CONTENT VARCHAR2(1000) NOT NULL,
        PRIMARY KEY (ID)
    );
COMMENT ON TABLE CW_GE_USER_TEMPLATE
IS
    '用户批量导入模板设置';
COMMENT ON COLUMN CW_GE_USER_TEMPLATE.ID
IS
    'ID';
COMMENT ON COLUMN CW_GE_USER_TEMPLATE.USER_ID
IS
    '人员ID';
COMMENT ON COLUMN CW_GE_USER_TEMPLATE.USER_TYPE
IS
    '导入用户类型1. 员工  2. VIP';
COMMENT ON COLUMN CW_GE_USER_TEMPLATE.TYPE
IS
    '模板类型1. 文件命名规则  2. Excel导入   3. CSV文件导入';
COMMENT ON COLUMN CW_GE_USER_TEMPLATE.TEMPLATE_CONTENT
IS
    '模板规则JSON数据内容';
CREATE TABLE
    CW_GE_VERSION
    (
        ID VARCHAR2(192) NOT NULL,
        APPLY_NAME VARCHAR2(768),
        VERSION_TYPE INTEGER,
        FILE_SIZE NUMBER(8,4),
        VERSION_NUM VARCHAR2(96),
        PRODUCT_URL VARCHAR2(3000),
        FILE_NAME VARCHAR2(768),
        STATUS INTEGER DEFAULT '1',
        REMARK VARCHAR2(3000),
        CREATE_USERID VARCHAR2(192),
        CREATE_TIME DATE,
        LAST_UPDATE_USERID VARCHAR2(192),
        LAST_UPDATE_TIME DATE,
        DELETE_USERID VARCHAR2(192),
        DELETE_TIME DATE,
        PRIMARY KEY (ID)
    );
COMMENT ON TABLE CW_GE_VERSION
IS
    '版本维护表';
COMMENT ON COLUMN CW_GE_VERSION.ID
IS
    '版本ID';
COMMENT ON COLUMN CW_GE_VERSION.APPLY_NAME
IS
    '应用名称';
COMMENT ON COLUMN CW_GE_VERSION.VERSION_TYPE
IS
    '版本类型  1.安卓 2.Windows';
COMMENT ON COLUMN CW_GE_VERSION.FILE_SIZE
IS
    '文件大小';
COMMENT ON COLUMN CW_GE_VERSION.VERSION_NUM
IS
    '版本号';
COMMENT ON COLUMN CW_GE_VERSION.PRODUCT_URL
IS
    '产品地址';
COMMENT ON COLUMN CW_GE_VERSION.FILE_NAME
IS
    '产品名称';
COMMENT ON COLUMN CW_GE_VERSION.STATUS
IS
    '状态';
COMMENT ON COLUMN CW_GE_VERSION.REMARK
IS
    '备注';
COMMENT ON COLUMN CW_GE_VERSION.CREATE_USERID
IS
    '创建的用户ID';
COMMENT ON COLUMN CW_GE_VERSION.CREATE_TIME
IS
    '创建的时间';
COMMENT ON COLUMN CW_GE_VERSION.LAST_UPDATE_USERID
IS
    '最后更新的用户ID';
COMMENT ON COLUMN CW_GE_VERSION.LAST_UPDATE_TIME
IS
    '最后更新的时间';
COMMENT ON COLUMN CW_GE_VERSION.DELETE_USERID
IS
    '删除的用户ID';
COMMENT ON COLUMN CW_GE_VERSION.DELETE_TIME
IS
    '删除的时间';
CREATE TABLE
    CW_GE_VISITOR
    (
        ID VARCHAR2(192) NOT NULL,
        TYPE INTEGER,
        NAME VARCHAR2(192) NOT NULL,
        ID_CARD VARCHAR2(96),
        GENDER INTEGER,
        COMPANY_NAME VARCHAR2(192),
        POSITION VARCHAR2(192),
        EMAIL VARCHAR2(768),
        TELEPHONE VARCHAR2(96),
        PICTURE_NAME VARCHAR2(768),
        CUSTOMER_PIC_NAME VARCHAR2(768),
        RECEPTIONIST VARCHAR2(192),
        RECEPTIONIST_TEL VARCHAR2(192),
        RECEPTIONIST_USERID VARCHAR2(192),
        PROMPT_TYPE VARCHAR2(5),
        CARDID VARCHAR2(192),
        PROMPT_CONTENT VARCHAR2(192),
        REMARK VARCHAR2(768),
        EXPIRY_START_DATE DATE,
        EXPIRY_DATE_END DATE,
        CREATE_USERID VARCHAR2(192),
        LAST_UPDATE_USERID VARCHAR2(192),
        LAST_UPDATE_TIME DATE,
        DELETE_USERID VARCHAR2(192),
        DELETE_TIME DATE,
        DEVICE_ID VARCHAR2(96),
        CREATE_TIME DATE,
        STATUS INTEGER,
        PRIMARY KEY (ID)
    );
COMMENT ON TABLE CW_GE_VISITOR
IS
    '访客表';
COMMENT ON COLUMN CW_GE_VISITOR.ID
IS
    '访客ID';
COMMENT ON COLUMN CW_GE_VISITOR.TYPE
IS
    '数据来源1普通2人证合一';
COMMENT ON COLUMN CW_GE_VISITOR.NAME
IS
    '访客姓名';
COMMENT ON COLUMN CW_GE_VISITOR.ID_CARD
IS
    '身份证号码';
COMMENT ON COLUMN CW_GE_VISITOR.GENDER
IS
    '性别';
COMMENT ON COLUMN CW_GE_VISITOR.COMPANY_NAME
IS
    '访客公司名称';
COMMENT ON COLUMN CW_GE_VISITOR.POSITION
IS
    '访客职位';
COMMENT ON COLUMN CW_GE_VISITOR.EMAIL
IS
    '邮件';
COMMENT ON COLUMN CW_GE_VISITOR.TELEPHONE
IS
    '联系电话';
COMMENT ON COLUMN CW_GE_VISITOR.PICTURE_NAME
IS
    '照片名称';
COMMENT ON COLUMN CW_GE_VISITOR.CUSTOMER_PIC_NAME
IS
    '自定义照片路径';
COMMENT ON COLUMN CW_GE_VISITOR.RECEPTIONIST
IS
    '接待人姓名';
COMMENT ON COLUMN CW_GE_VISITOR.RECEPTIONIST_TEL
IS
    '接待人手机';
COMMENT ON COLUMN CW_GE_VISITOR.RECEPTIONIST_USERID
IS
    '接待人，关联用户表';
COMMENT ON COLUMN CW_GE_VISITOR.PROMPT_TYPE
IS
    '提示类型1：卡片 2：声音 3：卡片+声音';
COMMENT ON COLUMN CW_GE_VISITOR.CARDID
IS
    '关联CW_GE_CARD 主键 卡片ID';
COMMENT ON COLUMN CW_GE_VISITOR.PROMPT_CONTENT
IS
    '提示文字';
COMMENT ON COLUMN CW_GE_VISITOR.REMARK
IS
    '备注';
COMMENT ON COLUMN CW_GE_VISITOR.EXPIRY_START_DATE
IS
    '有效开始时间';
COMMENT ON COLUMN CW_GE_VISITOR.EXPIRY_DATE_END
IS
    '有效结束时间';
COMMENT ON COLUMN CW_GE_VISITOR.CREATE_USERID
IS
    '创建的用户ID';
COMMENT ON COLUMN CW_GE_VISITOR.LAST_UPDATE_USERID
IS
    '最后更新的用户ID';
COMMENT ON COLUMN CW_GE_VISITOR.LAST_UPDATE_TIME
IS
    '最后更新的时间';
COMMENT ON COLUMN CW_GE_VISITOR.DELETE_USERID
IS
    '删除的用户ID';
COMMENT ON COLUMN CW_GE_VISITOR.DELETE_TIME
IS
    '删除的时间';
COMMENT ON COLUMN CW_GE_VISITOR.DEVICE_ID
IS
    '注册设备ID';
COMMENT ON COLUMN CW_GE_VISITOR.CREATE_TIME
IS
    '创建时间';
CREATE TABLE
    CW_LEAVE_FORM_DETAIL
    (
        FORM_ID VARCHAR2(36) NOT NULL,
        APPLY_PERSON VARCHAR2(20),
        NAME VARCHAR2(20),
        LEAVE_TYPE VARCHAR2(10),
        LEAVE_REASON VARCHAR2(10),
        BEGINTIME VARCHAR2(20),
        ENDTIME VARCHAR2(20),
        REIMBURSEMENT VARCHAR2(10),
        VEHICLE VARCHAR2(100),
        LOAN VARCHAR2(20),
        REMARK VARCHAR2(255),
        DESTINATION VARCHAR2(100),
        PRIMARY KEY (FORM_ID)
    );
COMMENT ON TABLE CW_LEAVE_FORM_DETAIL
IS
    '请假详情表';
COMMENT ON COLUMN CW_LEAVE_FORM_DETAIL.FORM_ID
IS
    '申请单ID';
COMMENT ON COLUMN CW_LEAVE_FORM_DETAIL.APPLY_PERSON
IS
    '员工编号';
COMMENT ON COLUMN CW_LEAVE_FORM_DETAIL.NAME
IS
    '员工姓名';
COMMENT ON COLUMN CW_LEAVE_FORM_DETAIL.LEAVE_TYPE
IS
    '请假类型';
COMMENT ON COLUMN CW_LEAVE_FORM_DETAIL.LEAVE_REASON
IS
    '请假事由';
COMMENT ON COLUMN CW_LEAVE_FORM_DETAIL.BEGINTIME
IS
    '开始时间';
COMMENT ON COLUMN CW_LEAVE_FORM_DETAIL.ENDTIME
IS
    '结束时间';
COMMENT ON COLUMN CW_LEAVE_FORM_DETAIL.REIMBURSEMENT
IS
    '是否报销';
COMMENT ON COLUMN CW_LEAVE_FORM_DETAIL.VEHICLE
IS
    '交通工具';
COMMENT ON COLUMN CW_LEAVE_FORM_DETAIL.LOAN
IS
    '借款金额';
COMMENT ON COLUMN CW_LEAVE_FORM_DETAIL.REMARK
IS
    '请假详情';
COMMENT ON COLUMN CW_LEAVE_FORM_DETAIL.DESTINATION
IS
    '目的地';
CREATE TABLE
    CW_LOG_ATTEN_RECORD_TO_RESULT
    (
        ID VARCHAR2(50) NOT NULL,
        REMARK VARCHAR2(255),
        CREATE_TIME TIMESTAMP(6),
        PRIMARY KEY (ID)
    );
COMMENT ON TABLE CW_LOG_ATTEN_RECORD_TO_RESULT
IS
    '考勤记录转结果日志类';
COMMENT ON COLUMN CW_LOG_ATTEN_RECORD_TO_RESULT.ID
IS
    'ID主键';
COMMENT ON COLUMN CW_LOG_ATTEN_RECORD_TO_RESULT.REMARK
IS
    '描述信息';
COMMENT ON COLUMN CW_LOG_ATTEN_RECORD_TO_RESULT.CREATE_TIME
IS
    '创建时间';
CREATE TABLE
    CW_LOG_CHANNELFLOW
    (
        ID VARCHAR2(192) NOT NULL,
        CHANNEL VARCHAR2(192),
        BUSCODE VARCHAR2(192),
        REQUEST_MSG CLOB,
        RESPONSE_MSG CLOB,
        STATUS VARCHAR2(192),
        RESP_CODE VARCHAR2(192),
        RESP_DESC VARCHAR2(3000),
        FILE_PATH VARCHAR2(768),
        FILE_TYPE VARCHAR2(192),
        USER_NAME VARCHAR2(192),
        CUST_NO VARCHAR2(192),
        ID_CARD VARCHAR2(192),
        PHONE VARCHAR2(192),
        CHANNEL_TRADING_FLOW_NO VARCHAR2(192),
        CHANNEL_TRADING_DATE VARCHAR2(192),
        CHANNEL_TRADING_TIME VARCHAR2(192),
        CREATE_USERID VARCHAR2(192),
        CREATE_TIME TIMESTAMP(6),
        PRIMARY KEY (ID)
    );
COMMENT ON TABLE CW_LOG_CHANNELFLOW
IS
    '渠道流水表';
COMMENT ON COLUMN CW_LOG_CHANNELFLOW.ID
IS
    '主键';
COMMENT ON COLUMN CW_LOG_CHANNELFLOW.CHANNEL
IS
    '渠道';
COMMENT ON COLUMN CW_LOG_CHANNELFLOW.BUSCODE
IS
    '业务类型编码';
COMMENT ON COLUMN CW_LOG_CHANNELFLOW.REQUEST_MSG
IS
    '发送报文（一般不包含图片）';
COMMENT ON COLUMN CW_LOG_CHANNELFLOW.RESPONSE_MSG
IS
    '返回报文（一般不包含图片）';
COMMENT ON COLUMN CW_LOG_CHANNELFLOW.STATUS
IS
    '0 失败，1 成功';
COMMENT ON COLUMN CW_LOG_CHANNELFLOW.RESP_CODE
IS
    '错误码';
COMMENT ON COLUMN CW_LOG_CHANNELFLOW.RESP_DESC
IS
    '错误信息';
COMMENT ON COLUMN CW_LOG_CHANNELFLOW.FILE_PATH
IS
    '文件路径';
COMMENT ON COLUMN CW_LOG_CHANNELFLOW.USER_NAME
IS
    '用户名';
COMMENT ON COLUMN CW_LOG_CHANNELFLOW.CUST_NO
IS
    '客户号';
COMMENT ON COLUMN CW_LOG_CHANNELFLOW.ID_CARD
IS
    '身份证号';
COMMENT ON COLUMN CW_LOG_CHANNELFLOW.PHONE
IS
    '手机号';
COMMENT ON COLUMN CW_LOG_CHANNELFLOW.CHANNEL_TRADING_FLOW_NO
IS
    '交易流水';
COMMENT ON COLUMN CW_LOG_CHANNELFLOW.CHANNEL_TRADING_DATE
IS
    '交易日期yyyyMMdd';
COMMENT ON COLUMN CW_LOG_CHANNELFLOW.CHANNEL_TRADING_TIME
IS
    '交易时间HHmmss';
COMMENT ON COLUMN CW_LOG_CHANNELFLOW.CREATE_USERID
IS
    '创建人';
COMMENT ON COLUMN CW_LOG_CHANNELFLOW.CREATE_TIME
IS
    '创建时间';
CREATE TABLE
    CW_LOG_DEVICE_FACE_DETAILS
    (
        ID VARCHAR2(64) NOT NULL,
        BATCH_NO VARCHAR2(64) NOT NULL,
        DEVICE_ID VARCHAR2(64) NOT NULL,
        DEVICE_CODE VARCHAR2(64),
        DEVICE_NAME VARCHAR2(64),
        USER_ID VARCHAR2(64) NOT NULL,
        USER_NAME VARCHAR2(64),
        PICTURE_ID VARCHAR2(64) NOT NULL,
        FEATURE_ID VARCHAR2(64),
        FACE_ID VARCHAR2(64) NOT NULL,
        USER_TYPE INTEGER,
        RECOGNITION_TYPE INTEGER,
        MSG_TYPE INTEGER,
        IMG_FAIL_NAME VARCHAR2(1000),
        RESPONSE_MSG VARCHAR2(1000),
        RESPONSE_CODE INTEGER,
        REMARK VARCHAR2(1000),
        STATUS INTEGER,
        CREATE_USERID VARCHAR2(64),
        CREATE_TIME DATE,
        PRIMARY KEY (ID),
        CONSTRAINT CW_LOG_DEVICE_FACE_DETAILS_IX1 UNIQUE (DEVICE_ID, PICTURE_ID)
    );
CREATE TABLE
    CW_LOG_DEVICE_FILE
    (
        ID VARCHAR2(192) NOT NULL,
        BATCH_NO VARCHAR2(192) NOT NULL,
        DEVICE_ID VARCHAR2(192) NOT NULL,
        FILE_PATH VARCHAR2(2560) NOT NULL,
        RESPONSE_MSG VARCHAR2(768),
        RESPONSE_CODE INTEGER,
        REMARK VARCHAR2(768),
        STATUS INTEGER,
        CREATE_USERID VARCHAR2(192),
        CREATE_TIME TIMESTAMP(6),
        PRIMARY KEY (ID)
    );
COMMENT ON TABLE CW_LOG_DEVICE_FILE
IS
    '设备同步用户日志详情表';
COMMENT ON COLUMN CW_LOG_DEVICE_FILE.ID
IS
    '日志详情ID';
COMMENT ON COLUMN CW_LOG_DEVICE_FILE.BATCH_NO
IS
    '批次号，每次执行都有一个执行批次';
COMMENT ON COLUMN CW_LOG_DEVICE_FILE.DEVICE_ID
IS
    '设备编号';
COMMENT ON COLUMN CW_LOG_DEVICE_FILE.FILE_PATH
IS
    '文件路径';
COMMENT ON COLUMN CW_LOG_DEVICE_FILE.RESPONSE_MSG
IS
    '返回信息';
COMMENT ON COLUMN CW_LOG_DEVICE_FILE.RESPONSE_CODE
IS
    '返回码';
COMMENT ON COLUMN CW_LOG_DEVICE_FILE.REMARK
IS
    '日志描述';
COMMENT ON COLUMN CW_LOG_DEVICE_FILE.STATUS
IS
    '同步状态(0未开始同步 1同步中  2同步成功  3同步失败)';
COMMENT ON COLUMN CW_LOG_DEVICE_FILE.CREATE_USERID
IS
    '日志创建人';
COMMENT ON COLUMN CW_LOG_DEVICE_FILE.CREATE_TIME
IS
    '日志创建时间';
CREATE TABLE
    CW_LOG_DEVICE_USER
    (
        ID VARCHAR2(192) NOT NULL,
        REMARK VARCHAR2(768),
        CREATE_USERID VARCHAR2(192),
        CREATE_TIME TIMESTAMP(6),
        PRIMARY KEY (ID)
    );
COMMENT ON TABLE CW_LOG_DEVICE_USER
IS
    '设备同步用户日志表';
COMMENT ON COLUMN CW_LOG_DEVICE_USER.ID
IS
    '日志ID';
COMMENT ON COLUMN CW_LOG_DEVICE_USER.REMARK
IS
    '日志描述';
COMMENT ON COLUMN CW_LOG_DEVICE_USER.CREATE_USERID
IS
    '添加日志人';
COMMENT ON COLUMN CW_LOG_DEVICE_USER.CREATE_TIME
IS
    '添加时间';
CREATE TABLE
    CW_LOG_DEVICE_USER_DETAILS
    (
        ID VARCHAR2(192) NOT NULL,
        BATCH_NO VARCHAR2(192) NOT NULL,
        DEVICE_ID VARCHAR2(192) NOT NULL,
        USER_ID VARCHAR2(192) NOT NULL,
        USER_TYPE INTEGER,
        RECOGNITION_TYPE INTEGER NOT NULL,
        MSG_TYPE INTEGER NOT NULL,
        IMG_FAIL_NAME VARCHAR2(768),
        RESPONSE_MSG VARCHAR2(768),
        RESPONSE_CODE INTEGER,
        REMARK VARCHAR2(768),
        STATUS INTEGER,
        CREATE_USERID VARCHAR2(192),
        CREATE_TIME TIMESTAMP(6),
        PRIMARY KEY (ID)
    );
COMMENT ON TABLE CW_LOG_DEVICE_USER_DETAILS
IS
    '设备同步用户日志详情表';
COMMENT ON COLUMN CW_LOG_DEVICE_USER_DETAILS.ID
IS
    '日志详情ID';
COMMENT ON COLUMN CW_LOG_DEVICE_USER_DETAILS.BATCH_NO
IS
    '批次号，每次执行都有一个执行批次';
COMMENT ON COLUMN CW_LOG_DEVICE_USER_DETAILS.DEVICE_ID
IS
    '设备编号';
COMMENT ON COLUMN CW_LOG_DEVICE_USER_DETAILS.USER_ID
IS
    '同步成功的USER_ID';
COMMENT ON COLUMN CW_LOG_DEVICE_USER_DETAILS.USER_TYPE
IS
    '用户类型 1.普通用户 2.VIP用户 3.黑名单 4.访客';
COMMENT ON COLUMN CW_LOG_DEVICE_USER_DETAILS.RECOGNITION_TYPE
IS
    '用户类型 1.直接刷脸 2.人证合一';
COMMENT ON COLUMN CW_LOG_DEVICE_USER_DETAILS.MSG_TYPE
IS
    '操作类型 2.新增 3.更新 4.删除';
COMMENT ON COLUMN CW_LOG_DEVICE_USER_DETAILS.IMG_FAIL_NAME
IS
    '提取特征值失败的照片（用逗号分隔）';
COMMENT ON COLUMN CW_LOG_DEVICE_USER_DETAILS.RESPONSE_MSG
IS
    '返回信息';
COMMENT ON COLUMN CW_LOG_DEVICE_USER_DETAILS.RESPONSE_CODE
IS
    '返回码';
COMMENT ON COLUMN CW_LOG_DEVICE_USER_DETAILS.REMARK
IS
    '日志描述';
COMMENT ON COLUMN CW_LOG_DEVICE_USER_DETAILS.STATUS
IS
    '同步状态(0未开始同步 1同步中  2同步成功  3同步失败)';
COMMENT ON COLUMN CW_LOG_DEVICE_USER_DETAILS.CREATE_USERID
IS
    '日志创建人';
COMMENT ON COLUMN CW_LOG_DEVICE_USER_DETAILS.CREATE_TIME
IS
    '日志创建时间';
CREATE INDEX
    DEVICE_USER_USER_ID
ON
    CW_LOG_DEVICE_USER_DETAILS
    (
        USER_ID
    );
CREATE INDEX
    DEVICE_USER_MSG_TYP
ON
    CW_LOG_DEVICE_USER_DETAILS
    (
        MSG_TYPE
    );
CREATE INDEX
    DEVICE_USER_DEVICE_ID
ON
    CW_LOG_DEVICE_USER_DETAILS
    (
        DEVICE_ID
    );
CREATE INDEX
    DEVICE_USER_BATCH_NO
ON
    CW_LOG_DEVICE_USER_DETAILS
    (
        BATCH_NO
    );

    CREATE TABLE CW_LOG_IMPORT_USER
    (
        ID VARCHAR2(192) NOT NULL,
        SOURCE VARCHAR2(768),
        REMARK VARCHAR2(768),
        CREATE_USERID VARCHAR2(192),
        CREATE_TIME TIMESTAMP(6),
        STATUS INTEGER DEFAULT 0,
        PRIMARY KEY (ID)
    );
COMMENT ON TABLE CW_LOG_IMPORT_USER IS '批量导入用户日志表';
COMMENT ON COLUMN CW_LOG_IMPORT_USER.ID IS '日志ID';
COMMENT ON COLUMN CW_LOG_IMPORT_USER.SOURCE IS '导入数据源标识';
COMMENT ON COLUMN CW_LOG_IMPORT_USER.REMARK IS '日志描述';
COMMENT ON COLUMN CW_LOG_IMPORT_USER.CREATE_USERID IS '添加日志人';
COMMENT ON COLUMN CW_LOG_IMPORT_USER.CREATE_TIME IS '添加时间';
CREATE TABLE
    CW_LOG_IMPORT_USER_DETAILS
    (
        ID VARCHAR2(192) NOT NULL,
        BATCH_NO VARCHAR2(192) NOT NULL,
        USER_ID VARCHAR2(192),
        IMAGE_NAME VARCHAR2(768),
        REMARK VARCHAR2(768),
        STATUS INTEGER,
        CREATE_USERID VARCHAR2(192),
        CREATE_TIME TIMESTAMP(6),
        PRIMARY KEY (ID)
    );
COMMENT ON TABLE CW_LOG_IMPORT_USER_DETAILS
IS
    '批量导入用户日志详情表';
COMMENT ON COLUMN CW_LOG_IMPORT_USER_DETAILS.ID
IS
    '日志详情ID';
COMMENT ON COLUMN CW_LOG_IMPORT_USER_DETAILS.BATCH_NO
IS
    '详情所对应的批次ID';
COMMENT ON COLUMN CW_LOG_IMPORT_USER_DETAILS.USER_ID
IS
    '导入成功的USER_ID';
COMMENT ON COLUMN CW_LOG_IMPORT_USER_DETAILS.IMAGE_NAME
IS
    '图片名称';
COMMENT ON COLUMN CW_LOG_IMPORT_USER_DETAILS.REMARK
IS
    '日志描述';
COMMENT ON COLUMN CW_LOG_IMPORT_USER_DETAILS.STATUS
IS
    '用户状态(0错误日志  1 成功日志)';
COMMENT ON COLUMN CW_LOG_IMPORT_USER_DETAILS.CREATE_USERID
IS
    '日志创建人';
COMMENT ON COLUMN CW_LOG_IMPORT_USER_DETAILS.CREATE_TIME
IS
    '日志创建时间';
CREATE TABLE
    CW_LOG_LOGIN
    (
        ID VARCHAR2(192) NOT NULL,
        USER_ID VARCHAR2(192),
        IP_ADDRESS VARCHAR2(96),
        USER_AGENT CLOB,
        ISSUCESS INTEGER,
        LOG_TYPE INTEGER,
        REMARK VARCHAR2(768),
        ADD_TIME DATE,
        PRIMARY KEY (ID)
    );
COMMENT ON TABLE CW_LOG_LOGIN
IS
    '登录日志主表';
COMMENT ON COLUMN CW_LOG_LOGIN.ID
IS
    '登录日志表主键';
COMMENT ON COLUMN CW_LOG_LOGIN.USER_ID
IS
    '管理员登录ID';
COMMENT ON COLUMN CW_LOG_LOGIN.IP_ADDRESS
IS
    'IP地址';
COMMENT ON COLUMN CW_LOG_LOGIN.USER_AGENT
IS
    '用户代理';
COMMENT ON COLUMN CW_LOG_LOGIN.ISSUCESS
IS
    '是否是成功操作日志  0登录失败  1 登录成功';
COMMENT ON COLUMN CW_LOG_LOGIN.LOG_TYPE
IS
    '日志类型';
COMMENT ON COLUMN CW_LOG_LOGIN.REMARK
IS
    '备注';
COMMENT ON COLUMN CW_LOG_LOGIN.ADD_TIME
IS
    '添加时间';
CREATE TABLE
    CW_LOG_SYNC
    (
        ID VARCHAR2(192) NOT NULL,
        TYPE VARCHAR2(5),
        SOURCE VARCHAR2(1),
        REMARK VARCHAR2(3000),
        CREATE_USERID VARCHAR2(192),
        CREATE_TIME TIMESTAMP(6),
        DATASOURCE_TYPE VARCHAR2(192),
        PRIMARY KEY (ID)
    );
COMMENT ON TABLE CW_LOG_SYNC
IS
    '系统日志（batch）表';
COMMENT ON COLUMN CW_LOG_SYNC.ID
IS
    '主键ID';
COMMENT ON COLUMN CW_LOG_SYNC.TYPE
IS
    '1 批量，2 单个';
COMMENT ON COLUMN CW_LOG_SYNC.SOURCE
IS
    '数据来源 1. 门禁机, 2. 人证合一机';
COMMENT ON COLUMN CW_LOG_SYNC.REMARK
IS
    '日志描述';
COMMENT ON COLUMN CW_LOG_SYNC.CREATE_USERID
IS
    '添加日志人';
COMMENT ON COLUMN CW_LOG_SYNC.CREATE_TIME
IS
    '添加时间';
COMMENT ON COLUMN CW_LOG_SYNC.DATASOURCE_TYPE
IS
    '数据类型';
CREATE TABLE
    CW_LOG_SYNC_DETAILS
    (
        ID VARCHAR2(192) NOT NULL,
        BATCH_NO VARCHAR2(192),
        USER_ID VARCHAR2(192),
        WORK_CODE VARCHAR2(192),
        USER_NAME VARCHAR2(192),
        ID_CARD VARCHAR2(96),
        DEV_ID VARCHAR2(192),
        METADATA VARCHAR2(3000),
        STATUS NUMBER(5),
        REMARK VARCHAR2(3000),
        CREATE_USERID VARCHAR2(192),
        CREATE_TIME TIMESTAMP(6),
        PRIMARY KEY (ID)
    );
COMMENT ON TABLE CW_LOG_SYNC_DETAILS
IS
    '系统同步日志详情表';
COMMENT ON COLUMN CW_LOG_SYNC_DETAILS.ID
IS
    '主键ID';
COMMENT ON COLUMN CW_LOG_SYNC_DETAILS.BATCH_NO
IS
    '批次号，每次执行都有一个执行批次';
COMMENT ON COLUMN CW_LOG_SYNC_DETAILS.USER_ID
IS
    '用户ID';
COMMENT ON COLUMN CW_LOG_SYNC_DETAILS.ID_CARD
IS
    '身份证号';
COMMENT ON COLUMN CW_LOG_SYNC_DETAILS.DEV_ID
IS
    '门禁ID';
COMMENT ON COLUMN CW_LOG_SYNC_DETAILS.METADATA
IS
    '导入元数据';
COMMENT ON COLUMN CW_LOG_SYNC_DETAILS.STATUS
IS
    '同步状态（成功，失败）';
COMMENT ON COLUMN CW_LOG_SYNC_DETAILS.REMARK
IS
    '备注';
COMMENT ON COLUMN CW_LOG_SYNC_DETAILS.CREATE_USERID
IS
    '创建人ID';
COMMENT ON COLUMN CW_LOG_SYNC_DETAILS.CREATE_TIME
IS
    '创建时间';
CREATE TABLE
    CW_LOG_SYSTEM
    (
        ID VARCHAR2(192) NOT NULL,
        USER_ID VARCHAR2(192),
        RESOURCE_ID VARCHAR2(192),
        IP_ADDRESS VARCHAR2(96),
        USER_AGENT CLOB,
        ISSUCESS INTEGER,
        LOG_TYPE INTEGER,
        REMARK CLOB,
        ADD_TIME TIMESTAMP(6),
        PRIMARY KEY (ID)
    );
COMMENT ON TABLE CW_LOG_SYSTEM
IS
    '系统日志主表';
COMMENT ON COLUMN CW_LOG_SYSTEM.ID
IS
    '日志编号';
COMMENT ON COLUMN CW_LOG_SYSTEM.USER_ID
IS
    '管理员编号';
COMMENT ON COLUMN CW_LOG_SYSTEM.RESOURCE_ID
IS
    '资源ID';
COMMENT ON COLUMN CW_LOG_SYSTEM.IP_ADDRESS
IS
    'IP地址';
COMMENT ON COLUMN CW_LOG_SYSTEM.USER_AGENT
IS
    '用户代理';
COMMENT ON COLUMN CW_LOG_SYSTEM.ISSUCESS
IS
    '是否是成功操作日志  0是失败的记录  1成功记录';
COMMENT ON COLUMN CW_LOG_SYSTEM.LOG_TYPE
IS
    '日志类型 1登录登出  2操作日志';
COMMENT ON COLUMN CW_LOG_SYSTEM.REMARK
IS
    '日志的内容';
COMMENT ON COLUMN CW_LOG_SYSTEM.ADD_TIME
IS
    '日志的添加时间';
CREATE TABLE
    CW_MONITOR_CPU
    (
        ID VARCHAR2(192) NOT NULL,
        MHZ INTEGER,
        VENDOR VARCHAR2(768),
        MODEL VARCHAR2(192),
        CACHE_SIZE INTEGER,
        USER_RATE VARCHAR2(96),
        SYS_RATE VARCHAR2(96),
        WAIT_RATE VARCHAR2(96),
        NICE_RATE VARCHAR2(96),
        IDLE_RATE VARCHAR2(96),
        COMBINED_RATE VARCHAR2(96),
        CREATE_TIME DATE,
        PRIMARY KEY (ID)
    );
COMMENT ON TABLE CW_MONITOR_CPU
IS
    'CPU监控表';
COMMENT ON COLUMN CW_MONITOR_CPU.ID
IS
    '主键';
COMMENT ON COLUMN CW_MONITOR_CPU.MHZ
IS
    'CPU的总量MHZ';
COMMENT ON COLUMN CW_MONITOR_CPU.VENDOR
IS
    'CPU生产商';
COMMENT ON COLUMN CW_MONITOR_CPU.MODEL
IS
    'CPU类别';
COMMENT ON COLUMN CW_MONITOR_CPU.CACHE_SIZE
IS
    'CPU缓存数量';
COMMENT ON COLUMN CW_MONITOR_CPU.USER_RATE
IS
    'CPU用户使用率';
COMMENT ON COLUMN CW_MONITOR_CPU.SYS_RATE
IS
    'CPU系统使用率';
COMMENT ON COLUMN CW_MONITOR_CPU.WAIT_RATE
IS
    'CPU当前等待率';
COMMENT ON COLUMN CW_MONITOR_CPU.NICE_RATE
IS
    'CPU当前错误率';
COMMENT ON COLUMN CW_MONITOR_CPU.IDLE_RATE
IS
    'CPU当前空闲率';
COMMENT ON COLUMN CW_MONITOR_CPU.COMBINED_RATE
IS
    'CPU总的使用率';
COMMENT ON COLUMN CW_MONITOR_CPU.CREATE_TIME
IS
    '添加日期';
CREATE TABLE
    CW_RPT_PARAMETERS
    (
        PARAMETER_ID VARCHAR2(192) NOT NULL,
        TEMPLETE_ID VARCHAR2(192),
        PARAMETER_NAME VARCHAR2(96),
        SORT INTEGER,
        SQL_FIELD VARCHAR2(768),
        SQL_FIELD_TYPE INTEGER,
        PARAMETER_DESC VARCHAR2(96),
        PARAMETER_TYPE INTEGER,
        PRIMARY KEY (PARAMETER_ID)
    );
COMMENT ON TABLE CW_RPT_PARAMETERS
IS
    '报表参数表';
COMMENT ON COLUMN CW_RPT_PARAMETERS.PARAMETER_ID
IS
    '报表参数ID';
COMMENT ON COLUMN CW_RPT_PARAMETERS.TEMPLETE_ID
IS
    '参数对应的报表';
COMMENT ON COLUMN CW_RPT_PARAMETERS.PARAMETER_NAME
IS
    '报表参数名称';
COMMENT ON COLUMN CW_RPT_PARAMETERS.SORT
IS
    '序号';
COMMENT ON COLUMN CW_RPT_PARAMETERS.SQL_FIELD
IS
    '对应的SQL字段';
COMMENT ON COLUMN CW_RPT_PARAMETERS.SQL_FIELD_TYPE
IS
    '对应的SQL字段的类型 1.VARCHAR2 2.DATE,3.INTEGER,4.NUMBER,5.FLOAT,6.DOUBLE,7.TIMESTAMP,8.CURSOR用于存储过程输出'
    ;
COMMENT ON COLUMN CW_RPT_PARAMETERS.PARAMETER_DESC
IS
    '报表参数描述';
COMMENT ON COLUMN CW_RPT_PARAMETERS.PARAMETER_TYPE
IS
    '参数类型 1.字符串 2.日期(DATE)';
CREATE TABLE
    CW_RPT_SQLS
    (
        SQL_ID VARCHAR2(192) NOT NULL,
        TEMPLETE_ID VARCHAR2(192) NOT NULL,
        SQL_CONTENT CLOB NOT NULL,
        SQL_TYPE INTEGER NOT NULL,
        PRIMARY KEY (SQL_ID)
    );
COMMENT ON TABLE CW_RPT_SQLS
IS
    '报表SQL表';
COMMENT ON COLUMN CW_RPT_SQLS.SQL_ID
IS
    '报表对应的SQL';
COMMENT ON COLUMN CW_RPT_SQLS.TEMPLETE_ID
IS
    'SQL对应模板ID';
COMMENT ON COLUMN CW_RPT_SQLS.SQL_CONTENT
IS
    'SQL的内容';
COMMENT ON COLUMN CW_RPT_SQLS.SQL_TYPE
IS
    'SQL类型 1.普通SQL 2.存储过程';
CREATE TABLE
    CW_RPT_TEMPLETES
    (
        TEMPLETE_ID VARCHAR2(192) NOT NULL,
        TEMPLETE_NAME VARCHAR2(192) NOT NULL,
        TEMPLETE_DESC VARCHAR2(768),
        TEMPLETE_TYPE INTEGER NOT NULL,
        ENABLED INTEGER NOT NULL,
        MODULE VARCHAR2(192),
        PRIMARY KEY (TEMPLETE_ID)
    );
COMMENT ON TABLE CW_RPT_TEMPLETES
IS
    '报表模板表';
COMMENT ON COLUMN CW_RPT_TEMPLETES.TEMPLETE_ID
IS
    '报表模板ID';
COMMENT ON COLUMN CW_RPT_TEMPLETES.TEMPLETE_NAME
IS
    '报表模板名称';
COMMENT ON COLUMN CW_RPT_TEMPLETES.TEMPLETE_DESC
IS
    '报表模板描述';
COMMENT ON COLUMN CW_RPT_TEMPLETES.TEMPLETE_TYPE
IS
    '报表模板类型 1.IREPORT 2.EXCEL模板(JXL或者POI)修改第一个SHEET';
COMMENT ON COLUMN CW_RPT_TEMPLETES.ENABLED
IS
    '报表是否可以用';
COMMENT ON COLUMN CW_RPT_TEMPLETES.MODULE
IS
    '报表所属于哪个模块';


/*设备CPU监控表*/
CREATE TABLE CW_DEV_CPU (
    ID VARCHAR(64) NOT NULL,
    HARDWARE_ID VARCHAR(64) ,
	CACHE_SIZE INT,
	USE_RATE NUMBER(8,2),
	SPEED NUMBER(8,2),
	PROCESS INT,
	THREADS VARCHAR(255),
	HANDLE VARCHAR(255),
	RUN_TIMES INT,
	CREATE_TIME NUMBER(20),
PRIMARY KEY (ID)
);

/*设备内存监控表*/
CREATE TABLE CW_DEV_MEMORY (
    ID VARCHAR(64) NOT NULL,
    HARDWARE_ID VARCHAR(64) ,
	SPEED NUMBER(8,2),
	USE_SIZE NUMBER(8,2),
	AVAILABLE_SIZE NUMBER(8,2),
	BUFFER_POOL NUMBER(8,2),
	NOT_BUFFER_POOL NUMBER(8,2),
	CREATE_TIME NUMBER(20),
PRIMARY KEY (ID)
);

/*设备硬盘监控表*/
CREATE TABLE CW_DEV_DISK (
    ID VARCHAR(64) NOT NULL,
    HARDWARE_ID VARCHAR(64) ,
	SPEED NUMBER(8,2),
	USE_SIZE NUMBER(8,2),
	AVAILABLE_SIZE NUMBER(8,2),
	SPEED_READ NUMBER(8,2),
	SPEED_WRITE NUMBER(8,2),
	CREATE_TIME NUMBER(20),
PRIMARY KEY (ID)
);
/*相机安装包下载进度表*/
CREATE TABLE CW_CAMERA_UPDATE_PROGRESS (
	ID VARCHAR(64) NOT NULL ,
	CODE VARCHAR(192) NOT NULL ,
	PROGRESS VARCHAR(32) ,
	CREATE_TIME TIMESTAMP ,
	LAST_UPDATE_TIME TIMESTAMP ,
	TARGET_VERSION VARCHAR(32) ,
	NAME VARCHAR(192) ,
	CURRENT_VERSION VARCHAR(32) ,
PRIMARY KEY (ID)
);
COMMENT ON TABLE CW_CAMERA_UPDATE_PROGRESS IS '相机安装包下载进度表';
COMMENT ON COLUMN CW_CAMERA_UPDATE_PROGRESS.ID IS '主键';
COMMENT ON COLUMN CW_CAMERA_UPDATE_PROGRESS.CODE IS '相机标识';
COMMENT ON COLUMN CW_CAMERA_UPDATE_PROGRESS.PROGRESS IS '下载进度';
COMMENT ON COLUMN CW_CAMERA_UPDATE_PROGRESS.CREATE_TIME IS '创建时间';
COMMENT ON COLUMN CW_CAMERA_UPDATE_PROGRESS.LAST_UPDATE_TIME IS '最后更新的时间';
COMMENT ON COLUMN CW_CAMERA_UPDATE_PROGRESS.TARGET_VERSION IS '要升级的版本号';
COMMENT ON COLUMN CW_CAMERA_UPDATE_PROGRESS.NAME IS '相机名称';
COMMENT ON COLUMN CW_CAMERA_UPDATE_PROGRESS.CURRENT_VERSION IS '当前版本';

CREATE OR REPLACE  VIEW CW_VIEW_BLANKLIST_USER_TREE (CODE, PARENT_CODE, NAME, STATUS, ELE_TYPE, ORG_CODE, DEPT_CODE, WORK_CODE, TELEPHONE) AS SELECT '-1' AS CODE,'' AS PARENT_CODE,'黑名单' AS NAME,1 AS STATUS,'2' AS ELE_TYPE,'' AS ORG_CODE, '' AS DEPT_CODE, '' AS WORK_CODE,'' AS TELEPHONE from DUAL
UNION ALL
SELECT ID AS CODE,'-1' AS PARENT_CODE,NAME,STATUS,'3' AS ELE_TYPE, ORG_CODE AS ORG_CODE, '' AS DEPT_CODE, '' AS WORK_CODE,TELEPHONE FROM CW_GE_USER WHERE USER_TYPE = 3;

CREATE OR REPLACE VIEW CW_VIEW_DEVICE_POSITION_TREE (CODE, PARENT_CODE, NAME, STATUS, ELE_TYPE, BUILDING_NUM, UNIT_NUM, DATA_TYPE) AS SELECT CODE,PARENT_CODE,NAME,STATUS,'3' AS ELE_TYPE, 0 AS BUILDING_NUM, 0 AS UNIT_NUM, 0 AS DATA_TYPE FROM CW_GE_ORGANIZATION WHERE STATUS=1
UNION ALL
SELECT BUILDING_CODE AS CODE, 'Building' AS PARENT_CODE, BUILDING_NAME AS NAME, 1 AS STATUS,'3' AS ELE_TYPE, BUILDING_NUM, UNIT_NUM, 1 AS DATA_TYPE FROM CW_GE_BUILDING
ORDER BY BUILDING_NUM, UNIT_NUM;

CREATE OR REPLACE VIEW CW_VIEW_DEVICE_TREE AS
SELECT CODE,PARENT_CODE,NAME,STATUS,'2' AS ELE_TYPE,CODE AS ORG_CODE, '' AS DEV_CODE, 100 AS TYPE, '' AS POSITION from CW_GE_ORGANIZATION WHERE STATUS=1
UNION ALL
SELECT 'NotGroup' AS CODE,'0' AS PARENT_CODE,'未分组' AS NAME,1 AS STATUS,'2' AS ELE_TYPE,'' AS ORG_CODE, '' AS DEV_CODE, 100 AS TYPE, '' AS POSITION FROM DUAL
UNION ALL
SELECT ID AS CODE, ORG_CODE AS PARENT_CODE,NAME,STATUS,'3' AS ELE_TYPE, ORG_CODE, CODE AS DEV_CODE, TYPE, POSITION FROM CW_DEV_DEVICE WHERE LENGTH(ORG_CODE)>0 AND TYPE IN (1,2,3,4)
UNION ALL
SELECT ID AS CODE, 'NotGroup' AS PARENT_CODE,NAME,STATUS,'3' AS ELE_TYPE, ORG_CODE, CODE AS DEV_CODE, TYPE, POSITION FROM CW_DEV_DEVICE WHERE (ORG_CODE IS NULL OR ORG_CODE='') AND TYPE IN (1,2,3,4);

CREATE OR REPLACE  VIEW CW_VIEW_NORMAL_USER_ORG_TREE (CODE, PARENT_CODE, NAME, STATUS, ELE_TYPE, ORG_CODE, DEPT_CODE, WORK_CODE, TELEPHONE) AS SELECT CODE,PARENT_CODE,NAME,STATUS,'1' AS ELE_TYPE,CODE AS ORG_CODE, '' AS DEPT_CODE, '' AS WORK_CODE,'' AS TELEPHONE from CW_GE_ORGANIZATION WHERE STATUS=1
UNION ALL
SELECT 'NotGroup' AS CODE,'' AS PARENT_CODE,'未分组' AS NAME,1 AS STATUS,'1' AS ELE_TYPE,'' AS ORG_CODE, '' AS DEPT_CODE, '' AS WORK_CODE,'' AS TELEPHONE FROM DUAL
UNION ALL
SELECT CODE,ORG_CODE AS PARENT_CODE,CNAME AS NAME,STATUS,'2', ORG_CODE AS ELE_TYPE, CODE AS DEPT_CODE, '' AS WORK_CODE,'' AS TELEPHONE FROM CW_GE_DEPARTMENT WHERE STATUS=1
UNION ALL
SELECT ID AS CODE, DEPT_CODE AS PARENT_CODE,NAME,STATUS,'3' AS ELE_TYPE, ORG_CODE, DEPT_CODE, WORK_CODE,TELEPHONE FROM CW_GE_USER WHERE USER_TYPE = 1 AND LENGTH(DEPT_CODE)>0 AND LENGTH(ORG_CODE)>0
UNION ALL
SELECT ID AS CODE,ORG_CODE AS PARENT_CODE,NAME,STATUS,'3' AS ELE_TYPE, ORG_CODE, DEPT_CODE, WORK_CODE,TELEPHONE FROM CW_GE_USER WHERE USER_TYPE = 1 AND LENGTH(ORG_CODE)>0 AND (DEPT_CODE IS NULL OR DEPT_CODE='')
UNION ALL
SELECT ID AS CODE, 'NotGroup' AS PARENT_CODE, NAME, STATUS, '3' AS ELE_TYPE, ORG_CODE, DEPT_CODE, WORK_CODE,TELEPHONE FROM CW_GE_USER WHERE USER_TYPE = 1 AND (ORG_CODE IS NULL OR ORG_CODE='');

CREATE OR REPLACE VIEW CW_VIEW_NORMAL_USER_TREE (CODE, PARENT_CODE, NAME, STATUS, ELE_TYPE, ORG_CODE, DEPT_CODE, WORK_CODE, TELEPHONE) AS SELECT CODE,PARENT_CODE,NAME,STATUS,'1' AS ELE_TYPE,CODE AS ORG_CODE, '' AS DEPT_CODE, '' AS WORK_CODE,'' AS TELEPHONE from CW_GE_ORGANIZATION WHERE STATUS=1
UNION ALL
SELECT 'NORMAL_NotGroup' AS CODE,'' AS PARENT_CODE,'未分组' AS NAME,1 AS STATUS,'1' AS ELE_TYPE,'' AS ORG_CODE, '' AS DEPT_CODE, '' AS WORK_CODE,'' AS TELEPHONE FROM DUAL
UNION ALL
SELECT CODE,ORG_CODE AS PARENT_CODE,CNAME AS NAME,STATUS,'2', ORG_CODE AS ELE_TYPE, CODE AS DEPT_CODE, '' AS WORK_CODE,'' AS TELEPHONE FROM CW_GE_DEPARTMENT WHERE STATUS=1
UNION ALL
SELECT ID AS CODE, DEPT_CODE AS PARENT_CODE,NAME,STATUS,'3' AS ELE_TYPE, ORG_CODE, DEPT_CODE, WORK_CODE,TELEPHONE FROM CW_GE_USER WHERE USER_TYPE = 1 AND LENGTH(DEPT_CODE)>0
UNION ALL
SELECT ID AS CODE,ORG_CODE AS PARENT_CODE,NAME,STATUS,'3' AS ELE_TYPE, ORG_CODE, DEPT_CODE, WORK_CODE,TELEPHONE FROM CW_GE_USER WHERE USER_TYPE = 1 AND (LENGTH(DEPT_CODE)=0 OR DEPT_CODE IS NULL) AND LENGTH(ORG_CODE)>0
UNION ALL
SELECT ID AS CODE, 'NORMAL_NotGroup' AS PARENT_CODE, NAME, STATUS, '3' AS ELE_TYPE, ORG_CODE, DEPT_CODE, WORK_CODE,TELEPHONE FROM CW_GE_USER WHERE USER_TYPE = 1 AND (LENGTH(DEPT_CODE)=0 OR DEPT_CODE IS NULL) AND (LENGTH(ORG_CODE)=0 OR ORG_CODE IS NULL);

CREATE OR REPLACE VIEW CW_VIEW_VIP_USER_ORG_TREE (CODE, PARENT_CODE, NAME, STATUS, ELE_TYPE, ORG_CODE, DEPT_CODE, WORK_CODE, TELEPHONE) AS SELECT CODE,PARENT_CODE,NAME,STATUS,'1' AS ELE_TYPE,CODE AS ORG_CODE, '' AS DEPT_CODE, '' AS WORK_CODE,'' AS TELEPHONE from CW_GE_ORGANIZATION WHERE STATUS=1
UNION ALL
SELECT 'NotGroup' AS CODE,'' AS PARENT_CODE,'未分组' AS NAME,1 AS STATUS,'1' AS ELE_TYPE,'' AS ORG_CODE, '' AS DEPT_CODE, '' AS WORK_CODE,'' AS TELEPHONE FROM DUAL
UNION ALL
SELECT ID AS CODE,ORG_CODE AS PARENT_CODE,NAME,STATUS,'3' AS ELE_TYPE, ORG_CODE, DEPT_CODE, WORK_CODE,TELEPHONE FROM CW_GE_USER WHERE USER_TYPE = 2 AND LENGTH(ORG_CODE)>0
UNION ALL
SELECT ID AS CODE, 'Shared' AS PARENT_CODE, NAME, STATUS, '3' AS ELE_TYPE, ORG_CODE, DEPT_CODE, WORK_CODE,TELEPHONE FROM CW_GE_USER WHERE USER_TYPE = 2 AND SHARED = 1
UNION ALL
SELECT ID AS CODE, 'NotGroup' AS PARENT_CODE, NAME, STATUS, '3' AS ELE_TYPE, ORG_CODE, DEPT_CODE, WORK_CODE,TELEPHONE FROM CW_GE_USER WHERE USER_TYPE = 2 AND SHARED !=1 AND (ORG_CODE IS NULL OR ORG_CODE = '');

CREATE OR REPLACE VIEW CW_VIEW_VIP_USER_TREE (CODE, PARENT_CODE, NAME, STATUS, ELE_TYPE, ORG_CODE, DEPT_CODE, WORK_CODE, TELEPHONE) AS SELECT '-2' AS CODE,'' AS PARENT_CODE,'VIP' AS NAME,1 AS STATUS,'1' AS ELE_TYPE,'' AS ORG_CODE, '' AS DEPT_CODE, '' AS WORK_CODE,'' AS TELEPHONE from DUAL
UNION ALL
SELECT 'VIP_NotGroup' AS CODE,'-2' AS PARENT_CODE,'未分组VIP' AS NAME,1 AS STATUS,'1' AS ELE_TYPE,'' AS ORG_CODE, '' AS DEPT_CODE, '' AS WORK_CODE,'' AS TELEPHONE FROM DUAL
UNION ALL
SELECT CONCAT('VIP',VALUE) AS CODE, '-2' AS PARENT_CODE, LABEL AS NAME, 1 AS STATUS, '2' AS ELE_TYPE, '' AS ORG_CODE, '' AS DEPT_CODE, '' AS WORK_CODE,'' AS TELEPHONE FROM CW_GE_DICT WHERE TYPE = 'vipLevel'
UNION ALL
SELECT ID AS CODE,CONCAT('VIP',USER_LEVEL) AS PARENT_CODE,NAME,STATUS,'3' AS ELE_TYPE, ORG_CODE AS ORG_CODE, '' AS DEPT_CODE, WORK_CODE,TELEPHONE FROM CW_GE_USER WHERE USER_TYPE = 2 AND SHARED != 1  AND LENGTH(USER_LEVEL)>0
UNION ALL
SELECT ID AS CODE,CONCAT('VIP',USER_LEVEL) AS PARENT_CODE,NAME,STATUS,'3' AS ELE_TYPE, '' AS ORG_CODE, '' AS DEPT_CODE, WORK_CODE,TELEPHONE FROM CW_GE_USER WHERE USER_TYPE = 2 AND SHARED = 1 AND LENGTH(USER_LEVEL)>0
UNION ALL
SELECT ID AS CODE,'VIP_NotGroup' AS PARENT_CODE,NAME,STATUS,'3' AS ELE_TYPE, ORG_CODE AS ORG_CODE, '' AS DEPT_CODE, WORK_CODE,TELEPHONE FROM CW_GE_USER WHERE USER_TYPE = 2 AND SHARED !=1 AND (LENGTH(USER_LEVEL)=0 OR USER_LEVEL IS NULL)
UNION ALL
SELECT ID AS CODE,'VIP_NotGroup' AS PARENT_CODE,NAME,STATUS,'3' AS ELE_TYPE, '' AS ORG_CODE, '' AS DEPT_CODE, WORK_CODE,TELEPHONE FROM CW_GE_USER WHERE USER_TYPE = 2 AND SHARED =1 AND (LENGTH(USER_LEVEL)=0 OR USER_LEVEL IS NULL);

/*相机树*/
CREATE OR REPLACE VIEW CW_VW_CAMERA AS
SELECT CODE,PARENT_CODE,NAME,STATUS,'2' AS ELE_TYPE,CODE AS ORG_CODE, '' AS DEV_CODE, 100 AS TYPE, '' AS POSITION from CW_GE_ORGANIZATION WHERE STATUS=1
UNION ALL
SELECT ID AS CODE, ORG_CODE AS PARENT_CODE,NAME,STATUS,'3' AS ELE_TYPE, ORG_CODE, CODE AS DEV_CODE, TYPE, POSITION FROM CW_DEV_DEVICE WHERE TYPE=1 AND LENGTH(ORG_CODE)>0
UNION ALL
SELECT ID AS CODE, ORG_CODE AS PARENT_CODE,NAME,STATUS,'3' AS ELE_TYPE, ORG_CODE, CODE AS DEV_CODE, TYPE, POSITION FROM CW_DEV_DEVICE WHERE TYPE=3 AND LENGTH(ORG_CODE)>0
UNION ALL
SELECT ID AS CODE, ORG_CODE AS PARENT_CODE,NAME,STATUS,'3' AS ELE_TYPE, ORG_CODE, CODE AS DEV_CODE, TYPE, POSITION FROM CW_DEV_CAMERA WHERE TYPE=7 AND LENGTH(ORG_CODE)>0;

CREATE OR REPLACE  VIEW CW_VW_DICT_ATTENRULETYPE (VALUE, LABEL) AS SELECT E.VALUE AS VALUE, E.LABEL AS LABEL
FROM CW_GE_DICT E
WHERE (E.TYPE = 'attenRuleType');

CREATE OR REPLACE VIEW CW_VW_DICT_BOOLEAN (VALUE, LABEL) AS SELECT E.VALUE AS VALUE, E.LABEL AS LABEL
FROM CW_GE_DICT E
WHERE (E.TYPE = 'boolean');

CREATE OR REPLACE VIEW CW_VW_DICT_CHANNEL (VALUE, LABEL) AS SELECT E.VALUE AS VALUE, E.LABEL AS LABEL
FROM CW_GE_DICT E
WHERE (E.TYPE = 'channel');

CREATE OR REPLACE VIEW CW_VW_DICT_DEVICETYPE (VALUE, LABEL) AS SELECT E.VALUE AS VALUE, E.LABEL AS LABEL
FROM CW_GE_DICT E
WHERE (E.TYPE = 'deviceType');

CREATE OR REPLACE VIEW CW_VW_DICT_MACHINETYPE AS select E.VALUE AS VALUE,E.LABEL AS LABEL from CW_GE_DICT E where (E.TYPE = 'machineType');

CREATE OR REPLACE  VIEW CW_VW_DICT_DIRECTIONTYPE (VALUE, LABEL) AS SELECT E.VALUE AS VALUE, E.LABEL AS LABEL
FROM CW_GE_DICT E
WHERE (E.TYPE = 'directionType');

CREATE OR REPLACE VIEW CW_VW_DICT_EXCLUSIVETYPE (VALUE, LABEL) AS SELECT E.VALUE AS VALUE, E.LABEL AS LABEL
FROM CW_GE_DICT E
WHERE (E.TYPE = 'exclusiveType');

CREATE OR REPLACE VIEW CW_VW_DICT_EX_PERSONTYPE (VALUE, LABEL) AS SELECT E.VALUE AS VALUE, E.LABEL AS LABEL
FROM CW_GE_DICT E
WHERE (E.TYPE = 'entryExitRecordPersonType');

CREATE OR REPLACE VIEW CW_VW_DICT_GENDER (VALUE, LABEL) AS SELECT E.VALUE AS VALUE, E.LABEL AS LABEL
FROM CW_GE_DICT E
WHERE (E.TYPE = 'gender');

CREATE OR REPLACE VIEW CW_VW_DICT_LOGSYSTEM_STATUS (VALUE, LABEL) AS SELECT E.VALUE AS VALUE, E.LABEL AS LABEL
FROM CW_GE_DICT E
WHERE (E.TYPE = 'logSystemStatus');

CREATE OR REPLACE VIEW CW_VW_DICT_NOTICESTATUS (VALUE, LABEL) AS SELECT CW_GE_DICT.VALUE AS VALUE, CW_GE_DICT.LABEL AS LABEL
FROM CW_GE_DICT
WHERE (CW_GE_DICT.TYPE = 'noticeStatus');

CREATE OR REPLACE VIEW CW_VW_DICT_NOTICETYPE (VALUE, LABEL) AS SELECT E.VALUE AS VALUE, E.LABEL AS LABEL
FROM CW_GE_DICT E
WHERE (E.TYPE = 'noticeType');

CREATE OR REPLACE VIEW CW_VW_DICT_PERSONTYPE (VALUE, LABEL) AS SELECT E.VALUE AS VALUE, E.LABEL AS LABEL
FROM CW_GE_DICT E
WHERE (E.TYPE = 'personType');

CREATE OR REPLACE  VIEW CW_VW_DICT_PROMPTTYPE (VALUE, LABEL) AS select E.VALUE AS VALUE,E.LABEL AS LABEL from CW_GE_DICT E where (E.TYPE = 'promptType');
CREATE OR REPLACE  VIEW CW_VW_DICT_RECOGNITIONTYPE (VALUE, LABEL) AS SELECT E.VALUE AS VALUE, E.LABEL AS LABEL
FROM CW_GE_DICT E
WHERE (E.TYPE = 'recognitionType');

CREATE OR REPLACE  VIEW CW_VW_DICT_SHIFTTYPE (VALUE, LABEL) AS SELECT E.VALUE AS VALUE, E.LABEL AS LABEL
FROM CW_GE_DICT E
WHERE (E.TYPE = 'shiftType');

CREATE OR REPLACE  VIEW CW_VW_DICT_SHOWTYPE (VALUE, LABEL) AS SELECT E.VALUE AS VALUE, E.LABEL AS LABEL
FROM CW_GE_DICT E
WHERE (E.TYPE = 'showType');

CREATE OR REPLACE  VIEW CW_VW_DICT_SIGNSTATE (VALUE, LABEL) AS select E.VALUE AS VALUE,E.LABEL AS LABEL from CW_GE_DICT E where (E.TYPE = 'signState');

CREATE OR REPLACE  VIEW CW_VW_DICT_STATUS (VALUE, LABEL) AS SELECT E.VALUE AS VALUE, E.LABEL AS LABEL
FROM CW_GE_DICT E
WHERE (E.TYPE = 'status');

CREATE OR REPLACE VIEW CW_VW_DICT_SYNC_STATUS (VALUE, LABEL) AS SELECT E.VALUE AS VALUE, E.LABEL AS LABEL
FROM CW_GE_DICT E
WHERE (E.TYPE = 'socketSyncStatus');

CREATE OR REPLACE VIEW CW_VW_DICT_VIPLEVEL (VALUE, LABEL) AS SELECT E.VALUE AS VALUE, E.LABEL AS LABEL
FROM CW_GE_DICT E
WHERE (E.TYPE = 'vipLevel');

CREATE OR REPLACE  VIEW CW_VW_GE_USER_AND_VISITOR (ID, WORK_CODE, NAME, STATUS, ORG_CODE, DEPT_CODE, POSITION, USER_LEVEL, GENDER, USER_TYPE, ID_CARD, PICTURE_NAME, CUSTOMER_PIC_NAME, C1, C2, C3, C4, C5, C6, C7, C8, C9, C10, FAVOURITE) AS SELECT ID,WORK_CODE,NAME,STATUS,ORG_CODE,DEPT_CODE,POSITION,USER_LEVEL,GENDER,USER_TYPE,ID_CARD,PICTURE_NAME,CUSTOMER_PIC_NAME,USR.C1,USR.C2,USR.C3,USR.C4,USR.C5,USR.C6,USR.C7,USR.C8,USR.C9,USR.C10,USR.FAVOURITE FROM CW_GE_USER USR
UNION ALL
SELECT ID,'' AS WORK_CODE,NAME,STATUS,'' AS ORG_CODE,'' AS DEPT_CODE,POSITION,NULL AS USER_LEVEL,GENDER,4 AS USER_TYPE,ID_CARD,PICTURE_NAME,CUSTOMER_PIC_NAME,NULL AS C1,NULL AS C2,NULL AS C3,NULL AS C4,NULL AS C5,NULL AS C6,NULL AS C7,NULL AS C8,NULL AS C9,NULL AS C10,NULL AS FAVOURITE FROM CW_GE_VISITOR;

CREATE OR REPLACE VIEW CW_VW_DEV_CAMERA
AS 
SELECT ID, NAME, CODE, POSITION_ID, POSITION, ORG_CODE, TYPE, DIRECTION_TYPE, IP, PORT, STATUS, CREATE_USERID, CREATE_TIME, LAST_UPDATE_USERID, LAST_UPDATE_TIME, DELETE_USERID, DELETE_TIME, REMARK FROM CW_DEV_CAMERA
UNION ALL
SELECT ID, NAME, CODE, POSITION_ID, POSITION, ORG_CODE, TYPE, DIRECTION_TYPE, IP, PORT, STATUS, CREATE_USERID, CREATE_TIME, LAST_UPDATE_USERID, LAST_UPDATE_TIME, DELETE_USERID, DELETE_TIME, REMARK FROM CW_DEV_DEVICE WHERE TYPE IN(1,3);


CREATE OR REPLACE  VIEW CW_GE_USER_DEPTORG (CODE, PARENT_CODE, NAME, STATUS, ELE_TYPE, ORG_CODE, DEPT_CODE, WORK_CODE, TELEPHONE) AS SELECT "CODE","PARENT_CODE","NAME","STATUS","ELE_TYPE","ORG_CODE","DEPT_CODE","WORK_CODE","TELEPHONE" FROM CW_VIEW_NORMAL_USER_TREE;

CREATE OR REPLACE VIEW CW_VIEW_ALL_USER_TREE (CODE, PARENT_CODE, NAME, STATUS, ELE_TYPE, ORG_CODE, DEPT_CODE, WORK_CODE, TELEPHONE) AS SELECT "CODE","PARENT_CODE","NAME","STATUS","ELE_TYPE","ORG_CODE","DEPT_CODE","WORK_CODE","TELEPHONE" FROM CW_VIEW_NORMAL_USER_TREE
UNION
SELECT "CODE","PARENT_CODE","NAME","STATUS","ELE_TYPE","ORG_CODE","DEPT_CODE","WORK_CODE","TELEPHONE" FROM CW_VIEW_BLANKLIST_USER_TREE
UNION
SELECT "CODE","PARENT_CODE","NAME","STATUS","ELE_TYPE","ORG_CODE","DEPT_CODE","WORK_CODE","TELEPHONE" FROM CW_VIEW_VIP_USER_TREE;


CREATE OR REPLACE VIEW CW_VIEW_DEPT_ORG_TREE (CODE, PARENT_CODE, NAME, STATUS, ELE_TYPE, ORG_CODE, DEPT_CODE, WORK_CODE, TELEPHONE) AS SELECT CODE,PARENT_CODE,NAME,STATUS,'1' AS ELE_TYPE,CODE AS ORG_CODE, '' AS DEPT_CODE, '' AS WORK_CODE,'' AS TELEPHONE from CW_GE_ORGANIZATION WHERE STATUS=1
UNION ALL
SELECT 'NotGroup' AS CODE,'' AS PARENT_CODE,'未分组' AS NAME,1 AS STATUS,'1' AS ELE_TYPE,'' AS ORG_CODE, '' AS DEPT_CODE, '' AS WORK_CODE,'' AS TELEPHONE FROM DUAL
UNION ALL
SELECT CODE,ORG_CODE AS PARENT_CODE,CNAME AS NAME,STATUS,'2', ORG_CODE AS ELE_TYPE, CODE AS DEPT_CODE, '' AS WORK_CODE,'' AS TELEPHONE FROM CW_GE_DEPARTMENT WHERE STATUS=1;

INSERT INTO CW_GE_CARD (ID, CARDNAME, TYPE, IMG_LEFT, IMG_RIGHT, IMG_CENTER, IMG_TOP, IMG_BOTTOM, REMARK, STATUS, CREATE_USERID, CREATE_TIME, LAST_UPDATE_USERID, LAST_UPDATE_TIME, DELETE_USERID, DELETE_TIME) VALUES ('1', '默认', 1, null, null, 'card/card-default.png', null, null, '默认卡片', 1, '1', null, '1', null, null, null);
INSERT INTO CW_GE_CARD (ID, CARDNAME, TYPE, IMG_LEFT, IMG_RIGHT, IMG_CENTER, IMG_TOP, IMG_BOTTOM, REMARK, STATUS, CREATE_USERID, CREATE_TIME, LAST_UPDATE_USERID, LAST_UPDATE_TIME, DELETE_USERID, DELETE_TIME) VALUES ('2', '贵宾', 1, null, null, 'card/visitor-default.png', null, null, '贵宾卡片', 1, '1', null, '1', null, null, null);
INSERT INTO CW_GE_CARD (ID, CARDNAME, TYPE, IMG_LEFT, IMG_RIGHT, IMG_CENTER, IMG_TOP, IMG_BOTTOM, REMARK, STATUS, CREATE_USERID, CREATE_TIME, LAST_UPDATE_USERID, LAST_UPDATE_TIME, DELETE_USERID, DELETE_TIME) VALUES ('3', '元旦', 1, null, null, 'card/newYear-default.png', null, null, '元旦卡片', 1, '1', null, '1', null, null, null);
INSERT INTO CW_GE_CARD (ID, CARDNAME, TYPE, IMG_LEFT, IMG_RIGHT, IMG_CENTER, IMG_TOP, IMG_BOTTOM, REMARK, STATUS, CREATE_USERID, CREATE_TIME, LAST_UPDATE_USERID, LAST_UPDATE_TIME, DELETE_USERID, DELETE_TIME) VALUES ('4', '春节', 1, null, null, 'card/springFestival-default.png', null, null, '春节卡片', 1, '1', null, '1', null, null, null);
INSERT INTO CW_GE_CARD (ID, CARDNAME, TYPE, IMG_LEFT, IMG_RIGHT, IMG_CENTER, IMG_TOP, IMG_BOTTOM, REMARK, STATUS, CREATE_USERID, CREATE_TIME, LAST_UPDATE_USERID, LAST_UPDATE_TIME, DELETE_USERID, DELETE_TIME) VALUES ('6', '端午节', 1, null, null, 'card/dragonBoat-default.png', null, null, '端午节卡片', 1, '1', null, '1', null, null, null);
INSERT INTO CW_GE_CARD (ID, CARDNAME, TYPE, IMG_LEFT, IMG_RIGHT, IMG_CENTER, IMG_TOP, IMG_BOTTOM, REMARK, STATUS, CREATE_USERID, CREATE_TIME, LAST_UPDATE_USERID, LAST_UPDATE_TIME, DELETE_USERID, DELETE_TIME) VALUES ('7', '中秋节', 1, null, null, 'card/midAutumn-default.png', null, null, '中秋节卡片', 1, '1', null, '1', null, null, null);
INSERT INTO CW_GE_CARD (ID, CARDNAME, TYPE, IMG_LEFT, IMG_RIGHT, IMG_CENTER, IMG_TOP, IMG_BOTTOM, REMARK, STATUS, CREATE_USERID, CREATE_TIME, LAST_UPDATE_USERID, LAST_UPDATE_TIME, DELETE_USERID, DELETE_TIME) VALUES ('9', '生日', 1, null, null, 'card/birthday-default.png', null, null, '生日卡片', 1, '1', null, '1', null, null, null);

INSERT INTO CW_GE_DICT (ID, VALUE, LABEL, TYPE, DESCRIPTION, SORT, PARENT_ID, REMARK, CREATE_USERID, CREATE_TIME, LAST_UPDATE_USERID, LAST_UPDATE_TIME, DELETE_USERID, DELETE_TIME, STATUS) VALUES ('3', '3', 'EXCEL导入', 'userImportType', 'EXCEL导入', 3, null, null, null, null, null, null, null, null, 1);
INSERT INTO CW_GE_DICT (ID, VALUE, LABEL, TYPE, DESCRIPTION, SORT, PARENT_ID, REMARK, CREATE_USERID, CREATE_TIME, LAST_UPDATE_USERID, LAST_UPDATE_TIME, DELETE_USERID, DELETE_TIME, STATUS) VALUES ('2', '2', 'CSV导入', 'userImportType', 'CSV导入', 2, null, null, null, null, null, null, null, null, 1);
INSERT INTO CW_GE_DICT (ID, VALUE, LABEL, TYPE, DESCRIPTION, SORT, PARENT_ID, REMARK, CREATE_USERID, CREATE_TIME, LAST_UPDATE_USERID, LAST_UPDATE_TIME, DELETE_USERID, DELETE_TIME, STATUS) VALUES ('1', '1', '图片命名规则导入', 'userImportType', '图片命名规则导入', 1, null, null, null, null, null, null, null, null, 1);
INSERT INTO CW_GE_DICT (ID, VALUE, LABEL, TYPE, DESCRIPTION, SORT, PARENT_ID, REMARK, CREATE_USERID, CREATE_TIME, LAST_UPDATE_USERID, LAST_UPDATE_TIME, DELETE_USERID, DELETE_TIME, STATUS) VALUES ('engine1', 'engine1', 'engine1', 'engineGroup', '识别引擎分组', 1, null, null, null, null, null, null, null, null, 1);
INSERT INTO CW_GE_DICT (ID, VALUE, LABEL, TYPE, DESCRIPTION, SORT, PARENT_ID, REMARK, CREATE_USERID, CREATE_TIME, LAST_UPDATE_USERID, LAST_UPDATE_TIME, DELETE_USERID, DELETE_TIME, STATUS) VALUES ('engine2', 'engine2', 'engine2', 'engineGroup', '识别引擎分组', 1, null, null, null, null, null, null, null, null, 1);
INSERT INTO CW_GE_DICT (ID, VALUE, LABEL, TYPE, DESCRIPTION, SORT, PARENT_ID, REMARK, CREATE_USERID, CREATE_TIME, LAST_UPDATE_USERID, LAST_UPDATE_TIME, DELETE_USERID, DELETE_TIME, STATUS) VALUES ('engine3', 'engine3', 'engine3', 'engineGroup', '识别引擎分组', 1, null, null, null, null, null, null, null, null, 1);
INSERT INTO CW_GE_DICT (ID, VALUE, LABEL, TYPE, DESCRIPTION, SORT, PARENT_ID, REMARK, CREATE_USERID, CREATE_TIME, LAST_UPDATE_USERID, LAST_UPDATE_TIME, DELETE_USERID, DELETE_TIME, STATUS) VALUES ('engine4', 'engine4', 'engine4', 'engineGroup', '识别引擎分组', 1, null, null, null, null, null, null, null, null, 1);
INSERT INTO CW_GE_DICT (ID, VALUE, LABEL, TYPE, DESCRIPTION, SORT, PARENT_ID, REMARK, CREATE_USERID, CREATE_TIME, LAST_UPDATE_USERID, LAST_UPDATE_TIME, DELETE_USERID, DELETE_TIME, STATUS) VALUES ('engine5', 'engine5', 'engine5', 'engineGroup', '识别引擎分组', 1, null, null, null, null, null, null, null, null, 1);
INSERT INTO CW_GE_DICT (ID, VALUE, LABEL, TYPE, DESCRIPTION, SORT, PARENT_ID, REMARK, CREATE_USERID, CREATE_TIME, LAST_UPDATE_USERID, LAST_UPDATE_TIME, DELETE_USERID, DELETE_TIME, STATUS) VALUES ('5652422a9fad4f6ab793a5989602a4', '1', '是', 'boolean', '是否', 1, null, null, '1', null, '1', null, null, null, 1);
INSERT INTO CW_GE_DICT (ID, VALUE, LABEL, TYPE, DESCRIPTION, SORT, PARENT_ID, REMARK, CREATE_USERID, CREATE_TIME, LAST_UPDATE_USERID, LAST_UPDATE_TIME, DELETE_USERID, DELETE_TIME, STATUS) VALUES ('db628d4c6f514ae6917e23328a35c7', '0', '否', 'boolean', '是否', 2, null, null, '1', null, '1', null, null, null, 1);
INSERT INTO CW_GE_DICT (ID, VALUE, LABEL, TYPE, DESCRIPTION, SORT, PARENT_ID, REMARK, CREATE_USERID, CREATE_TIME, LAST_UPDATE_USERID, LAST_UPDATE_TIME, DELETE_USERID, DELETE_TIME, STATUS) VALUES ('63f3c8517e2f4cdaa95356c980a20429', '1', '有效', 'cardStatus', '卡片状态', 1, null, null, '1', null, '1', null, null, null, 1);
INSERT INTO CW_GE_DICT (ID, VALUE, LABEL, TYPE, DESCRIPTION, SORT, PARENT_ID, REMARK, CREATE_USERID, CREATE_TIME, LAST_UPDATE_USERID, LAST_UPDATE_TIME, DELETE_USERID, DELETE_TIME, STATUS) VALUES ('77a6d0e96df84f978876a336f0376147', '0', '无效', 'cardStatus', '卡片状态', 2, null, null, '1', null, '1', null, null, null, 1);
INSERT INTO CW_GE_DICT (ID, VALUE, LABEL, TYPE, DESCRIPTION, SORT, PARENT_ID, REMARK, CREATE_USERID, CREATE_TIME, LAST_UPDATE_USERID, LAST_UPDATE_TIME, DELETE_USERID, DELETE_TIME, STATUS) VALUES ('a91189f4ef9d41cab8608e8a26e6cb92', '1', '普通', 'cardType', '卡片类型', 1, null, null, '1', null, '1', null, null, null, 1);
INSERT INTO CW_GE_DICT (ID, VALUE, LABEL, TYPE, DESCRIPTION, SORT, PARENT_ID, REMARK, CREATE_USERID, CREATE_TIME, LAST_UPDATE_USERID, LAST_UPDATE_TIME, DELETE_USERID, DELETE_TIME, STATUS) VALUES ('107ebb3d3c704c549ff3b4767fd2464b', '2', '贵宾', 'cardType', '卡片类型', 2, null, null, '1', null, '1', null, null, null, 1);
INSERT INTO CW_GE_DICT (ID, VALUE, LABEL, TYPE, DESCRIPTION, SORT, PARENT_ID, REMARK, CREATE_USERID, CREATE_TIME, LAST_UPDATE_USERID, LAST_UPDATE_TIME, DELETE_USERID, DELETE_TIME, STATUS) VALUES ('copyrightInfo', 'copyrightInfo', 'Copyright? 2017 云从科技. All Rights Reserved. CloudWalk Technology Co., Ltd.. ', 'companySetting', '企业注册', 1, '0', null, '1', null, '1', null, null, null, 1);
INSERT INTO CW_GE_DICT (ID, VALUE, LABEL, TYPE, DESCRIPTION, SORT, PARENT_ID, REMARK, CREATE_USERID, CREATE_TIME, LAST_UPDATE_USERID, LAST_UPDATE_TIME, DELETE_USERID, DELETE_TIME, STATUS) VALUES ('companyLoginLogo', 'companyLoginLogo', '1', 'companySetting', '企业注册', 2, '0', null, '1', null, '1', null, null, null, 1);
INSERT INTO CW_GE_DICT (ID, VALUE, LABEL, TYPE, DESCRIPTION, SORT, PARENT_ID, REMARK, CREATE_USERID, CREATE_TIME, LAST_UPDATE_USERID, LAST_UPDATE_TIME, DELETE_USERID, DELETE_TIME, STATUS) VALUES ('companyHeaderLogo', 'companyHeaderLogo', '1', 'companySetting', '企业注册', 3, '0', null, '1', null, '1', null, null, null, 1);
INSERT INTO CW_GE_DICT (ID, VALUE, LABEL, TYPE, DESCRIPTION, SORT, PARENT_ID, REMARK, CREATE_USERID, CREATE_TIME, LAST_UPDATE_USERID, LAST_UPDATE_TIME, DELETE_USERID, DELETE_TIME, STATUS) VALUES ('companyDownLogo', 'companyDownLogo', '1', 'companySetting', '企业注册', 4, '0', null, '1', null, '1', null, null, null, 1);
INSERT INTO CW_GE_DICT (ID, VALUE, LABEL, TYPE, DESCRIPTION, SORT, PARENT_ID, REMARK, CREATE_USERID, CREATE_TIME, LAST_UPDATE_USERID, LAST_UPDATE_TIME, DELETE_USERID, DELETE_TIME, STATUS) VALUES ('deviceType1', '1', '迎宾终端', 'deviceType', '考勤设备', 1, '0', NULL, NULL, NULL, NULL, NULL, NULL, NULL, 1);
INSERT INTO CW_GE_DICT (ID, VALUE, LABEL, TYPE, DESCRIPTION, SORT, PARENT_ID, REMARK, CREATE_USERID, CREATE_TIME, LAST_UPDATE_USERID, LAST_UPDATE_TIME, DELETE_USERID, DELETE_TIME, STATUS) VALUES ('deviceType2', '2', '门禁终端', 'deviceType', '考勤设备', 2, '0', NULL, NULL, NULL, NULL, NULL, NULL, NULL, 1);
INSERT INTO CW_GE_DICT (ID, VALUE, LABEL, TYPE, DESCRIPTION, SORT, PARENT_ID, REMARK, CREATE_USERID, CREATE_TIME, LAST_UPDATE_USERID, LAST_UPDATE_TIME, DELETE_USERID, DELETE_TIME, STATUS) VALUES ('deviceType3', '3', '识别相机', 'deviceType', '考勤设备', 3, '0', NULL, NULL, NULL, NULL, NULL, NULL, NULL, 1);
INSERT INTO CW_GE_DICT (ID, VALUE, LABEL, TYPE, DESCRIPTION, SORT, PARENT_ID, REMARK, CREATE_USERID, CREATE_TIME, LAST_UPDATE_USERID, LAST_UPDATE_TIME, DELETE_USERID, DELETE_TIME, STATUS) VALUES ('deviceType4', '4', '人脸库', 'deviceType', '考勤设备', 4, '0', NULL, NULL, NULL, NULL, NULL, NULL, NULL, 1);
INSERT INTO CW_GE_DICT (ID, VALUE, LABEL, TYPE, DESCRIPTION, SORT, PARENT_ID, REMARK, CREATE_USERID, CREATE_TIME, LAST_UPDATE_USERID, LAST_UPDATE_TIME, DELETE_USERID, DELETE_TIME, STATUS) VALUES ('deviceType5', '5', '特征提取引擎', 'deviceType', '考勤设备', 5, NULL, NULL, NULL, NULL, NULL, NULL, NULL, NULL, 1);
INSERT INTO CW_GE_DICT (ID, VALUE, LABEL, TYPE, DESCRIPTION, SORT, PARENT_ID, REMARK, CREATE_USERID, CREATE_TIME, LAST_UPDATE_USERID, LAST_UPDATE_TIME, DELETE_USERID, DELETE_TIME, STATUS) VALUES ('deviceType6', '6', '识别引擎', 'deviceType', '考勤设备', 6, NULL, NULL, NULL, NULL, NULL, NULL, NULL, NULL, 1);
INSERT INTO CW_GE_DICT (ID, VALUE, LABEL, TYPE, DESCRIPTION, SORT, PARENT_ID, REMARK, CREATE_USERID, CREATE_TIME, LAST_UPDATE_USERID, LAST_UPDATE_TIME, DELETE_USERID, DELETE_TIME, STATUS) VALUES ('deviceType7', '7', '特征相机', 'deviceType', '考勤设备', 7, NULL, NULL, NULL, NULL, NULL, NULL, NULL, NULL, 1);
INSERT INTO CW_GE_DICT (ID, VALUE, LABEL, TYPE, DESCRIPTION, SORT, PARENT_ID, REMARK, CREATE_USERID, CREATE_TIME, LAST_UPDATE_USERID, LAST_UPDATE_TIME, DELETE_USERID, DELETE_TIME, STATUS) VALUES ('a1f007af17e34f2787b2fcd7b46c8176', '0', '出', 'directionType', '门禁方向', 2, null, null, '1', null, '1', null, null, null, 1);
INSERT INTO CW_GE_DICT (ID, VALUE, LABEL, TYPE, DESCRIPTION, SORT, PARENT_ID, REMARK, CREATE_USERID, CREATE_TIME, LAST_UPDATE_USERID, LAST_UPDATE_TIME, DELETE_USERID, DELETE_TIME, STATUS) VALUES ('62efe112e6005018d48a213e9a5102e', '1', '普通用户', 'entryExitRecordPersonType', '出入记录人员类型', 1, null, null, '1', null, '1', null, null, null, 1);
INSERT INTO CW_GE_DICT (ID, VALUE, LABEL, TYPE, DESCRIPTION, SORT, PARENT_ID, REMARK, CREATE_USERID, CREATE_TIME, LAST_UPDATE_USERID, LAST_UPDATE_TIME, DELETE_USERID, DELETE_TIME, STATUS) VALUES ('6ac3366302ae4905bd3819ba1f6ed7e2', '2', 'VIP用户', 'entryExitRecordPersonType', '出入记录人员类型', 4, null, null, '1', null, '1', null, null, null, 1);
INSERT INTO CW_GE_DICT (ID, VALUE, LABEL, TYPE, DESCRIPTION, SORT, PARENT_ID, REMARK, CREATE_USERID, CREATE_TIME, LAST_UPDATE_USERID, LAST_UPDATE_TIME, DELETE_USERID, DELETE_TIME, STATUS) VALUES ('98921882f0f945dfbe96491ea12dca97', '1', '全部排他', 'exclusiveType', '排他类型', 1, null, null, '1', null, '1', null, null, null, 1);
INSERT INTO CW_GE_DICT (ID, VALUE, LABEL, TYPE, DESCRIPTION, SORT, PARENT_ID, REMARK, CREATE_USERID, CREATE_TIME, LAST_UPDATE_USERID, LAST_UPDATE_TIME, DELETE_USERID, DELETE_TIME, STATUS) VALUES ('121a3543510146fc9a8428d2282fa989', '3', '不排他', 'exclusiveType', '排他类型', 2, null, null, '1', null, '1', null, null, null, 1);
INSERT INTO CW_GE_DICT (ID, VALUE, LABEL, TYPE, DESCRIPTION, SORT, PARENT_ID, REMARK, CREATE_USERID, CREATE_TIME, LAST_UPDATE_USERID, LAST_UPDATE_TIME, DELETE_USERID, DELETE_TIME, STATUS) VALUES ('121a3543510146fc9a9898d2282fa376', '2', '部分排他', 'exclusiveType', '排他类型', 3, null, null, '1', null, '1', null, null, null, 1);
INSERT INTO CW_GE_DICT (ID, VALUE, LABEL, TYPE, DESCRIPTION, SORT, PARENT_ID, REMARK, CREATE_USERID, CREATE_TIME, LAST_UPDATE_USERID, LAST_UPDATE_TIME, DELETE_USERID, DELETE_TIME, STATUS) VALUES ('262af9751426419795d28681151f08fb', '1', '男', 'gender', '性别', 1, null, null, '1', null, '1', null, null, null, 1);
INSERT INTO CW_GE_DICT (ID, VALUE, LABEL, TYPE, DESCRIPTION, SORT, PARENT_ID, REMARK, CREATE_USERID, CREATE_TIME, LAST_UPDATE_USERID, LAST_UPDATE_TIME, DELETE_USERID, DELETE_TIME, STATUS) VALUES ('ddbf6737b4a343c3828a5a207a8cdd0a', '0', '女', 'gender', '性别', 2, null, null, '1', null, '1', null, null, null, 1);
INSERT INTO CW_GE_DICT (ID, VALUE, LABEL, TYPE, DESCRIPTION, SORT, PARENT_ID, REMARK, CREATE_USERID, CREATE_TIME, LAST_UPDATE_USERID, LAST_UPDATE_TIME, DELETE_USERID, DELETE_TIME, STATUS) VALUES ('1b628d4c6f514ae6917e23328a35c7', 'loginName', '登录名', 'logSystem', '日志明细报表的字段', 1, null, null, '1', null, '1', null, null, null, 1);
INSERT INTO CW_GE_DICT (ID, VALUE, LABEL, TYPE, DESCRIPTION, SORT, PARENT_ID, REMARK, CREATE_USERID, CREATE_TIME, LAST_UPDATE_USERID, LAST_UPDATE_TIME, DELETE_USERID, DELETE_TIME, STATUS) VALUES ('2b628d4c6f514ae6917e23328a35c7', 'createUserName', '姓名', 'logSystem', '日志明细报表的字段', 2, null, null, '1', null, '1', null, null, null, 1);
INSERT INTO CW_GE_DICT (ID, VALUE, LABEL, TYPE, DESCRIPTION, SORT, PARENT_ID, REMARK, CREATE_USERID, CREATE_TIME, LAST_UPDATE_USERID, LAST_UPDATE_TIME, DELETE_USERID, DELETE_TIME, STATUS) VALUES ('3b628d4c6f514ae6917e23328a35c7', 'ipAddress', '请求IP地址', 'logSystem', '日志明细报表的字段', 3, null, null, '1', null, '1', null, null, null, 1);
INSERT INTO CW_GE_DICT (ID, VALUE, LABEL, TYPE, DESCRIPTION, SORT, PARENT_ID, REMARK, CREATE_USERID, CREATE_TIME, LAST_UPDATE_USERID, LAST_UPDATE_TIME, DELETE_USERID, DELETE_TIME, STATUS) VALUES ('4b628d4c6f514ae6917e23328a35c7', 'logTypeName', '操作类型', 'logSystem', '日志明细报表的字段', 4, null, null, '1', null, '1', null, null, null, 1);
INSERT INTO CW_GE_DICT (ID, VALUE, LABEL, TYPE, DESCRIPTION, SORT, PARENT_ID, REMARK, CREATE_USERID, CREATE_TIME, LAST_UPDATE_USERID, LAST_UPDATE_TIME, DELETE_USERID, DELETE_TIME, STATUS) VALUES ('5b628d4c6f514ae6917e23328a35c7', 'issucessName', '操作状态', 'logSystem', '日志明细报表的字段', 5, null, null, '1', null, '1', null, null, null, 1);
INSERT INTO CW_GE_DICT (ID, VALUE, LABEL, TYPE, DESCRIPTION, SORT, PARENT_ID, REMARK, CREATE_USERID, CREATE_TIME, LAST_UPDATE_USERID, LAST_UPDATE_TIME, DELETE_USERID, DELETE_TIME, STATUS) VALUES ('6b628d4c6f514ae6917e23328a35c7', 'remark', '描述', 'logSystem', '日志明细报表的字段', 6, null, null, '1', null, '1', null, null, null, 1);
INSERT INTO CW_GE_DICT (ID, VALUE, LABEL, TYPE, DESCRIPTION, SORT, PARENT_ID, REMARK, CREATE_USERID, CREATE_TIME, LAST_UPDATE_USERID, LAST_UPDATE_TIME, DELETE_USERID, DELETE_TIME, STATUS) VALUES ('7b628d4c6f514ae6917e23328a35c7', 'addTime', '操作时间', 'logSystem', '日志明细报表的字段', 7, null, null, '1', null, '1', null, null, null, 1);
INSERT INTO CW_GE_DICT (ID, VALUE, LABEL, TYPE, DESCRIPTION, SORT, PARENT_ID, REMARK, CREATE_USERID, CREATE_TIME, LAST_UPDATE_USERID, LAST_UPDATE_TIME, DELETE_USERID, DELETE_TIME, STATUS) VALUES ('34628d4c6f514ae6917e23328a35c7', '1', '成功', 'logSystemStatus', '日志明细报表的字段', 1, null, null, '1', null, '1', null, null, null, 1);
INSERT INTO CW_GE_DICT (ID, VALUE, LABEL, TYPE, DESCRIPTION, SORT, PARENT_ID, REMARK, CREATE_USERID, CREATE_TIME, LAST_UPDATE_USERID, LAST_UPDATE_TIME, DELETE_USERID, DELETE_TIME, STATUS) VALUES ('64628d4c6f514ae6917e23328a35c7', '0', '失败', 'logSystemStatus', '日志明细报表的字段', 2, null, null, '1', null, '1', null, null, null, 1);
INSERT INTO CW_GE_DICT (ID, VALUE, LABEL, TYPE, DESCRIPTION, SORT, PARENT_ID, REMARK, CREATE_USERID, CREATE_TIME, LAST_UPDATE_USERID, LAST_UPDATE_TIME, DELETE_USERID, DELETE_TIME, STATUS) VALUES ('machineType1', '1', '迎宾终端', 'machineType', '设备类型', 0000000007, '0', NULL, NULL, NULL, NULL, NULL, NULL, NULL, 1);
INSERT INTO CW_GE_DICT (ID, VALUE, LABEL, TYPE, DESCRIPTION, SORT, PARENT_ID, REMARK, CREATE_USERID, CREATE_TIME, LAST_UPDATE_USERID, LAST_UPDATE_TIME, DELETE_USERID, DELETE_TIME, STATUS) VALUES ('machineType2', '2', '门禁终端', 'machineType', '设备类型', 0000000007, '0', NULL, NULL, NULL, NULL, NULL, NULL, NULL, 1);
INSERT INTO CW_GE_DICT (ID, VALUE, LABEL, TYPE, DESCRIPTION, SORT, PARENT_ID, REMARK, CREATE_USERID, CREATE_TIME, LAST_UPDATE_USERID, LAST_UPDATE_TIME, DELETE_USERID, DELETE_TIME, STATUS) VALUES ('machineType3', '3', '识别相机', 'machineType', '设备类型', 0000000007, '0', NULL, NULL, NULL, NULL, NULL, NULL, NULL, 1);
INSERT INTO CW_GE_DICT (ID, VALUE, LABEL, TYPE, DESCRIPTION, SORT, PARENT_ID, REMARK, CREATE_USERID, CREATE_TIME, LAST_UPDATE_USERID, LAST_UPDATE_TIME, DELETE_USERID, DELETE_TIME, STATUS) VALUES ('machineType7', '7', '特征相机', 'machineType', '设备类型', 0000000007, '0', NULL, NULL, NULL, NULL, NULL, NULL, NULL, 1);
INSERT INTO CW_GE_DICT (ID, VALUE, LABEL, TYPE, DESCRIPTION, SORT, PARENT_ID, REMARK, CREATE_USERID, CREATE_TIME, LAST_UPDATE_USERID, LAST_UPDATE_TIME, DELETE_USERID, DELETE_TIME, STATUS) VALUES ('5bf15e73daee4b48952e5012b7343281', '2', '注册', 'msgType', '操作类型', 2, null, null, '1', null, '1', null, null, null, 1);
INSERT INTO CW_GE_DICT (ID, VALUE, LABEL, TYPE, DESCRIPTION, SORT, PARENT_ID, REMARK, CREATE_USERID, CREATE_TIME, LAST_UPDATE_USERID, LAST_UPDATE_TIME, DELETE_USERID, DELETE_TIME, STATUS) VALUES ('e2251dc1b69347d0ad8ee9c0632ecdf6', '4', '删除', 'msgType', '操作类型', 3, null, null, '1', null, '1', null, null, null, 1);
INSERT INTO CW_GE_DICT (ID, VALUE, LABEL, TYPE, DESCRIPTION, SORT, PARENT_ID, REMARK, CREATE_USERID, CREATE_TIME, LAST_UPDATE_USERID, LAST_UPDATE_TIME, DELETE_USERID, DELETE_TIME, STATUS) VALUES ('35', '1', '有效', 'noticeStatus', '公告状态', 1, '0', null, null, null, null, null, null, null, 1);
INSERT INTO CW_GE_DICT (ID, VALUE, LABEL, TYPE, DESCRIPTION, SORT, PARENT_ID, REMARK, CREATE_USERID, CREATE_TIME, LAST_UPDATE_USERID, LAST_UPDATE_TIME, DELETE_USERID, DELETE_TIME, STATUS) VALUES ('36', '2', '暂停', 'noticeStatus', '公告状态', 2, '0', null, null, null, null, null, null, null, 1);
INSERT INTO CW_GE_DICT (ID, VALUE, LABEL, TYPE, DESCRIPTION, SORT, PARENT_ID, REMARK, CREATE_USERID, CREATE_TIME, LAST_UPDATE_USERID, LAST_UPDATE_TIME, DELETE_USERID, DELETE_TIME, STATUS) VALUES ('37', '3', '待投放', 'noticeStatus', '公告状态', 3, '0', null, null, null, null, null, null, null, 1);
INSERT INTO CW_GE_DICT (ID, VALUE, LABEL, TYPE, DESCRIPTION, SORT, PARENT_ID, REMARK, CREATE_USERID, CREATE_TIME, LAST_UPDATE_USERID, LAST_UPDATE_TIME, DELETE_USERID, DELETE_TIME, STATUS) VALUES ('43', '4', '挂起', 'noticeStatus', '公告状态', 4, '0', null, null, null, null, null, null, null, 1);
INSERT INTO CW_GE_DICT (ID, VALUE, LABEL, TYPE, DESCRIPTION, SORT, PARENT_ID, REMARK, CREATE_USERID, CREATE_TIME, LAST_UPDATE_USERID, LAST_UPDATE_TIME, DELETE_USERID, DELETE_TIME, STATUS) VALUES ('34', '5', '过期', 'noticeStatus', '公告状态', 5, '0', null, null, null, null, null, null, null, 1);
INSERT INTO CW_GE_DICT (ID, VALUE, LABEL, TYPE, DESCRIPTION, SORT, PARENT_ID, REMARK, CREATE_USERID, CREATE_TIME, LAST_UPDATE_USERID, LAST_UPDATE_TIME, DELETE_USERID, DELETE_TIME, STATUS) VALUES ('351', '1', '有效', 'informationStatus', '通知状态', 1, '0', null, null, null, null, null, null, null, 1);
INSERT INTO CW_GE_DICT (ID, VALUE, LABEL, TYPE, DESCRIPTION, SORT, PARENT_ID, REMARK, CREATE_USERID, CREATE_TIME, LAST_UPDATE_USERID, LAST_UPDATE_TIME, DELETE_USERID, DELETE_TIME, STATUS) VALUES ('352', '5', '过期', 'informationStatus', '通知状态', 2, '0', null, null, null, null, null, null, null, 1);
INSERT INTO CW_GE_DICT (ID, VALUE, LABEL, TYPE, DESCRIPTION, SORT, PARENT_ID, REMARK, CREATE_USERID, CREATE_TIME, LAST_UPDATE_USERID, LAST_UPDATE_TIME, DELETE_USERID, DELETE_TIME, STATUS) VALUES ('46', '1', '显示', 'noticeType', '显示卡片', 1, '0', null, null, null, '1', null, null, null, 1);
INSERT INTO CW_GE_DICT (ID, VALUE, LABEL, TYPE, DESCRIPTION, SORT, PARENT_ID, REMARK, CREATE_USERID, CREATE_TIME, LAST_UPDATE_USERID, LAST_UPDATE_TIME, DELETE_USERID, DELETE_TIME, STATUS) VALUES ('45', '2', '不显示', 'noticeType', '显示卡片', 2, '0', null, null, null, '1', null, null, null, 1);
INSERT INTO CW_GE_DICT (ID, VALUE, LABEL, TYPE, DESCRIPTION, SORT, PARENT_ID, REMARK, CREATE_USERID, CREATE_TIME, LAST_UPDATE_USERID, LAST_UPDATE_TIME, DELETE_USERID, DELETE_TIME, STATUS) VALUES ('62efee72e65b45018d48a213e9a5102e', '1', '普通用户', 'personType', '楼栋门牌号人员类型', 1, null, null, '1', null, '1', null, null, null, 1);
INSERT INTO CW_GE_DICT (ID, VALUE, LABEL, TYPE, DESCRIPTION, SORT, PARENT_ID, REMARK, CREATE_USERID, CREATE_TIME, LAST_UPDATE_USERID, LAST_UPDATE_TIME, DELETE_USERID, DELETE_TIME, STATUS) VALUES ('a47e4cd24f93401084c5cc4139682c0f', '2', '刷脸用户', 'personType', '楼栋门牌号人员类型', 2, null, null, '1', null, '1', null, null, null, 1);
INSERT INTO CW_GE_DICT (ID, VALUE, LABEL, TYPE, DESCRIPTION, SORT, PARENT_ID, REMARK, CREATE_USERID, CREATE_TIME, LAST_UPDATE_USERID, LAST_UPDATE_TIME, DELETE_USERID, DELETE_TIME, STATUS) VALUES ('promptType1', '1', '卡片', 'promptType', '迎宾机提示方式', 1, null, null, '1', null, '1', null, null, null, 1);
INSERT INTO CW_GE_DICT (ID, VALUE, LABEL, TYPE, DESCRIPTION, SORT, PARENT_ID, REMARK, CREATE_USERID, CREATE_TIME, LAST_UPDATE_USERID, LAST_UPDATE_TIME, DELETE_USERID, DELETE_TIME, STATUS) VALUES ('promptType2', '2', '语音', 'promptType', '迎宾机提示方式', 2, null, null, '1', null, '1', null, null, null, 1);
INSERT INTO CW_GE_DICT (ID, VALUE, LABEL, TYPE, DESCRIPTION, SORT, PARENT_ID, REMARK, CREATE_USERID, CREATE_TIME, LAST_UPDATE_USERID, LAST_UPDATE_TIME, DELETE_USERID, DELETE_TIME, STATUS) VALUES ('promptType3', '3', '卡片+语音', 'promptType', '迎宾机提示方式', 3, null, null, '1', null, '1', null, null, null, 1);
INSERT INTO CW_GE_DICT (ID, VALUE, LABEL, TYPE, DESCRIPTION, SORT, PARENT_ID, REMARK, CREATE_USERID, CREATE_TIME, LAST_UPDATE_USERID, LAST_UPDATE_TIME, DELETE_USERID, DELETE_TIME, STATUS) VALUES ('0feb8812345945dfbe96491ea12dca97', '2', '人证合一', 'recognitionType', '识别类型', 1, null, null, '1', null, '1', null, null, null, 1);
INSERT INTO CW_GE_DICT (ID, VALUE, LABEL, TYPE, DESCRIPTION, SORT, PARENT_ID, REMARK, CREATE_USERID, CREATE_TIME, LAST_UPDATE_USERID, LAST_UPDATE_TIME, DELETE_USERID, DELETE_TIME, STATUS) VALUES ('21e2437154123461bede47ce2a3c3e53', '1', '人脸识别', 'recognitionType', '识别类型', 2, null, null, '1', null, '1', null, null, null, 1);
INSERT INTO CW_GE_DICT (ID, VALUE, LABEL, TYPE, DESCRIPTION, SORT, PARENT_ID, REMARK, CREATE_USERID, CREATE_TIME, LAST_UPDATE_USERID, LAST_UPDATE_TIME, DELETE_USERID, DELETE_TIME, STATUS) VALUES ('12121882f0f945dfbe96491ea12dca97', '1', '标准工作制', 'shiftType', '班次类型', 1, null, null, '1', null, '1', null, null, null, 1);
INSERT INTO CW_GE_DICT (ID, VALUE, LABEL, TYPE, DESCRIPTION, SORT, PARENT_ID, REMARK, CREATE_USERID, CREATE_TIME, LAST_UPDATE_USERID, LAST_UPDATE_TIME, DELETE_USERID, DELETE_TIME, STATUS) VALUES ('121a3543510146fc9a8428d2282fa376', '2', '周期排班', 'shiftType', '班次类型', 2, null, null, '1', null, '1', null, null, null, 1);
INSERT INTO CW_GE_DICT (ID, VALUE, LABEL, TYPE, DESCRIPTION, SORT, PARENT_ID, REMARK, CREATE_USERID, CREATE_TIME, LAST_UPDATE_USERID, LAST_UPDATE_TIME, DELETE_USERID, DELETE_TIME, STATUS) VALUES ('334', '2', '图片', 'showType', '广告显示类型', 1, '0', null, null, null, '1', null, null, null, 1);
INSERT INTO CW_GE_DICT (ID, VALUE, LABEL, TYPE, DESCRIPTION, SORT, PARENT_ID, REMARK, CREATE_USERID, CREATE_TIME, LAST_UPDATE_USERID, LAST_UPDATE_TIME, DELETE_USERID, DELETE_TIME, STATUS) VALUES ('335', '3', '视频', 'showType', '广告显示类型', 3, '0', null, null, null, '1', null, null, null, 1);
INSERT INTO CW_GE_DICT (ID, VALUE, LABEL, TYPE, DESCRIPTION, SORT, PARENT_ID, REMARK, CREATE_USERID, CREATE_TIME, LAST_UPDATE_USERID, LAST_UPDATE_TIME, DELETE_USERID, DELETE_TIME, STATUS) VALUES ('119', '0', '未签到', 'signState', '考勤状态', 1, '0', null, null, null, null, null, null, null, 1);
INSERT INTO CW_GE_DICT (ID, VALUE, LABEL, TYPE, DESCRIPTION, SORT, PARENT_ID, REMARK, CREATE_USERID, CREATE_TIME, LAST_UPDATE_USERID, LAST_UPDATE_TIME, DELETE_USERID, DELETE_TIME, STATUS) VALUES ('120', '1', '正常', 'signState', '考勤状态', 2, '0', null, null, null, null, null, null, null, 1);
INSERT INTO CW_GE_DICT (ID, VALUE, LABEL, TYPE, DESCRIPTION, SORT, PARENT_ID, REMARK, CREATE_USERID, CREATE_TIME, LAST_UPDATE_USERID, LAST_UPDATE_TIME, DELETE_USERID, DELETE_TIME, STATUS) VALUES ('121', '3', '迟到', 'signState', '考勤状态', 3, '0', null, null, null, null, null, null, null, 1);
INSERT INTO CW_GE_DICT (ID, VALUE, LABEL, TYPE, DESCRIPTION, SORT, PARENT_ID, REMARK, CREATE_USERID, CREATE_TIME, LAST_UPDATE_USERID, LAST_UPDATE_TIME, DELETE_USERID, DELETE_TIME, STATUS) VALUES ('122', '4', '早退', 'signState', '考勤状态', 4, '0', null, null, null, null, null, null, null, 1);
INSERT INTO CW_GE_DICT (ID, VALUE, LABEL, TYPE, DESCRIPTION, SORT, PARENT_ID, REMARK, CREATE_USERID, CREATE_TIME, LAST_UPDATE_USERID, LAST_UPDATE_TIME, DELETE_USERID, DELETE_TIME, STATUS) VALUES ('192', '7', '旷工', 'signState', '考勤状态', 7, '0', null, null, null, null, null, null, null, 1);
INSERT INTO CW_GE_DICT (ID, VALUE, LABEL, TYPE, DESCRIPTION, SORT, PARENT_ID, REMARK, CREATE_USERID, CREATE_TIME, LAST_UPDATE_USERID, LAST_UPDATE_TIME, DELETE_USERID, DELETE_TIME, STATUS) VALUES ('d4123b656e0b4da4a62610b1d43c51d7', '10', '请假', 'signState', '考勤状态', 10, null, null, '1', null, '1', null, null, null, 1);
INSERT INTO CW_GE_DICT (ID, VALUE, LABEL, TYPE, DESCRIPTION, SORT, PARENT_ID, REMARK, CREATE_USERID, CREATE_TIME, LAST_UPDATE_USERID, LAST_UPDATE_TIME, DELETE_USERID, DELETE_TIME, STATUS) VALUES ('d4123b656e0b4da4a62610b1d43c52d8', '11', '外出', 'signState', '考勤状态', 11, null, null, '1', null, '1', null, null, null, 1);
INSERT INTO CW_GE_DICT (ID, VALUE, LABEL, TYPE, DESCRIPTION, SORT, PARENT_ID, REMARK, CREATE_USERID, CREATE_TIME, LAST_UPDATE_USERID, LAST_UPDATE_TIME, DELETE_USERID, DELETE_TIME, STATUS) VALUES ('d4123b656e0b4da4a62610b1d43c53d9', '12', '出差', 'signState', '考勤状态', 12, null, null, '1', null, '1', null, null, null, 1);
INSERT INTO CW_GE_DICT (ID, VALUE, LABEL, TYPE, DESCRIPTION, SORT, PARENT_ID, REMARK, CREATE_USERID, CREATE_TIME, LAST_UPDATE_USERID, LAST_UPDATE_TIME, DELETE_USERID, DELETE_TIME, STATUS) VALUES ('b4a4edb3a95b4589bc345905373177d9', 'cameraMd5', '相机MD5文件', 'applyName', '相机设备', '1', NULL, NULL, '1', null, '1', null, NULL, NULL, '1');
INSERT INTO CW_GE_DICT (ID, VALUE, LABEL, TYPE, DESCRIPTION, SORT, PARENT_ID, REMARK, CREATE_USERID, CREATE_TIME, LAST_UPDATE_USERID, LAST_UPDATE_TIME, DELETE_USERID, DELETE_TIME, STATUS) VALUES ('e8e804debb504c99a6da8876616ffb20', 'cameraPacket', '相机安装包', 'applyName', '相机设备', '1', NULL, NULL, '1', null, '1', null, NULL, NULL, '1');

INSERT INTO CW_GE_DICT (ID, VALUE, LABEL, TYPE, DESCRIPTION, SORT, PARENT_ID, REMARK, CREATE_USERID, CREATE_TIME, LAST_UPDATE_USERID, LAST_UPDATE_TIME, DELETE_USERID, DELETE_TIME, STATUS) VALUES ('7cc70af785374d90a5faa00a2027a659', '-1', '加班', 'signState', '考勤状态', 8, null, null, '1', null, '1', null, null, null, 1);
INSERT INTO CW_GE_DICT (ID, VALUE, LABEL, TYPE, DESCRIPTION, SORT, PARENT_ID, REMARK, CREATE_USERID, CREATE_TIME, LAST_UPDATE_USERID, LAST_UPDATE_TIME, DELETE_USERID, DELETE_TIME, STATUS) VALUES ('SocketSyncStatus0', '0', '未开始同步', 'socketSyncStatus', '人员同步状态', 1, null, null, '1', null, '1', null, null, null, 1);
INSERT INTO CW_GE_DICT (ID, VALUE, LABEL, TYPE, DESCRIPTION, SORT, PARENT_ID, REMARK, CREATE_USERID, CREATE_TIME, LAST_UPDATE_USERID, LAST_UPDATE_TIME, DELETE_USERID, DELETE_TIME, STATUS) VALUES ('SocketSyncStatus2', '2', '同步成功', 'socketSyncStatus', '人员同步状态', 3, null, null, '1', null, '1', null, null, null, 1);
INSERT INTO CW_GE_DICT (ID, VALUE, LABEL, TYPE, DESCRIPTION, SORT, PARENT_ID, REMARK, CREATE_USERID, CREATE_TIME, LAST_UPDATE_USERID, LAST_UPDATE_TIME, DELETE_USERID, DELETE_TIME, STATUS) VALUES ('SocketSyncStatus3', '3', '同步失败', 'socketSyncStatus', '人员同步状态', 4, null, null, '1', null, '1', null, null, null, 1);
INSERT INTO CW_GE_DICT (ID, VALUE, LABEL, TYPE, DESCRIPTION, SORT, PARENT_ID, REMARK, CREATE_USERID, CREATE_TIME, LAST_UPDATE_USERID, LAST_UPDATE_TIME, DELETE_USERID, DELETE_TIME, STATUS) VALUES ('5652422a9fad4f6ab793a5989602a4f2', '1', '有效', 'status', '状态', 1, null, null, '1', null, '1', null, null, null, 1);
INSERT INTO CW_GE_DICT (ID, VALUE, LABEL, TYPE, DESCRIPTION, SORT, PARENT_ID, REMARK, CREATE_USERID, CREATE_TIME, LAST_UPDATE_USERID, LAST_UPDATE_TIME, DELETE_USERID, DELETE_TIME, STATUS) VALUES ('db628d4c6f514ae6917e23328a35c76e', '0', '禁用', 'status', '状态', 2, null, null, '1', null, '1', null, null, null, 1);
INSERT INTO CW_GE_DICT (ID, VALUE, LABEL, TYPE, DESCRIPTION, SORT, PARENT_ID, REMARK, CREATE_USERID, CREATE_TIME, LAST_UPDATE_USERID, LAST_UPDATE_TIME, DELETE_USERID, DELETE_TIME, STATUS) VALUES ('335bbcff54094396889c3175f4eadc55', '0', '失败', 'syncStatus', '同步状态', 1, null, null, '1', null, '1', null, null, null, 1);
INSERT INTO CW_GE_DICT (ID, VALUE, LABEL, TYPE, DESCRIPTION, SORT, PARENT_ID, REMARK, CREATE_USERID, CREATE_TIME, LAST_UPDATE_USERID, LAST_UPDATE_TIME, DELETE_USERID, DELETE_TIME, STATUS) VALUES ('505bbcff54094396889c3175f4eadc55', '1', '成功', 'syncStatus', '同步状态', 2, null, null, '1', null, '1', null, null, null, 1);
INSERT INTO CW_GE_DICT (ID, VALUE, LABEL, TYPE, DESCRIPTION, SORT, PARENT_ID, REMARK, CREATE_USERID, CREATE_TIME, LAST_UPDATE_USERID, LAST_UPDATE_TIME, DELETE_USERID, DELETE_TIME, STATUS) VALUES ('vipLevel1', '1', '一级', 'vipLevel', 'VIP客户级别', 1, null, null, '1', null, '1', null, null, null, 1);
INSERT INTO CW_GE_DICT (ID, VALUE, LABEL, TYPE, DESCRIPTION, SORT, PARENT_ID, REMARK, CREATE_USERID, CREATE_TIME, LAST_UPDATE_USERID, LAST_UPDATE_TIME, DELETE_USERID, DELETE_TIME, STATUS) VALUES ('vipLevel2', '2', '二级', 'vipLevel', 'VIP客户级别', 2, null, null, '1', null, '1', null, null, null, 1);
INSERT INTO CW_GE_DICT (ID, VALUE, LABEL, TYPE, DESCRIPTION, SORT, PARENT_ID, REMARK, CREATE_USERID, CREATE_TIME, LAST_UPDATE_USERID, LAST_UPDATE_TIME, DELETE_USERID, DELETE_TIME, STATUS) VALUES ('vipLevel3', '3', '三级', 'vipLevel', 'VIP客户级别', 3, null, null, '1', null, '1', null, null, null, 1);
INSERT INTO CW_GE_DICT (ID, VALUE, LABEL, TYPE, DESCRIPTION, SORT, PARENT_ID, REMARK, CREATE_USERID, CREATE_TIME, LAST_UPDATE_USERID, LAST_UPDATE_TIME, DELETE_USERID, DELETE_TIME, STATUS) VALUES ('vipLevel4', '4', '四级', 'vipLevel', 'VIP客户级别', 4, null, null, '1', null, '1', null, null, null, 1);
INSERT INTO CW_GE_DICT (ID, VALUE, LABEL, TYPE, DESCRIPTION, SORT, PARENT_ID, REMARK, CREATE_USERID, CREATE_TIME, LAST_UPDATE_USERID, LAST_UPDATE_TIME, DELETE_USERID, DELETE_TIME, STATUS) VALUES ('98921882f0f94511be96491ea12dca97', '2', '星期一', 'weekType', '星期', 1, null, null, '1', null, '1', null, null, null, 1);
INSERT INTO CW_GE_DICT (ID, VALUE, LABEL, TYPE, DESCRIPTION, SORT, PARENT_ID, REMARK, CREATE_USERID, CREATE_TIME, LAST_UPDATE_USERID, LAST_UPDATE_TIME, DELETE_USERID, DELETE_TIME, STATUS) VALUES ('121a3543510131fc9a8428d2282fa989', '3', '星期二', 'weekType', '星期', 2, null, null, '1', null, '1', null, null, null, 1);
INSERT INTO CW_GE_DICT (ID, VALUE, LABEL, TYPE, DESCRIPTION, SORT, PARENT_ID, REMARK, CREATE_USERID, CREATE_TIME, LAST_UPDATE_USERID, LAST_UPDATE_TIME, DELETE_USERID, DELETE_TIME, STATUS) VALUES ('121a3543510aa6fc9a9898d2282fa376', '4', '星期三', 'weekType', '星期', 3, null, null, '1', null, '1', null, null, null, 1);
INSERT INTO CW_GE_DICT (ID, VALUE, LABEL, TYPE, DESCRIPTION, SORT, PARENT_ID, REMARK, CREATE_USERID, CREATE_TIME, LAST_UPDATE_USERID, LAST_UPDATE_TIME, DELETE_USERID, DELETE_TIME, STATUS) VALUES ('98921882f0f945dfbe964945a12dca97', '5', '星期四', 'weekType', '星期', 4, null, null, '1', null, '1', null, null, null, 1);
INSERT INTO CW_GE_DICT (ID, VALUE, LABEL, TYPE, DESCRIPTION, SORT, PARENT_ID, REMARK, CREATE_USERID, CREATE_TIME, LAST_UPDATE_USERID, LAST_UPDATE_TIME, DELETE_USERID, DELETE_TIME, STATUS) VALUES ('98921882f0f945dfbe964917812dca97', '6', '星期五', 'weekType', '星期', 5, null, null, '1', null, '1', null, null, null, 1);
INSERT INTO CW_GE_DICT (ID, VALUE, LABEL, TYPE, DESCRIPTION, SORT, PARENT_ID, REMARK, CREATE_USERID, CREATE_TIME, LAST_UPDATE_USERID, LAST_UPDATE_TIME, DELETE_USERID, DELETE_TIME, STATUS) VALUES ('98921882f0f945dfbe96491eabadca97', '7', '星期六', 'weekType', '星期', 6, null, null, '1', null, '1', null, null, null, 1);
INSERT INTO CW_GE_DICT (ID, VALUE, LABEL, TYPE, DESCRIPTION, SORT, PARENT_ID, REMARK, CREATE_USERID, CREATE_TIME, LAST_UPDATE_USERID, LAST_UPDATE_TIME, DELETE_USERID, DELETE_TIME, STATUS) VALUES ('98921882f0f945dffe96491ea12dca97', '1', '星期日', 'weekType', '星期', 7, null, null, '1', null, '1', null, null, null, 1);
INSERT INTO CW_GE_DICT (ID, VALUE, LABEL, TYPE, DESCRIPTION, SORT, PARENT_ID, REMARK, CREATE_USERID, CREATE_TIME, LAST_UPDATE_USERID, LAST_UPDATE_TIME, DELETE_USERID, DELETE_TIME, STATUS) VALUES ('0a5bbcff54094396889c3175f4eadc55', '1', 'XX号楼XX单元', 'buildingCategory', '楼栋类别', 1, null, null, '1', null, '1', null, null, null, 1);
INSERT INTO CW_GE_DICT (ID, VALUE, LABEL, TYPE, DESCRIPTION, SORT, PARENT_ID, REMARK, CREATE_USERID, CREATE_TIME, LAST_UPDATE_USERID, LAST_UPDATE_TIME, DELETE_USERID, DELETE_TIME, STATUS) VALUES ('21e24371547e4661bede47ce2a3c3e53', '2', 'XX幢XX单元', 'buildingCategory', '楼栋类别', 2, null, null, '1', null, '1', null, null, null, 1);
INSERT INTO CW_GE_DICT (ID, VALUE, LABEL, TYPE, DESCRIPTION, SORT, PARENT_ID, REMARK, CREATE_USERID, CREATE_TIME, LAST_UPDATE_USERID, LAST_UPDATE_TIME, DELETE_USERID, DELETE_TIME, STATUS) VALUES ('26a0406e7cf945fabfbf6f531aa3760d', '3', 'XX单元', 'buildingCategory', '楼栋类别', 3, null, null, '1', null, '1', null, null, null, 1);
INSERT INTO CW_GE_DICT (ID, VALUE, LABEL, TYPE, DESCRIPTION, SORT, PARENT_ID, REMARK, CREATE_USERID, CREATE_TIME, LAST_UPDATE_USERID, LAST_UPDATE_TIME, DELETE_USERID, DELETE_TIME, STATUS) VALUES ('d4123b656e0b4da4a62610b1d43c5ad7', '10', '请假', 'attenImportType', '考勤数据接入类型', 10, null, null, '1', null, '1', null, null, null, 1);
INSERT INTO CW_GE_DICT (ID, VALUE, LABEL, TYPE, DESCRIPTION, SORT, PARENT_ID, REMARK, CREATE_USERID, CREATE_TIME, LAST_UPDATE_USERID, LAST_UPDATE_TIME, DELETE_USERID, DELETE_TIME, STATUS) VALUES ('d4123b656e0b4da4a62610b1d43c5ad8', '11', '外出', 'attenImportType', '考勤数据接入类型', 11, null, null, '1', null, '1', null, null, null, 1);
INSERT INTO CW_GE_DICT (ID, VALUE, LABEL, TYPE, DESCRIPTION, SORT, PARENT_ID, REMARK, CREATE_USERID, CREATE_TIME, LAST_UPDATE_USERID, LAST_UPDATE_TIME, DELETE_USERID, DELETE_TIME, STATUS) VALUES ('d4123b656e0b4da4a62610b1d43c5ad9', '12', '出差', 'attenImportType', '考勤数据接入类型', 12, null, null, '1', null, '1', null, null, null, 1);
INSERT INTO CW_GE_DICT (ID, VALUE, LABEL, TYPE, DESCRIPTION, SORT, PARENT_ID, REMARK, CREATE_USERID, CREATE_TIME, LAST_UPDATE_USERID, LAST_UPDATE_TIME, DELETE_USERID, DELETE_TIME, STATUS) VALUES ('platformType1', '2', 'Windows', 'platformType', '平台类型', 11, null, null, '1', null, '1', null, null, null, 1);
INSERT INTO CW_GE_DICT (ID, VALUE, LABEL, TYPE, DESCRIPTION, SORT, PARENT_ID, REMARK, CREATE_USERID, CREATE_TIME, LAST_UPDATE_USERID, LAST_UPDATE_TIME, DELETE_USERID, DELETE_TIME, STATUS) VALUES ('platformType2', '1', '安卓', 'platformType', '平台类型', 12, null, null, '1', null, '1', null, null, null, 1);
INSERT INTO CW_GE_DICT (ID, VALUE, LABEL, TYPE, DESCRIPTION, SORT, PARENT_ID, REMARK, CREATE_USERID, CREATE_TIME, LAST_UPDATE_USERID, LAST_UPDATE_TIME, DELETE_USERID, DELETE_TIME, STATUS) VALUES ('platformType3', '3', 'Linux', 'platformType', '平台类型', 13, null, null, '1', null, '1', null, null, null, 1);
INSERT INTO CW_GE_DICT (ID, VALUE, LABEL, TYPE, DESCRIPTION, SORT, PARENT_ID, REMARK, CREATE_USERID, CREATE_TIME, LAST_UPDATE_USERID, LAST_UPDATE_TIME, DELETE_USERID, DELETE_TIME, STATUS) VALUES ('categoryType1', '1', '迎宾机', 'categoryType', '终端类型', 11, null, null, '1', null, '1', null, null, null, 1);
INSERT INTO CW_GE_DICT (ID, VALUE, LABEL, TYPE, DESCRIPTION, SORT, PARENT_ID, REMARK, CREATE_USERID, CREATE_TIME, LAST_UPDATE_USERID, LAST_UPDATE_TIME, DELETE_USERID, DELETE_TIME, STATUS) VALUES ('categoryType2', '2', '门禁机', 'categoryType', '终端类型', 12, null, null, '1', null, '1', null, null, null, 1);
INSERT INTO CW_GE_DICT (ID, VALUE, LABEL, TYPE, DESCRIPTION, SORT, PARENT_ID, REMARK, CREATE_USERID, CREATE_TIME, LAST_UPDATE_USERID, LAST_UPDATE_TIME, DELETE_USERID, DELETE_TIME, STATUS) VALUES ('orgRank1', '1', '一级分行', 'orgRank', '单位级别', 1, null, null, '1', null, '1', null, null, null, 1);
INSERT INTO CW_GE_DICT (ID, VALUE, LABEL, TYPE, DESCRIPTION, SORT, PARENT_ID, REMARK, CREATE_USERID, CREATE_TIME, LAST_UPDATE_USERID, LAST_UPDATE_TIME, DELETE_USERID, DELETE_TIME, STATUS) VALUES ('orgRank2', '2', '二级分行', 'orgRank', '单位级别', 2, null, null, '1', null, '1', null, null, null, 1);
/*插入字典表，推送类型*/
INSERT INTO CW_GE_DICT (ID, VALUE, LABEL, TYPE, DESCRIPTION, SORT, PARENT_ID, REMARK, CREATE_USERID, CREATE_TIME, LAST_UPDATE_USERID, LAST_UPDATE_TIME, DELETE_USERID, DELETE_TIME, STATUS) VALUES('socket', 'socket', 'socket', 'push_type', '推送类型', 1, NULL, NULL, NULL, NULL, NULL, NULL, NULL, NULL, 1);
INSERT INTO CW_GE_DICT (ID, VALUE, LABEL, TYPE, DESCRIPTION, SORT, PARENT_ID, REMARK, CREATE_USERID, CREATE_TIME, LAST_UPDATE_USERID, LAST_UPDATE_TIME, DELETE_USERID, DELETE_TIME, STATUS) VALUES('websocket', 'websocket', 'websocket', 'push_type', '推送类型', 2, NULL, NULL, NULL, NULL, NULL, NULL, NULL, NULL, 1);

INSERT INTO CW_GE_DICT (ID, VALUE, LABEL, TYPE, DESCRIPTION, SORT, PARENT_ID, REMARK, CREATE_USERID, CREATE_TIME, LAST_UPDATE_USERID, LAST_UPDATE_TIME, DELETE_USERID, DELETE_TIME, STATUS) VALUES ('userRegisterDeviceType1', '1', '迎宾终端', 'userRegisterDeviceType', '用户注册设备类型', 1, '0', NULL, NULL, NULL, NULL, NULL, NULL, NULL, 1);
INSERT INTO CW_GE_DICT (ID, VALUE, LABEL, TYPE, DESCRIPTION, SORT, PARENT_ID, REMARK, CREATE_USERID, CREATE_TIME, LAST_UPDATE_USERID, LAST_UPDATE_TIME, DELETE_USERID, DELETE_TIME, STATUS) VALUES ('userRegisterDeviceType3', '3', '识别相机', 'userRegisterDeviceType', '用户注册设备类型', 3, '0', NULL, NULL, NULL, NULL, NULL, NULL, NULL, 1);
INSERT INTO CW_GE_DICT (ID, VALUE, LABEL, TYPE, DESCRIPTION, SORT, PARENT_ID, REMARK, CREATE_USERID, CREATE_TIME, LAST_UPDATE_USERID, LAST_UPDATE_TIME, DELETE_USERID, DELETE_TIME, STATUS) VALUES ('userRegisterDeviceType4', '4', '人脸库', 'userRegisterDeviceType', '用户注册设备类型', 4, '0', NULL, NULL, NULL, NULL, NULL, NULL, NULL, 1);

INSERT INTO CW_GE_DICT (ID, VALUE, LABEL, TYPE, DESCRIPTION, SORT, PARENT_ID, REMARK, CREATE_USERID, CREATE_TIME, LAST_UPDATE_USERID, LAST_UPDATE_TIME, DELETE_USERID, DELETE_TIME, STATUS) VALUES ('ff60c01b2eab4c21b6b7a0f2c2f16532', '0', '禁用', 'deviceStatus', '相机状态', '1', NULL, NULL, '1', NULL, '1', NULL, NULL, NULL, '1');
INSERT INTO CW_GE_DICT (ID, VALUE, LABEL, TYPE, DESCRIPTION, SORT, PARENT_ID, REMARK, CREATE_USERID, CREATE_TIME, LAST_UPDATE_USERID, LAST_UPDATE_TIME, DELETE_USERID, DELETE_TIME, STATUS) VALUES ('8cb3244feece4ffe9f99e3cc346a04b1', '1', '正常', 'deviceStatus', '相机状态', '2', NULL, NULL, '1', NULL, '1', NULL, NULL, NULL, '1');
INSERT INTO CW_GE_DICT (ID, VALUE, LABEL, TYPE, DESCRIPTION, SORT, PARENT_ID, REMARK, CREATE_USERID, CREATE_TIME, LAST_UPDATE_USERID, LAST_UPDATE_TIME, DELETE_USERID, DELETE_TIME, STATUS) VALUES ('f9e48c3da5804396970843bdef92c842', '-1', '未激活', 'deviceStatus', '相机状态', '3', NULL, NULL, '1', NULL, '1', NULL, NULL, NULL, '1');



INSERT INTO CW_GE_IMPORT_MAIN (IMPORT_ID, RESULT_CLASS, QUOTE_CHAR, SEPARATE_CHAR, SKIP_ROW, URL, DOWNLOAD_PATH, IS_FOLDER, USERNAME, PASSWORD, CHAR_SET, IS_CHAR, PARAMS, DAY_ADD, OVERWRITE) VALUES ('CardEntryRecord', 'cn.cloudwalk.vo.CardEntryRecordVo', '"', ',', 0, null, 'tmp/importCardEntryRecord/enter.csv', 0, null, null, null, null, null, null, 0);
INSERT INTO CW_GE_IMPORT_MAIN (IMPORT_ID, RESULT_CLASS, QUOTE_CHAR, SEPARATE_CHAR, SKIP_ROW, URL, DOWNLOAD_PATH, IS_FOLDER, USERNAME, PASSWORD, CHAR_SET, IS_CHAR, PARAMS, DAY_ADD, OVERWRITE) VALUES ('FaceEntryRecord', 'cn.cloudwalk.vo.FaceEntryRecordVo', '"', ',', 0, null, 'tmp/importFaceEntryRecord/enter.csv', 0, null, null, null, null, null, null, 0);
INSERT INTO CW_GE_IMPORT_MAIN (IMPORT_ID, RESULT_CLASS, QUOTE_CHAR, SEPARATE_CHAR, SKIP_ROW, URL, DOWNLOAD_PATH, IS_FOLDER, USERNAME, PASSWORD, CHAR_SET, IS_CHAR, PARAMS, DAY_ADD, OVERWRITE) VALUES ('ImportUser', 'cn.cloudwalk.vo.MobileUserVo', '"', ',', 0, null, 'tmp/registerUserFromMobile/register.csv', 0, null, null, null, null, null, null, 0);
INSERT INTO CW_GE_IMPORT_MAIN (IMPORT_ID, RESULT_CLASS, QUOTE_CHAR, SEPARATE_CHAR, SKIP_ROW, URL, DOWNLOAD_PATH, IS_FOLDER, USERNAME, PASSWORD, CHAR_SET, IS_CHAR, PARAMS, DAY_ADD, OVERWRITE) VALUES ('StrangerRecord', 'cn.cloudwalk.vo.StrangerAttenRecordVo', '"', ',', 0, null, 'tmp/importStrangerRecord/stranger.csv', 0, null, null, null, null, null, null, 0);
INSERT INTO CW_GE_IMPORT_MAIN (IMPORT_ID, RESULT_CLASS, QUOTE_CHAR, SEPARATE_CHAR, SKIP_ROW, URL, DOWNLOAD_PATH, IS_FOLDER, USERNAME, PASSWORD, CHAR_SET, IS_CHAR, PARAMS, DAY_ADD, OVERWRITE) VALUES ('AttImport', 'cn.cloudwalk.vo.LeaveApplication', '"', ',', 1, null, null, 0, null, null, null, null, null, null, 0);
INSERT INTO CW_GE_IMPORT_MAIN (IMPORT_ID, RESULT_CLASS, QUOTE_CHAR, SEPARATE_CHAR, SKIP_ROW, URL, DOWNLOAD_PATH, IS_FOLDER, USERNAME, PASSWORD, CHAR_SET, IS_CHAR, PARAMS, DAY_ADD, OVERWRITE) VALUES ('RestoreUser', 'cn.cloudwalk.vo.UserInfo', '"', ',', 1, null, 'tmp.csv', 0, null, null, null, null, null, null, 0);

INSERT INTO CW_GE_IMPORT_FIELD (IMPORT_ID, COLUMN_IDX, FIELD_NAME, OUT_FIELD_NAME, CONSTANT_VALUE, DATA_TYPE, DATA_FORMAT, REMARK) VALUES ('CardEntryRecord', 0, 'id', null, null, 'String', null, '身份证号码');
INSERT INTO CW_GE_IMPORT_FIELD (IMPORT_ID, COLUMN_IDX, FIELD_NAME, OUT_FIELD_NAME, CONSTANT_VALUE, DATA_TYPE, DATA_FORMAT, REMARK) VALUES ('CardEntryRecord', 1, 'name', null, null, 'String', null, '姓名');
INSERT INTO CW_GE_IMPORT_FIELD (IMPORT_ID, COLUMN_IDX, FIELD_NAME, OUT_FIELD_NAME, CONSTANT_VALUE, DATA_TYPE, DATA_FORMAT, REMARK) VALUES ('CardEntryRecord', 2, 'genderName', null, null, 'String', null, '性别');
INSERT INTO CW_GE_IMPORT_FIELD (IMPORT_ID, COLUMN_IDX, FIELD_NAME, OUT_FIELD_NAME, CONSTANT_VALUE, DATA_TYPE, DATA_FORMAT, REMARK) VALUES ('CardEntryRecord', 3, 'nation', null, null, 'String', null, '民族');
INSERT INTO CW_GE_IMPORT_FIELD (IMPORT_ID, COLUMN_IDX, FIELD_NAME, OUT_FIELD_NAME, CONSTANT_VALUE, DATA_TYPE, DATA_FORMAT, REMARK) VALUES ('CardEntryRecord', 4, 'birthday', null, null, 'String', null, '生日');
INSERT INTO CW_GE_IMPORT_FIELD (IMPORT_ID, COLUMN_IDX, FIELD_NAME, OUT_FIELD_NAME, CONSTANT_VALUE, DATA_TYPE, DATA_FORMAT, REMARK) VALUES ('CardEntryRecord', 5, 'address', null, null, 'String', null, '身份证住址');
INSERT INTO CW_GE_IMPORT_FIELD (IMPORT_ID, COLUMN_IDX, FIELD_NAME, OUT_FIELD_NAME, CONSTANT_VALUE, DATA_TYPE, DATA_FORMAT, REMARK) VALUES ('CardEntryRecord', 6, 'signOrganization', null, null, 'String', null, '签发机关');
INSERT INTO CW_GE_IMPORT_FIELD (IMPORT_ID, COLUMN_IDX, FIELD_NAME, OUT_FIELD_NAME, CONSTANT_VALUE, DATA_TYPE, DATA_FORMAT, REMARK) VALUES ('CardEntryRecord', 7, 'expireDateRange', null, null, 'String', null, '身份证有效时间');
INSERT INTO CW_GE_IMPORT_FIELD (IMPORT_ID, COLUMN_IDX, FIELD_NAME, OUT_FIELD_NAME, CONSTANT_VALUE, DATA_TYPE, DATA_FORMAT, REMARK) VALUES ('CardEntryRecord', 8, 'pictureName', null, null, 'String', null, '身份证照片文件名');
INSERT INTO CW_GE_IMPORT_FIELD (IMPORT_ID, COLUMN_IDX, FIELD_NAME, OUT_FIELD_NAME, CONSTANT_VALUE, DATA_TYPE, DATA_FORMAT, REMARK) VALUES ('CardEntryRecord', 9, 'spotPic', null, null, 'String', null, '现场照片文件名');
INSERT INTO CW_GE_IMPORT_FIELD (IMPORT_ID, COLUMN_IDX, FIELD_NAME, OUT_FIELD_NAME, CONSTANT_VALUE, DATA_TYPE, DATA_FORMAT, REMARK) VALUES ('CardEntryRecord', 10, 'score', null, null, 'String', null, '识别分数');
INSERT INTO CW_GE_IMPORT_FIELD (IMPORT_ID, COLUMN_IDX, FIELD_NAME, OUT_FIELD_NAME, CONSTANT_VALUE, DATA_TYPE, DATA_FORMAT, REMARK) VALUES ('CardEntryRecord', 11, 'time', null, null, 'Date', 'yyyy-MM-dd HH:mm:ss', '出入时间');
INSERT INTO CW_GE_IMPORT_FIELD (IMPORT_ID, COLUMN_IDX, FIELD_NAME, OUT_FIELD_NAME, CONSTANT_VALUE, DATA_TYPE, DATA_FORMAT, REMARK) VALUES ('CardEntryRecord', 12, 'isRegistered', null, null, 'String', null, '是否已经注册1是 0否');
INSERT INTO CW_GE_IMPORT_FIELD (IMPORT_ID, COLUMN_IDX, FIELD_NAME, OUT_FIELD_NAME, CONSTANT_VALUE, DATA_TYPE, DATA_FORMAT, REMARK) VALUES ('CardEntryRecord', 13, 'personType', null, null, 'String', null, '人员类型( 1.普通用户3.访客4.门禁机管理员)');
INSERT INTO CW_GE_IMPORT_FIELD (IMPORT_ID, COLUMN_IDX, FIELD_NAME, OUT_FIELD_NAME, CONSTANT_VALUE, DATA_TYPE, DATA_FORMAT, REMARK) VALUES ('FaceEntryRecord', 0, 'idCard', null, null, 'String', null, '身份证号码');
INSERT INTO CW_GE_IMPORT_FIELD (IMPORT_ID, COLUMN_IDX, FIELD_NAME, OUT_FIELD_NAME, CONSTANT_VALUE, DATA_TYPE, DATA_FORMAT, REMARK) VALUES ('FaceEntryRecord', 1, 'spotPic', null, null, 'String', null, '现场照图片名');
INSERT INTO CW_GE_IMPORT_FIELD (IMPORT_ID, COLUMN_IDX, FIELD_NAME, OUT_FIELD_NAME, CONSTANT_VALUE, DATA_TYPE, DATA_FORMAT, REMARK) VALUES ('FaceEntryRecord', 2, 'score', null, null, 'String', null, '分数');
INSERT INTO CW_GE_IMPORT_FIELD (IMPORT_ID, COLUMN_IDX, FIELD_NAME, OUT_FIELD_NAME, CONSTANT_VALUE, DATA_TYPE, DATA_FORMAT, REMARK) VALUES ('FaceEntryRecord', 3, 'time', null, null, 'Date', 'yyyy-MM-dd HH:mm:ss', '出入时间');
INSERT INTO CW_GE_IMPORT_FIELD (IMPORT_ID, COLUMN_IDX, FIELD_NAME, OUT_FIELD_NAME, CONSTANT_VALUE, DATA_TYPE, DATA_FORMAT, REMARK) VALUES ('FaceEntryRecord', 4, 'name', null, null, 'String', null, '用户姓名');
INSERT INTO CW_GE_IMPORT_FIELD (IMPORT_ID, COLUMN_IDX, FIELD_NAME, OUT_FIELD_NAME, CONSTANT_VALUE, DATA_TYPE, DATA_FORMAT, REMARK) VALUES ('ImportUser', 0, 'msgType', null, null, 'String', null, '消息类型');
INSERT INTO CW_GE_IMPORT_FIELD (IMPORT_ID, COLUMN_IDX, FIELD_NAME, OUT_FIELD_NAME, CONSTANT_VALUE, DATA_TYPE, DATA_FORMAT, REMARK) VALUES ('ImportUser', 1, 'id', null, null, 'String', null, '身份证号码');
INSERT INTO CW_GE_IMPORT_FIELD (IMPORT_ID, COLUMN_IDX, FIELD_NAME, OUT_FIELD_NAME, CONSTANT_VALUE, DATA_TYPE, DATA_FORMAT, REMARK) VALUES ('ImportUser', 2, 'name', null, null, 'String', null, '姓名');
INSERT INTO CW_GE_IMPORT_FIELD (IMPORT_ID, COLUMN_IDX, FIELD_NAME, OUT_FIELD_NAME, CONSTANT_VALUE, DATA_TYPE, DATA_FORMAT, REMARK) VALUES ('ImportUser', 3, 'genderName', null, null, 'String', null, '性别');
INSERT INTO CW_GE_IMPORT_FIELD (IMPORT_ID, COLUMN_IDX, FIELD_NAME, OUT_FIELD_NAME, CONSTANT_VALUE, DATA_TYPE, DATA_FORMAT, REMARK) VALUES ('ImportUser', 4, 'nation', null, null, 'String', null, '民族');
INSERT INTO CW_GE_IMPORT_FIELD (IMPORT_ID, COLUMN_IDX, FIELD_NAME, OUT_FIELD_NAME, CONSTANT_VALUE, DATA_TYPE, DATA_FORMAT, REMARK) VALUES ('ImportUser', 5, 'birthday', null, null, 'String', null, '生日');
INSERT INTO CW_GE_IMPORT_FIELD (IMPORT_ID, COLUMN_IDX, FIELD_NAME, OUT_FIELD_NAME, CONSTANT_VALUE, DATA_TYPE, DATA_FORMAT, REMARK) VALUES ('ImportUser', 6, 'address', null, null, 'String', null, '身份证住址');
INSERT INTO CW_GE_IMPORT_FIELD (IMPORT_ID, COLUMN_IDX, FIELD_NAME, OUT_FIELD_NAME, CONSTANT_VALUE, DATA_TYPE, DATA_FORMAT, REMARK) VALUES ('ImportUser', 7, 'signOrganization', null, null, 'String', null, '签发机关');
INSERT INTO CW_GE_IMPORT_FIELD (IMPORT_ID, COLUMN_IDX, FIELD_NAME, OUT_FIELD_NAME, CONSTANT_VALUE, DATA_TYPE, DATA_FORMAT, REMARK) VALUES ('ImportUser', 8, 'expireDateRange', null, null, 'String', null, '身份证有效时间');
INSERT INTO CW_GE_IMPORT_FIELD (IMPORT_ID, COLUMN_IDX, FIELD_NAME, OUT_FIELD_NAME, CONSTANT_VALUE, DATA_TYPE, DATA_FORMAT, REMARK) VALUES ('ImportUser', 9, 'pictureName', null, null, 'String', null, '身份证照片文件名');
INSERT INTO CW_GE_IMPORT_FIELD (IMPORT_ID, COLUMN_IDX, FIELD_NAME, OUT_FIELD_NAME, CONSTANT_VALUE, DATA_TYPE, DATA_FORMAT, REMARK) VALUES ('ImportUser', 10, 'spotPics', null, null, 'String', null, '现场照片文件名称集合');
INSERT INTO CW_GE_IMPORT_FIELD (IMPORT_ID, COLUMN_IDX, FIELD_NAME, OUT_FIELD_NAME, CONSTANT_VALUE, DATA_TYPE, DATA_FORMAT, REMARK) VALUES ('ImportUser', 11, 'createDate', null, null, 'Date', 'yyyy-MM-dd HH:mm:ss', '创建时间');
INSERT INTO CW_GE_IMPORT_FIELD (IMPORT_ID, COLUMN_IDX, FIELD_NAME, OUT_FIELD_NAME, CONSTANT_VALUE, DATA_TYPE, DATA_FORMAT, REMARK) VALUES ('ImportUser', 12, 'newBuildingNum', null, null, 'String', null, '新的楼栋号');
INSERT INTO CW_GE_IMPORT_FIELD (IMPORT_ID, COLUMN_IDX, FIELD_NAME, OUT_FIELD_NAME, CONSTANT_VALUE, DATA_TYPE, DATA_FORMAT, REMARK) VALUES ('ImportUser', 13, 'oldBuildingNum', null, null, 'String', null, '旧的楼栋号');
INSERT INTO CW_GE_IMPORT_FIELD (IMPORT_ID, COLUMN_IDX, FIELD_NAME, OUT_FIELD_NAME, CONSTANT_VALUE, DATA_TYPE, DATA_FORMAT, REMARK) VALUES ('ImportUser', 14, 'deleteTime', null, null, 'Date', 'yyyy-MM-dd HH:mm:ss', '删除时间');
INSERT INTO CW_GE_IMPORT_FIELD (IMPORT_ID, COLUMN_IDX, FIELD_NAME, OUT_FIELD_NAME, CONSTANT_VALUE, DATA_TYPE, DATA_FORMAT, REMARK) VALUES ('StrangerRecord', 0, 'scenePicName', null, null, 'String', null, '图片名称');
INSERT INTO CW_GE_IMPORT_FIELD (IMPORT_ID, COLUMN_IDX, FIELD_NAME, OUT_FIELD_NAME, CONSTANT_VALUE, DATA_TYPE, DATA_FORMAT, REMARK) VALUES ('StrangerRecord', 1, 'time', null, null, 'Date', 'yyyy-MM-dd HH:mm:ss', '时间');
INSERT INTO CW_GE_IMPORT_FIELD (IMPORT_ID, COLUMN_IDX, FIELD_NAME, OUT_FIELD_NAME, CONSTANT_VALUE, DATA_TYPE, DATA_FORMAT, REMARK) VALUES ('StrangerRecord', 2, 'errorType', null, null, 'String', null, '陌生人类型，1为直接刷脸陌生人，2为人证合一陌生人');
INSERT INTO CW_GE_IMPORT_FIELD (IMPORT_ID, COLUMN_IDX, FIELD_NAME, OUT_FIELD_NAME, CONSTANT_VALUE, DATA_TYPE, DATA_FORMAT, REMARK) VALUES ('StrangerRecord', 3, 'score', null, null, 'String', null, '识别分数');
INSERT INTO CW_GE_IMPORT_FIELD (IMPORT_ID, COLUMN_IDX, FIELD_NAME, OUT_FIELD_NAME, CONSTANT_VALUE, DATA_TYPE, DATA_FORMAT, REMARK) VALUES ('AttImport', 0, 'workCode', null, null, 'String', null, '工号');
INSERT INTO CW_GE_IMPORT_FIELD (IMPORT_ID, COLUMN_IDX, FIELD_NAME, OUT_FIELD_NAME, CONSTANT_VALUE, DATA_TYPE, DATA_FORMAT, REMARK) VALUES ('AttImport', 1, 'name', null, null, 'String', null, '姓名');
INSERT INTO CW_GE_IMPORT_FIELD (IMPORT_ID, COLUMN_IDX, FIELD_NAME, OUT_FIELD_NAME, CONSTANT_VALUE, DATA_TYPE, DATA_FORMAT, REMARK) VALUES ('AttImport', 2, 'leaveStartDate', null, null, 'Date', 'yyyy-MM-dd', '请假、出差、外出开始日期');
INSERT INTO CW_GE_IMPORT_FIELD (IMPORT_ID, COLUMN_IDX, FIELD_NAME, OUT_FIELD_NAME, CONSTANT_VALUE, DATA_TYPE, DATA_FORMAT, REMARK) VALUES ('AttImport', 3, 'leaveStartTime', null, null, 'String', 'HH:mm', '请假、出差、外出开始时间');
INSERT INTO CW_GE_IMPORT_FIELD (IMPORT_ID, COLUMN_IDX, FIELD_NAME, OUT_FIELD_NAME, CONSTANT_VALUE, DATA_TYPE, DATA_FORMAT, REMARK) VALUES ('AttImport', 4, 'leaveEndDate', null, null, 'Date', 'yyyy-MM-dd', '请假、出差、外出结束日期');
INSERT INTO CW_GE_IMPORT_FIELD (IMPORT_ID, COLUMN_IDX, FIELD_NAME, OUT_FIELD_NAME, CONSTANT_VALUE, DATA_TYPE, DATA_FORMAT, REMARK) VALUES ('AttImport', 5, 'leaveEndTime', null, null, 'String', 'HH:mm', '请假、出差、外出结束时间');
INSERT INTO CW_GE_IMPORT_FIELD (IMPORT_ID, COLUMN_IDX, FIELD_NAME, OUT_FIELD_NAME, CONSTANT_VALUE, DATA_TYPE, DATA_FORMAT, REMARK) VALUES ('AttImport', 6, 'leaveReason', null, null, 'String', null, '请假、出差、外出事由');
INSERT INTO CW_GE_IMPORT_FIELD (IMPORT_ID, COLUMN_IDX, FIELD_NAME, OUT_FIELD_NAME, CONSTANT_VALUE, DATA_TYPE, DATA_FORMAT, REMARK) VALUES ('RestoreUser', 0, 'id', null, null, 'String', null, 'ID');
INSERT INTO CW_GE_IMPORT_FIELD (IMPORT_ID, COLUMN_IDX, FIELD_NAME, OUT_FIELD_NAME, CONSTANT_VALUE, DATA_TYPE, DATA_FORMAT, REMARK) VALUES ('RestoreUser', 1, 'name', null, null, 'String', null, '姓名');
INSERT INTO CW_GE_IMPORT_FIELD (IMPORT_ID, COLUMN_IDX, FIELD_NAME, OUT_FIELD_NAME, CONSTANT_VALUE, DATA_TYPE, DATA_FORMAT, REMARK) VALUES ('RestoreUser', 2, 'workCode', null, null, 'String', null, '工号/编号');
INSERT INTO CW_GE_IMPORT_FIELD (IMPORT_ID, COLUMN_IDX, FIELD_NAME, OUT_FIELD_NAME, CONSTANT_VALUE, DATA_TYPE, DATA_FORMAT, REMARK) VALUES ('RestoreUser', 3, 'level', null, null, 'String', null, '客户级别');
INSERT INTO CW_GE_IMPORT_FIELD (IMPORT_ID, COLUMN_IDX, FIELD_NAME, OUT_FIELD_NAME, CONSTANT_VALUE, DATA_TYPE, DATA_FORMAT, REMARK) VALUES ('RestoreUser', 4, 'loginName', null, null, 'String', null, '登录名');
INSERT INTO CW_GE_IMPORT_FIELD (IMPORT_ID, COLUMN_IDX, FIELD_NAME, OUT_FIELD_NAME, CONSTANT_VALUE, DATA_TYPE, DATA_FORMAT, REMARK) VALUES ('RestoreUser', 5, 'gender', null, null, 'String', null, '性别');
INSERT INTO CW_GE_IMPORT_FIELD (IMPORT_ID, COLUMN_IDX, FIELD_NAME, OUT_FIELD_NAME, CONSTANT_VALUE, DATA_TYPE, DATA_FORMAT, REMARK) VALUES ('RestoreUser', 6, 'userType', null, null, 'String', null, '人员类型');
INSERT INTO CW_GE_IMPORT_FIELD (IMPORT_ID, COLUMN_IDX, FIELD_NAME, OUT_FIELD_NAME, CONSTANT_VALUE, DATA_TYPE, DATA_FORMAT, REMARK) VALUES ('RestoreUser', 7, 'idCard', null, null, 'String', null, '身份证号');
INSERT INTO CW_GE_IMPORT_FIELD (IMPORT_ID, COLUMN_IDX, FIELD_NAME, OUT_FIELD_NAME, CONSTANT_VALUE, DATA_TYPE, DATA_FORMAT, REMARK) VALUES ('RestoreUser', 8, 'telephone', null, null, 'String', null, '手机号');
INSERT INTO CW_GE_IMPORT_FIELD (IMPORT_ID, COLUMN_IDX, FIELD_NAME, OUT_FIELD_NAME, CONSTANT_VALUE, DATA_TYPE, DATA_FORMAT, REMARK) VALUES ('RestoreUser', 9, 'pictureName', null, null, 'String', null, '图片名称（多图）');
INSERT INTO CW_GE_IMPORT_FIELD (IMPORT_ID, COLUMN_IDX, FIELD_NAME, OUT_FIELD_NAME, CONSTANT_VALUE, DATA_TYPE, DATA_FORMAT, REMARK) VALUES ('RestoreUser', 10, 'status', null, null, 'String', null, '状态');
INSERT INTO CW_GE_IMPORT_FIELD (IMPORT_ID, COLUMN_IDX, FIELD_NAME, OUT_FIELD_NAME, CONSTANT_VALUE, DATA_TYPE, DATA_FORMAT, REMARK) VALUES ('CALLBACK_CLOUDWALK', 0, 'machineOrgCode', 'orgCode', null, 'String', null, '设备所在机构');
INSERT INTO CW_GE_IMPORT_FIELD (IMPORT_ID, COLUMN_IDX, FIELD_NAME, OUT_FIELD_NAME, CONSTANT_VALUE, DATA_TYPE, DATA_FORMAT, REMARK) VALUES ('CALLBACK_CLOUDWALK', 1, 'workCode', 'custNo', null, 'String', null, '客户号');
INSERT INTO CW_GE_IMPORT_FIELD (IMPORT_ID, COLUMN_IDX, FIELD_NAME, OUT_FIELD_NAME, CONSTANT_VALUE, DATA_TYPE, DATA_FORMAT, REMARK) VALUES ('CALLBACK_CLOUDWALK', 2, 'idCard', 'idCard', null, 'String', null, '身份证号');
INSERT INTO CW_GE_IMPORT_FIELD (IMPORT_ID, COLUMN_IDX, FIELD_NAME, OUT_FIELD_NAME, CONSTANT_VALUE, DATA_TYPE, DATA_FORMAT, REMARK) VALUES ('CALLBACK_CLOUDWALK', 3, 'userLevel', 'custLevel', null, 'String', null, '客户等级');
INSERT INTO CW_GE_IMPORT_FIELD (IMPORT_ID, COLUMN_IDX, FIELD_NAME, OUT_FIELD_NAME, CONSTANT_VALUE, DATA_TYPE, DATA_FORMAT, REMARK) VALUES ('CALLBACK_CLOUDWALK', 4, 'name', 'custName', null, 'String', null, '名字');
INSERT INTO CW_GE_IMPORT_FIELD (IMPORT_ID, COLUMN_IDX, FIELD_NAME, OUT_FIELD_NAME, CONSTANT_VALUE, DATA_TYPE, DATA_FORMAT, REMARK) VALUES ('CALLBACK_CLOUDWALK', 5, 'base64', 'picStr', null, 'String', null, '头像，base64');
INSERT INTO CW_GE_IMPORT_FIELD (IMPORT_ID, COLUMN_IDX, FIELD_NAME, OUT_FIELD_NAME, CONSTANT_VALUE, DATA_TYPE, DATA_FORMAT, REMARK) VALUES ('CALLBACK_CLOUDWALK', 7, 'gender', 'custSex', null, 'String', null, '性别');
INSERT INTO CW_GE_IMPORT_FIELD (IMPORT_ID, COLUMN_IDX, FIELD_NAME, OUT_FIELD_NAME, CONSTANT_VALUE, DATA_TYPE, DATA_FORMAT, REMARK) VALUES ('CALLBACK_CLOUDWALK', 8, 'telephone', 'custTel', null, 'String', null, '电话');
INSERT INTO CW_GE_IMPORT_FIELD (IMPORT_ID, COLUMN_IDX, FIELD_NAME, OUT_FIELD_NAME, CONSTANT_VALUE, DATA_TYPE, DATA_FORMAT, REMARK) VALUES ('CALLBACK_CLOUDWALK', 9, 'birthday', 'custBirth', null, 'Date', 'yyyyMMdd', '生日');
INSERT INTO CW_GE_IMPORT_FIELD (IMPORT_ID, COLUMN_IDX, FIELD_NAME, OUT_FIELD_NAME, CONSTANT_VALUE, DATA_TYPE, DATA_FORMAT, REMARK) VALUES ('CALLBACK_CLOUDWALK', 10, null, 'channel', 'D', 'String', null, '渠道，常量');
INSERT INTO CW_GE_IMPORT_FIELD (IMPORT_ID, COLUMN_IDX, FIELD_NAME, OUT_FIELD_NAME, CONSTANT_VALUE, DATA_TYPE, DATA_FORMAT, REMARK) VALUES ('CALLBACK_CLOUDWALK', 1, 'cameraName', 'cameraName', null, 'String', null, '摄像头名称');
INSERT INTO CW_GE_IMPORT_FIELD (IMPORT_ID, COLUMN_IDX, FIELD_NAME, OUT_FIELD_NAME, CONSTANT_VALUE, DATA_TYPE, DATA_FORMAT, REMARK) VALUES ('CALLBACK_CLOUDWALK', 1, 'deviceCode', 'deviceCode', null, 'String', null, '设备编号');
INSERT INTO CW_GE_IMPORT_FIELD (IMPORT_ID, COLUMN_IDX, FIELD_NAME, OUT_FIELD_NAME, CONSTANT_VALUE, DATA_TYPE, DATA_FORMAT, REMARK) VALUES ('CALLBACK_CLOUDWALK', 1, 'userType', 'userType', null, 'String', null, '客户类型');
INSERT INTO CW_GE_IMPORT_FIELD (IMPORT_ID, COLUMN_IDX, FIELD_NAME, OUT_FIELD_NAME, CONSTANT_VALUE, DATA_TYPE, DATA_FORMAT, REMARK) VALUES ('CALLBACK_CLOUDWALK', 5, 'pictureName', 'pictureName', null, 'String', null, '头像，url');
INSERT INTO CW_GE_IMPORT_FIELD (IMPORT_ID, COLUMN_IDX, FIELD_NAME, OUT_FIELD_NAME, CONSTANT_VALUE, DATA_TYPE, DATA_FORMAT, REMARK) VALUES ('CALLBACK_CLOUDWALK', 5, 'customerPicName', 'customerPicName', null, 'String', null, '自定义头像，url');
INSERT INTO CW_GE_IMPORT_FIELD (IMPORT_ID, COLUMN_IDX, FIELD_NAME, OUT_FIELD_NAME, CONSTANT_VALUE, DATA_TYPE, DATA_FORMAT, REMARK) VALUES ('CALLBACK_CLOUDWALK', 5, 'spotPicBase64', 'spotPicStr', null, 'String', null, '现场照，base64');
INSERT INTO CW_GE_IMPORT_FIELD (IMPORT_ID, COLUMN_IDX, FIELD_NAME, OUT_FIELD_NAME, CONSTANT_VALUE, DATA_TYPE, DATA_FORMAT, REMARK) VALUES ('CALLBACK_CLOUDWALK', 5, 'spotPicPath', 'spotPicPath', null, 'String', null, '现场照，url');
INSERT INTO CW_GE_IMPORT_FIELD (IMPORT_ID, COLUMN_IDX, FIELD_NAME, OUT_FIELD_NAME, CONSTANT_VALUE, DATA_TYPE, DATA_FORMAT, REMARK) VALUES ('CALLBACK_CLOUDWALK', 5, 'imgBaseUrl', 'imgBaseUrl', null, 'String', null, '图片前缀，加上pictureName=完整路径');

INSERT INTO CW_GE_QUARTZ_TASK (TASK_ID, TASK_NAME, REMARK, TASK_STATUS, TARGET_OBJECT, TARGET_METHOD, TARGET_PARAM, TASK_RUN_STATUS, TASK_START_DATE, TASK_END_DATE, TASK_EXECUTE_INTERVAL, TASK_EXECUTE_NUM, TASK_TRIGGER_TYPE, RUN_NUM, SUCCESS_NUM, ERROR_NUM, SYNC_STATUS, CRON_EXPRESSION, BEGIN_DATETIME, LAST_DATETIME, CREATE_USERID, CREATE_TIME, LAST_UPDATE_USERID, LAST_UPDATE_TIME, DELETE_USERID, DELETE_TIME) VALUES ('24', 'syncDeletedUserJobTrigger', '跟终端同步彻底删除的人员', 1, 'userService', 'syncDeletedUser', null, '1', null, null, 0, 0, '1', 14, 14, 0, 0, '0 0 11 * * ? *', TIMESTAMP '2018-03-21 13:46:21', TIMESTAMP '2018-03-21 11:00:00', null, null, null, null, null, null);
INSERT INTO CW_GE_QUARTZ_TASK (TASK_ID, TASK_NAME, REMARK, TASK_STATUS, TARGET_OBJECT, TARGET_METHOD, TARGET_PARAM, TASK_RUN_STATUS, TASK_START_DATE, TASK_END_DATE, TASK_EXECUTE_INTERVAL, TASK_EXECUTE_NUM, TASK_TRIGGER_TYPE, RUN_NUM, SUCCESS_NUM, ERROR_NUM, SYNC_STATUS, CRON_EXPRESSION, BEGIN_DATETIME, LAST_DATETIME, CREATE_USERID, CREATE_TIME, LAST_UPDATE_USERID, LAST_UPDATE_TIME, DELETE_USERID, DELETE_TIME) VALUES ('16', 'deleteLogAndImgJobTrigger', '删除容器日志', 1, 'cloudwalkJob', 'deleteLogAndImg', null, '1', null, null, 0, 0, '1', 8, 8, 0, 0, '0 0 5 * * ? *', TIMESTAMP '2018-03-21 13:46:21', TIMESTAMP '2018-03-21 05:00:00', null, null, null, null, null, null);
INSERT INTO CW_GE_QUARTZ_TASK (TASK_ID, TASK_NAME, REMARK, TASK_STATUS, TARGET_OBJECT, TARGET_METHOD, TARGET_PARAM, TASK_RUN_STATUS, TASK_START_DATE, TASK_END_DATE, TASK_EXECUTE_INTERVAL, TASK_EXECUTE_NUM, TASK_TRIGGER_TYPE, RUN_NUM, SUCCESS_NUM, ERROR_NUM, SYNC_STATUS, CRON_EXPRESSION, BEGIN_DATETIME, LAST_DATETIME, CREATE_USERID, CREATE_TIME, LAST_UPDATE_USERID, LAST_UPDATE_TIME, DELETE_USERID, DELETE_TIME) VALUES ('2', 'systemCleanJobTrigger', '系统清理任务（删除过期的出入记录）', 1, 'cloudwalkJob', 'systemCleanJob', null, '1', null, null, 0, 0, '1', 8, 8, 0, 0, '0 0 5 * * ? *', TIMESTAMP '2018-03-21 13:46:21', TIMESTAMP '2018-03-21 05:00:00', null, null, null, null, null, null);
INSERT INTO CW_GE_QUARTZ_TASK (TASK_ID, TASK_NAME, REMARK, TASK_STATUS, TARGET_OBJECT, TARGET_METHOD, TARGET_PARAM, TASK_RUN_STATUS, TASK_START_DATE, TASK_END_DATE, TASK_EXECUTE_INTERVAL, TASK_EXECUTE_NUM, TASK_TRIGGER_TYPE, RUN_NUM, SUCCESS_NUM, ERROR_NUM, SYNC_STATUS, CRON_EXPRESSION, BEGIN_DATETIME, LAST_DATETIME, CREATE_USERID, CREATE_TIME, LAST_UPDATE_USERID, LAST_UPDATE_TIME, DELETE_USERID, DELETE_TIME) VALUES ('4', 'systemCleanStrangerJobTrigger', '系统清理任务（删除过期的陌生人记录）', 1, 'cloudwalkJob', 'systemCleanStrangerJob', null, '1', null, null, 0, 0, '1', 8, 8, 0, 0, '0 0 4 * * ? *', TIMESTAMP '2018-03-21 13:46:21', TIMESTAMP '2018-03-21 04:00:00', null, null, null, null, null, null);
INSERT INTO CW_GE_QUARTZ_TASK (TASK_ID, TASK_NAME, REMARK, TASK_STATUS, TARGET_OBJECT, TARGET_METHOD, TARGET_PARAM, TASK_RUN_STATUS, TASK_START_DATE, TASK_END_DATE, TASK_EXECUTE_INTERVAL, TASK_EXECUTE_NUM, TASK_TRIGGER_TYPE, RUN_NUM, SUCCESS_NUM, ERROR_NUM, SYNC_STATUS, CRON_EXPRESSION, BEGIN_DATETIME, LAST_DATETIME, CREATE_USERID, CREATE_TIME, LAST_UPDATE_USERID, LAST_UPDATE_TIME, DELETE_USERID, DELETE_TIME) VALUES ('5', 'saveAttenResultJobTrigger', '考勤记录转考勤结果', 1, 'cloudwalkJob', 'saveAttenResult', null, '1', null, null, 0, 0, '1', 8, 8, 0, 0, '0 0 1 * * ?', TIMESTAMP '2018-03-21 13:46:21', TIMESTAMP '2018-03-21 01:00:00', null, null, null, null, null, null);
INSERT INTO CW_GE_QUARTZ_TASK (TASK_ID, TASK_NAME, REMARK, TASK_STATUS, TARGET_OBJECT, TARGET_METHOD, TARGET_PARAM, TASK_RUN_STATUS, TASK_START_DATE, TASK_END_DATE, TASK_EXECUTE_INTERVAL, TASK_EXECUTE_NUM, TASK_TRIGGER_TYPE, RUN_NUM, SUCCESS_NUM, ERROR_NUM, SYNC_STATUS, CRON_EXPRESSION, BEGIN_DATETIME, LAST_DATETIME, CREATE_USERID, CREATE_TIME, LAST_UPDATE_USERID, LAST_UPDATE_TIME, DELETE_USERID, DELETE_TIME) VALUES ('6', 'systemCleanLogTrigger', '系统Log定时清理', 1, 'cloudwalkJob', 'systemCleanLogo', null, '1', null, null, 0, 0, '1', 8, 8, 0, 0, '0 0 4 * * ? *', TIMESTAMP '2018-03-21 13:46:21', TIMESTAMP '2018-03-21 04:00:00', null, null, null, null, null, null);
INSERT INTO CW_GE_QUARTZ_TASK (TASK_ID, TASK_NAME, REMARK, TASK_STATUS, TARGET_OBJECT, TARGET_METHOD, TARGET_PARAM, TASK_RUN_STATUS, TASK_START_DATE, TASK_END_DATE, TASK_EXECUTE_INTERVAL, TASK_EXECUTE_NUM, TASK_TRIGGER_TYPE, RUN_NUM, SUCCESS_NUM, ERROR_NUM, SYNC_STATUS, CRON_EXPRESSION, BEGIN_DATETIME, LAST_DATETIME, CREATE_USERID, CREATE_TIME, LAST_UPDATE_USERID, LAST_UPDATE_TIME, DELETE_USERID, DELETE_TIME) VALUES ('7', 'systemCleanResultRecordTrigger', '清理考勤记录', 1, 'cloudwalkJob', 'systemCleanResultRecord', null, '1', null, null, 0, 0, '1', 24, 24, 0, 0, '0 0 4 * * ? *', TIMESTAMP '2018-03-21 13:46:21', TIMESTAMP '2018-03-21 04:00:00', null, null, null, null, null, null);
INSERT INTO CW_GE_QUARTZ_TASK (TASK_ID, TASK_NAME, REMARK, TASK_STATUS, TARGET_OBJECT, TARGET_METHOD, TARGET_PARAM, TASK_RUN_STATUS, TASK_START_DATE, TASK_END_DATE, TASK_EXECUTE_INTERVAL, TASK_EXECUTE_NUM, TASK_TRIGGER_TYPE, RUN_NUM, SUCCESS_NUM, ERROR_NUM, SYNC_STATUS, CRON_EXPRESSION, BEGIN_DATETIME, LAST_DATETIME, CREATE_USERID, CREATE_TIME, LAST_UPDATE_USERID, LAST_UPDATE_TIME, DELETE_USERID, DELETE_TIME) VALUES ('8', 'changeExpireNoticeStatusJobTrigger', '把过期的公告状态改为过期', 1, 'cloudwalkJob', 'changeExpireNoticeStatus', null, '1', null, null, 0, 0, '1', 318, 316, 2, 0, '0 0 0/1 * * ?', TIMESTAMP '2018-03-21 13:46:21', TIMESTAMP '2018-03-21 14:00:00', null, null, null, null, null, null);
INSERT INTO CW_GE_QUARTZ_TASK (TASK_ID, TASK_NAME, REMARK, TASK_STATUS, TARGET_OBJECT, TARGET_METHOD, TARGET_PARAM, TASK_RUN_STATUS, TASK_START_DATE, TASK_END_DATE, TASK_EXECUTE_INTERVAL, TASK_EXECUTE_NUM, TASK_TRIGGER_TYPE, RUN_NUM, SUCCESS_NUM, ERROR_NUM, SYNC_STATUS, CRON_EXPRESSION, BEGIN_DATETIME, LAST_DATETIME, CREATE_USERID, CREATE_TIME, LAST_UPDATE_USERID, LAST_UPDATE_TIME, DELETE_USERID, DELETE_TIME) VALUES ('9', 'sendDeviceStatusMsg', '当设备下线的时候,发送短息通知到机构联系人手机上', 1, 'cloudwalkJob', 'sendDeviceStatusMsg', null, '1', null, null, 0, 0, '1', 158, 157, 1, 0, '0 0 0/2 * * ?', TIMESTAMP '2018-03-21 13:46:21', TIMESTAMP '2018-03-21 14:00:00', null, null, null, null, null, null);
INSERT INTO CW_GE_QUARTZ_TASK (TASK_ID, TASK_NAME, REMARK, TASK_STATUS, TARGET_OBJECT, TARGET_METHOD, TARGET_PARAM, TASK_RUN_STATUS, TASK_START_DATE, TASK_END_DATE, TASK_EXECUTE_INTERVAL, TASK_EXECUTE_NUM, TASK_TRIGGER_TYPE, RUN_NUM, SUCCESS_NUM, ERROR_NUM, SYNC_STATUS, CRON_EXPRESSION, BEGIN_DATETIME, LAST_DATETIME, CREATE_USERID, CREATE_TIME, LAST_UPDATE_USERID, LAST_UPDATE_TIME, DELETE_USERID, DELETE_TIME) VALUES ('40', 'importUser', '导入用户数据（不包括身份证图片）', 1, 'CrmService', 'importUser', null, '1', null, null, 100000, 1000, '1', 0, 0, null, 0, '0 0 9 5 * ?', TIMESTAMP '2018-03-21 13:46:21', null, null, null, null, null, null, null);
INSERT INTO CW_GE_QUARTZ_TASK (TASK_ID, TASK_NAME, REMARK, TASK_STATUS, TARGET_OBJECT, TARGET_METHOD, TARGET_PARAM, TASK_RUN_STATUS, TASK_START_DATE, TASK_END_DATE, TASK_EXECUTE_INTERVAL, TASK_EXECUTE_NUM, TASK_TRIGGER_TYPE, RUN_NUM, SUCCESS_NUM, ERROR_NUM, SYNC_STATUS, CRON_EXPRESSION, BEGIN_DATETIME, LAST_DATETIME, CREATE_USERID, CREATE_TIME, LAST_UPDATE_USERID, LAST_UPDATE_TIME, DELETE_USERID, DELETE_TIME) VALUES ('41', 'downloadAllIDCardFile', '下载身份证照片', 1, 'CrmService', 'downloadAllIDCardFile', null, '1', null, null, 100000, 1000, '1', 10, 0, null, 0, '0 30 9 * * ?', TIMESTAMP '2018-03-21 13:46:21', TIMESTAMP '2018-03-21 09:30:00', null, null, null, null, null, null);
INSERT INTO CW_GE_QUARTZ_TASK (TASK_ID, TASK_NAME, REMARK, TASK_STATUS, TARGET_OBJECT, TARGET_METHOD, TARGET_PARAM, TASK_RUN_STATUS, TASK_START_DATE, TASK_END_DATE, TASK_EXECUTE_INTERVAL, TASK_EXECUTE_NUM, TASK_TRIGGER_TYPE, RUN_NUM, SUCCESS_NUM, ERROR_NUM, SYNC_STATUS, CRON_EXPRESSION, BEGIN_DATETIME, LAST_DATETIME, CREATE_USERID, CREATE_TIME, LAST_UPDATE_USERID, LAST_UPDATE_TIME, DELETE_USERID, DELETE_TIME) VALUES ('42', 'registerUserBatch', '自动注册（注册新用户，注销降级用户）', 1, 'CrmService', 'registerUserBatch', null, '1', null, null, 100000, 1000, '1', 12, 0, null, 0, '0 0 10 * * ?', TIMESTAMP '2018-03-21 13:46:21', TIMESTAMP '2018-03-21 10:00:00', null, null, null, null, null, null);
INSERT INTO CW_GE_QUARTZ_TASK (TASK_ID, TASK_NAME, REMARK, TASK_STATUS, TARGET_OBJECT, TARGET_METHOD, TARGET_PARAM, TASK_RUN_STATUS, TASK_START_DATE, TASK_END_DATE, TASK_EXECUTE_INTERVAL, TASK_EXECUTE_NUM, TASK_TRIGGER_TYPE, RUN_NUM, SUCCESS_NUM, ERROR_NUM, SYNC_STATUS, CRON_EXPRESSION, BEGIN_DATETIME, LAST_DATETIME, CREATE_USERID, CREATE_TIME, LAST_UPDATE_USERID, LAST_UPDATE_TIME, DELETE_USERID, DELETE_TIME) VALUES ('100', 'featureExact', '自动检索用户/VIP/黑名单并且提取特征值', 1, 'cloudwalkJob', 'featureExact', null, '1', null, null, 0, 0, '1', 12, 5, 7, 0, '0 0 3 * * ? *', TIMESTAMP '2018-03-21 13:46:21', TIMESTAMP '2018-03-21 03:00:00', null, null, null, null, null, null);
INSERT INTO CW_GE_QUARTZ_TASK (TASK_ID, TASK_NAME, REMARK, TASK_STATUS, TARGET_OBJECT, TARGET_METHOD, TARGET_PARAM, TASK_RUN_STATUS, TASK_START_DATE, TASK_END_DATE, TASK_EXECUTE_INTERVAL, TASK_EXECUTE_NUM, TASK_TRIGGER_TYPE, RUN_NUM, SUCCESS_NUM, ERROR_NUM, SYNC_STATUS, CRON_EXPRESSION, BEGIN_DATETIME, LAST_DATETIME, CREATE_USERID, CREATE_TIME, LAST_UPDATE_USERID, LAST_UPDATE_TIME, DELETE_USERID, DELETE_TIME) VALUES ('101', 'cameraImageDownload', '从识别相机下载图片', 1, 'cloudwalkJob', 'cameraImageDownload', NULL, '1', NULL, NULL, 0, 0, '1', 4, 1, 3, 0, '0 0 3 * * ? *', NULL, NULL, NULL, NULL, NULL, NULL, NULL, NULL);
INSERT INTO CW_GE_QUARTZ_TASK (TASK_ID, TASK_NAME, REMARK, TASK_STATUS, TARGET_OBJECT, TARGET_METHOD, TARGET_PARAM, TASK_RUN_STATUS, TASK_START_DATE, TASK_END_DATE, TASK_EXECUTE_INTERVAL, TASK_EXECUTE_NUM, TASK_TRIGGER_TYPE, RUN_NUM, SUCCESS_NUM, ERROR_NUM, SYNC_STATUS, CRON_EXPRESSION, BEGIN_DATETIME, LAST_DATETIME, CREATE_USERID, CREATE_TIME, LAST_UPDATE_USERID, LAST_UPDATE_TIME, DELETE_USERID, DELETE_TIME) VALUES ('featureRegisterDataSync', 'featureRegisterDataSync', '同步特征注册记录', 1, 'cloudwalkJob', 'featureRegisterDataSync', NULL, '1', NULL, NULL, 0, 0, '1', 4, 1, 3, 0, '0 0 */2 * * ?', NULL, NULL, NULL, NULL, NULL, NULL, NULL, NULL);

INSERT INTO CW_GE_QUARTZ_TASK (TASK_ID, TASK_NAME, REMARK, TASK_STATUS, TARGET_OBJECT, TARGET_METHOD, TARGET_PARAM, TASK_RUN_STATUS, TASK_START_DATE, TASK_END_DATE, TASK_EXECUTE_INTERVAL, TASK_EXECUTE_NUM, TASK_TRIGGER_TYPE, RUN_NUM, SUCCESS_NUM, ERROR_NUM, SYNC_STATUS, CRON_EXPRESSION, BEGIN_DATETIME, LAST_DATETIME, CREATE_USERID, CREATE_TIME, LAST_UPDATE_USERID, LAST_UPDATE_TIME, DELETE_USERID, DELETE_TIME) VALUES ('heartbeat', 'heartbeat', '端口未连接的设备（心跳）', 1, 'cloudwalkJob', 'heartbeat', NULL, '1', NULL, NULL, 0, 0, '1', 4, 1, 3, 0, '0 0 */2 * * ?', NULL, NULL, NULL, NULL, NULL, NULL, NULL, NULL);

DELETE FROM CW_GE_RESOURCE;
INSERT INTO CW_GE_RESOURCE (CODE, CNAME, ENAME, STATUS, RANK, RESOURCE_TYPE, RESOURCE_ORDER, URL, REMARK, PICTURE_NAME, PARENT_CODE, CREATE_USERID, CREATE_TIME, LAST_UPDATE_USERID, LAST_UPDATE_TIME, DELETE_USERID, DELETE_TIME) VALUES ('1010', '组织机构管理', NULL, 1, 1, 1, 10, NULL, '组织机构管理主菜单', '#xe9bc;', '0', '1', NULL, NULL, NULL, NULL, NULL);
INSERT INTO CW_GE_RESOURCE (CODE, CNAME, ENAME, STATUS, RANK, RESOURCE_TYPE, RESOURCE_ORDER, URL, REMARK, PICTURE_NAME, PARENT_CODE, CREATE_USERID, CREATE_TIME, LAST_UPDATE_USERID, LAST_UPDATE_TIME, DELETE_USERID, DELETE_TIME) VALUES ('10100010', '单位管理', NULL, 1, 2, 1, 10, 'org/orgList', '组织机构管理-单位管理左侧菜单', NULL, '1010', '1', NULL, NULL, NULL, NULL, NULL);
INSERT INTO CW_GE_RESOURCE (CODE, CNAME, ENAME, STATUS, RANK, RESOURCE_TYPE, RESOURCE_ORDER, URL, REMARK, PICTURE_NAME, PARENT_CODE, CREATE_USERID, CREATE_TIME, LAST_UPDATE_USERID, LAST_UPDATE_TIME, DELETE_USERID, DELETE_TIME) VALUES ('10100020', '部门管理', NULL, 1, 2, 1, 20, 'department/depList', '组织机构管理-部门管理左侧菜单', NULL, '1010', '1', NULL, NULL, NULL, NULL, NULL);
INSERT INTO CW_GE_RESOURCE (CODE, CNAME, ENAME, STATUS, RANK, RESOURCE_TYPE, RESOURCE_ORDER, URL, REMARK, PICTURE_NAME, PARENT_CODE, CREATE_USERID, CREATE_TIME, LAST_UPDATE_USERID, LAST_UPDATE_TIME, DELETE_USERID, DELETE_TIME) VALUES ('1020', '人员管理', NULL, 1, 1, 1, 20, NULL, '人员管理主菜单', '#xe972;', '0', '1', NULL, NULL, NULL, NULL, NULL);
INSERT INTO CW_GE_RESOURCE (CODE, CNAME, ENAME, STATUS, RANK, RESOURCE_TYPE, RESOURCE_ORDER, URL, REMARK, PICTURE_NAME, PARENT_CODE, CREATE_USERID, CREATE_TIME, LAST_UPDATE_USERID, LAST_UPDATE_TIME, DELETE_USERID, DELETE_TIME) VALUES ('10200010', '普通人员管理', NULL, 1, 2, 1, 10, 'user/list?userType=1', '普通人员管理菜单', NULL, '1020', '1', NULL, NULL, NULL, NULL, NULL);
INSERT INTO CW_GE_RESOURCE (CODE, CNAME, ENAME, STATUS, RANK, RESOURCE_TYPE, RESOURCE_ORDER, URL, REMARK, PICTURE_NAME, PARENT_CODE, CREATE_USERID, CREATE_TIME, LAST_UPDATE_USERID, LAST_UPDATE_TIME, DELETE_USERID, DELETE_TIME) VALUES ('10200020', 'VIP人员管理', NULL, 1, 2, 1, 20, 'user/list?userType=2', 'VIP人员管理菜单', NULL, '1020', '1', NULL, NULL, NULL, NULL, NULL);
INSERT INTO CW_GE_RESOURCE (CODE, CNAME, ENAME, STATUS, RANK, RESOURCE_TYPE, RESOURCE_ORDER, URL, REMARK, PICTURE_NAME, PARENT_CODE, CREATE_USERID, CREATE_TIME, LAST_UPDATE_USERID, LAST_UPDATE_TIME, DELETE_USERID, DELETE_TIME) VALUES ('10200021', '图片注册详情', NULL, 1, 2, 1, 0, 'logdevicefacedetails/list', 'log', NULL, '1090', '1', NULL, NULL, NULL, NULL, NULL);
INSERT INTO CW_GE_RESOURCE (CODE, CNAME, ENAME, STATUS, RANK, RESOURCE_TYPE, RESOURCE_ORDER, URL, REMARK, PICTURE_NAME, PARENT_CODE, CREATE_USERID, CREATE_TIME, LAST_UPDATE_USERID, LAST_UPDATE_TIME, DELETE_USERID, DELETE_TIME) VALUES ('1030', '特征版相机管理', NULL, 1, 1, 1, 30, NULL, '设备管理主菜单', '#xe903;', '0', '1', NULL, NULL, NULL, NULL, NULL);
INSERT INTO CW_GE_RESOURCE (CODE, CNAME, ENAME, STATUS, RANK, RESOURCE_TYPE, RESOURCE_ORDER, URL, REMARK, PICTURE_NAME, PARENT_CODE, CREATE_USERID, CREATE_TIME, LAST_UPDATE_USERID, LAST_UPDATE_TIME, DELETE_USERID, DELETE_TIME) VALUES ('10300018', '特征版相机系统升级', NULL, 1, 2, 1, 23, 'cameraupdate/list', '特征版相机系统升级', NULL, '1030', '1', NULL, '1', NULL, NULL, NULL);
INSERT INTO CW_GE_RESOURCE (CODE, CNAME, ENAME, STATUS, RANK, RESOURCE_TYPE, RESOURCE_ORDER, URL, REMARK, PICTURE_NAME, PARENT_CODE, CREATE_USERID, CREATE_TIME, LAST_UPDATE_USERID, LAST_UPDATE_TIME, DELETE_USERID, DELETE_TIME) VALUES ('10300021', '显示终端管理', NULL, 1, 2, 1, 21, 'notificationsdevice/list', '显示终端管理菜单', '', '1030', '1', NULL, NULL, NULL, NULL, NULL);
INSERT INTO CW_GE_RESOURCE (CODE, CNAME, ENAME, STATUS, RANK, RESOURCE_TYPE, RESOURCE_ORDER, URL, REMARK, PICTURE_NAME, PARENT_CODE, CREATE_USERID, CREATE_TIME, LAST_UPDATE_USERID, LAST_UPDATE_TIME, DELETE_USERID, DELETE_TIME) VALUES ('10900024', '相机升级日志', NULL, 1, 2, 1, 24, 'cameraupdateprogress/list', '相机版本升级进度', NULL, '1090', '1', NULL, NULL, NULL, NULL, NULL);
INSERT INTO CW_GE_RESOURCE (CODE, CNAME, ENAME, STATUS, RANK, RESOURCE_TYPE, RESOURCE_ORDER, URL, REMARK, PICTURE_NAME, PARENT_CODE, CREATE_USERID, CREATE_TIME, LAST_UPDATE_USERID, LAST_UPDATE_TIME, DELETE_USERID, DELETE_TIME) VALUES ('1031', '标准版相机管理', NULL, 1, 1, 1, 31, NULL, '设备管理主菜单', '#xe991;', '0', '1', NULL, NULL, NULL, NULL, NULL);
INSERT INTO CW_GE_RESOURCE (CODE, CNAME, ENAME, STATUS, RANK, RESOURCE_TYPE, RESOURCE_ORDER, URL, REMARK, PICTURE_NAME, PARENT_CODE, CREATE_USERID, CREATE_TIME, LAST_UPDATE_USERID, LAST_UPDATE_TIME, DELETE_USERID, DELETE_TIME) VALUES ('10310015', '标准相机终端管理', NULL, 1, 2, 1, 9, 'device/list?type=3', '识别相机管理菜单', NULL, '1031', '1', NULL, NULL, NULL, NULL, NULL);
INSERT INTO CW_GE_RESOURCE (CODE, CNAME, ENAME, STATUS, RANK, RESOURCE_TYPE, RESOURCE_ORDER, URL, REMARK, PICTURE_NAME, PARENT_CODE, CREATE_USERID, CREATE_TIME, LAST_UPDATE_USERID, LAST_UPDATE_TIME, DELETE_USERID, DELETE_TIME) VALUES ('10310023', '标准版相机系统升级', NULL, 1, 2, 1, 24, 'deviceupdate/list?type=3', '标准版相机系统升级', NULL, '1031', '1', NULL, NULL, NULL, NULL, NULL);
INSERT INTO CW_GE_RESOURCE (CODE, CNAME, ENAME, STATUS, RANK, RESOURCE_TYPE, RESOURCE_ORDER, URL, REMARK, PICTURE_NAME, PARENT_CODE, CREATE_USERID, CREATE_TIME, LAST_UPDATE_USERID, LAST_UPDATE_TIME, DELETE_USERID, DELETE_TIME) VALUES ('1050', '报表统计', NULL, 1, 1, 1, 50, NULL, '报表统计主菜单', '#xe99c;', '0', '1', NULL, NULL, NULL, NULL, NULL);
INSERT INTO CW_GE_RESOURCE (CODE, CNAME, ENAME, STATUS, RANK, RESOURCE_TYPE, RESOURCE_ORDER, URL, REMARK, PICTURE_NAME, PARENT_CODE, CREATE_USERID, CREATE_TIME, LAST_UPDATE_USERID, LAST_UPDATE_TIME, DELETE_USERID, DELETE_TIME) VALUES ('10500010', '识别记录', NULL, 1, 2, 1, 10, 'entryexitrecord/list', '识别记录菜单', NULL, '1050', '1', NULL, NULL, NULL, NULL, NULL);
INSERT INTO CW_GE_RESOURCE (CODE, CNAME, ENAME, STATUS, RANK, RESOURCE_TYPE, RESOURCE_ORDER, URL, REMARK, PICTURE_NAME, PARENT_CODE, CREATE_USERID, CREATE_TIME, LAST_UPDATE_USERID, LAST_UPDATE_TIME, DELETE_USERID, DELETE_TIME) VALUES ('10500020', '陌生人记录', NULL, 1, 2, 1, 20, 'stranger/list', '陌生人记录菜单', NULL, '1050', '1', NULL, NULL, NULL, NULL, NULL);
INSERT INTO CW_GE_RESOURCE (CODE, CNAME, ENAME, STATUS, RANK, RESOURCE_TYPE, RESOURCE_ORDER, URL, REMARK, PICTURE_NAME, PARENT_CODE, CREATE_USERID, CREATE_TIME, LAST_UPDATE_USERID, LAST_UPDATE_TIME, DELETE_USERID, DELETE_TIME) VALUES ('1090', '系统监控', NULL, 1, 1, 1, 90, NULL, NULL, '#xe922;', '0', '1', NULL, NULL, NULL, NULL, NULL);
INSERT INTO CW_GE_RESOURCE (CODE, CNAME, ENAME, STATUS, RANK, RESOURCE_TYPE, RESOURCE_ORDER, URL, REMARK, PICTURE_NAME, PARENT_CODE, CREATE_USERID, CREATE_TIME, LAST_UPDATE_USERID, LAST_UPDATE_TIME, DELETE_USERID, DELETE_TIME) VALUES ('10900010', '系统日志监控', NULL, 1, 2, 1, 10, 'log/logList', '系统监控-日志明细左侧菜单', NULL, '1090', '1', NULL, NULL, NULL, NULL, NULL);
INSERT INTO CW_GE_RESOURCE (CODE, CNAME, ENAME, STATUS, RANK, RESOURCE_TYPE, RESOURCE_ORDER, URL, REMARK, PICTURE_NAME, PARENT_CODE, CREATE_USERID, CREATE_TIME, LAST_UPDATE_USERID, LAST_UPDATE_TIME, DELETE_USERID, DELETE_TIME) VALUES ('10900040', '导入人员监控', NULL, 1, 2, 1, 40, 'userlog/syncLogList', '系统监控-系统同步日志左侧菜单', NULL, '1090', '1', NULL, NULL, NULL, NULL, NULL);
INSERT INTO CW_GE_RESOURCE (CODE, CNAME, ENAME, STATUS, RANK, RESOURCE_TYPE, RESOURCE_ORDER, URL, REMARK, PICTURE_NAME, PARENT_CODE, CREATE_USERID, CREATE_TIME, LAST_UPDATE_USERID, LAST_UPDATE_TIME, DELETE_USERID, DELETE_TIME) VALUES ('10900055', '渠道日志分析', NULL, 1, 2, 1, 2, 'logchannelflow/list', '监控管理-渠道日志分析左侧菜单', NULL, '1090', '1', NULL, NULL, NULL, NULL, NULL);
INSERT INTO CW_GE_RESOURCE (CODE, CNAME, ENAME, STATUS, RANK, RESOURCE_TYPE, RESOURCE_ORDER, URL, REMARK, PICTURE_NAME, PARENT_CODE, CREATE_USERID, CREATE_TIME, LAST_UPDATE_USERID, LAST_UPDATE_TIME, DELETE_USERID, DELETE_TIME) VALUES ('10900060', '登入WEBGIS', NULL, 1, 2, 1, 60, 'openWebGisServer', '系统监控-登入WEBGIS左侧菜单', NULL, '1090', '1', NULL, NULL, NULL, NULL, NULL);
INSERT INTO CW_GE_RESOURCE (CODE, CNAME, ENAME, STATUS, RANK, RESOURCE_TYPE, RESOURCE_ORDER, URL, REMARK, PICTURE_NAME, PARENT_CODE, CREATE_USERID, CREATE_TIME, LAST_UPDATE_USERID, LAST_UPDATE_TIME, DELETE_USERID, DELETE_TIME) VALUES ('1100', '系统管理', NULL, 1, 1, 1, 100, NULL, '系统管理主菜单', '#xe995;', '0', '1', NULL, NULL, NULL, NULL, NULL);
INSERT INTO CW_GE_RESOURCE (CODE, CNAME, ENAME, STATUS, RANK, RESOURCE_TYPE, RESOURCE_ORDER, URL, REMARK, PICTURE_NAME, PARENT_CODE, CREATE_USERID, CREATE_TIME, LAST_UPDATE_USERID, LAST_UPDATE_TIME, DELETE_USERID, DELETE_TIME) VALUES ('11000010', '资源管理', NULL, 1, 2, 1, 10, 'resource/resourceList', '权限管理-资源管理左侧菜单', NULL, '1100', '1', NULL, NULL, NULL, NULL, NULL);
INSERT INTO CW_GE_RESOURCE (CODE, CNAME, ENAME, STATUS, RANK, RESOURCE_TYPE, RESOURCE_ORDER, URL, REMARK, PICTURE_NAME, PARENT_CODE, CREATE_USERID, CREATE_TIME, LAST_UPDATE_USERID, LAST_UPDATE_TIME, DELETE_USERID, DELETE_TIME) VALUES ('11000018', '第三方配置', NULL, 1, 2, 1, 101, 'setting/recordThirdPartySettingForm', '第三方配置', NULL, '1100', '2', NULL, NULL, NULL, NULL, NULL);
INSERT INTO CW_GE_RESOURCE (CODE, CNAME, ENAME, STATUS, RANK, RESOURCE_TYPE, RESOURCE_ORDER, URL, REMARK, PICTURE_NAME, PARENT_CODE, CREATE_USERID, CREATE_TIME, LAST_UPDATE_USERID, LAST_UPDATE_TIME, DELETE_USERID, DELETE_TIME) VALUES ('11000020', '资源权限管理', NULL, 1, 2, 1, 20, 'auth/authList', '权限管理-资源权限管理左侧菜单', NULL, '1100', '1', NULL, NULL, NULL, NULL, NULL);
INSERT INTO CW_GE_RESOURCE (CODE, CNAME, ENAME, STATUS, RANK, RESOURCE_TYPE, RESOURCE_ORDER, URL, REMARK, PICTURE_NAME, PARENT_CODE, CREATE_USERID, CREATE_TIME, LAST_UPDATE_USERID, LAST_UPDATE_TIME, DELETE_USERID, DELETE_TIME) VALUES ('11000030', '角色管理', NULL, 1, 2, 1, 30, 'role/roleList', '权限管理-角色管理左侧菜单', NULL, '1100', '1', NULL, NULL, NULL, NULL, NULL);
INSERT INTO CW_GE_RESOURCE (CODE, CNAME, ENAME, STATUS, RANK, RESOURCE_TYPE, RESOURCE_ORDER, URL, REMARK, PICTURE_NAME, PARENT_CODE, CREATE_USERID, CREATE_TIME, LAST_UPDATE_USERID, LAST_UPDATE_TIME, DELETE_USERID, DELETE_TIME) VALUES ('11000040', '数据权限管理', NULL, 1, 2, 1, 40, 'userdeptauth/list', '组织机构管理-数据权限管理左侧菜单', NULL, '1100', '1', NULL, NULL, NULL, NULL, NULL);
INSERT INTO CW_GE_RESOURCE (CODE, CNAME, ENAME, STATUS, RANK, RESOURCE_TYPE, RESOURCE_ORDER, URL, REMARK, PICTURE_NAME, PARENT_CODE, CREATE_USERID, CREATE_TIME, LAST_UPDATE_USERID, LAST_UPDATE_TIME, DELETE_USERID, DELETE_TIME) VALUES ('11000050', '企业信息管理', NULL, 1, 2, 1, 50, 'sys/dict/companyForm', '企业信息管理菜单', NULL, '1100', '1', NULL, NULL, NULL, NULL, NULL);
INSERT INTO CW_GE_RESOURCE (CODE, CNAME, ENAME, STATUS, RANK, RESOURCE_TYPE, RESOURCE_ORDER, URL, REMARK, PICTURE_NAME, PARENT_CODE, CREATE_USERID, CREATE_TIME, LAST_UPDATE_USERID, LAST_UPDATE_TIME, DELETE_USERID, DELETE_TIME) VALUES ('11000060', '数据字典管理', NULL, 1, 2, 1, 60, 'sys/dict/list', '系统管理-数据字典左侧菜单', NULL, '1100', '1', NULL, NULL, NULL, NULL, NULL);
INSERT INTO CW_GE_RESOURCE (CODE, CNAME, ENAME, STATUS, RANK, RESOURCE_TYPE, RESOURCE_ORDER, URL, REMARK, PICTURE_NAME, PARENT_CODE, CREATE_USERID, CREATE_TIME, LAST_UPDATE_USERID, LAST_UPDATE_TIME, DELETE_USERID, DELETE_TIME) VALUES ('11000070', '系统参数设置', NULL, 1, 2, 1, 70, 'setting/list', '系统管理-系统设置左侧菜单', NULL, '1100', '1', NULL, NULL, NULL, NULL, NULL);
INSERT INTO CW_GE_RESOURCE (CODE, CNAME, ENAME, STATUS, RANK, RESOURCE_TYPE, RESOURCE_ORDER, URL, REMARK, PICTURE_NAME, PARENT_CODE, CREATE_USERID, CREATE_TIME, LAST_UPDATE_USERID, LAST_UPDATE_TIME, DELETE_USERID, DELETE_TIME) VALUES ('11000080', '自动任务管理', NULL, 1, 2, 1, 80, 'task/list', '自动任务管理', NULL, '1100', '1', NULL, NULL, NULL, NULL, NULL);
INSERT INTO CW_GE_RESOURCE (CODE, CNAME, ENAME, STATUS, RANK, RESOURCE_TYPE, RESOURCE_ORDER, URL, REMARK, PICTURE_NAME, PARENT_CODE, CREATE_USERID, CREATE_TIME, LAST_UPDATE_USERID, LAST_UPDATE_TIME, DELETE_USERID, DELETE_TIME) VALUES ('11000090', '系统数据清理设置', NULL, 1, 2, 1, 90, 'setting/recordSaveTimeSettingForm', '系统管理-系统清理左侧菜单', NULL, '1100', '1', NULL, NULL, NULL, NULL, NULL);
INSERT INTO CW_GE_RESOURCE (CODE, CNAME, ENAME, STATUS, RANK, RESOURCE_TYPE, RESOURCE_ORDER, URL, REMARK, PICTURE_NAME, PARENT_CODE, CREATE_USERID, CREATE_TIME, LAST_UPDATE_USERID, LAST_UPDATE_TIME, DELETE_USERID, DELETE_TIME) VALUES ('11000100', '版本维护', NULL, 1, 2, 1, 100, 'version/list', '发布终端程序', NULL, '1100', '1', NULL, NULL, NULL, NULL, NULL);
INSERT INTO CW_GE_RESOURCE (CODE, CNAME, ENAME, STATUS, RANK, RESOURCE_TYPE, RESOURCE_ORDER, URL, REMARK, PICTURE_NAME, PARENT_CODE, CREATE_USERID, CREATE_TIME, LAST_UPDATE_USERID, LAST_UPDATE_TIME, DELETE_USERID, DELETE_TIME) VALUES ('1110', '用户中心', NULL, 1, 1, 1, 110, NULL, NULL, '#xe905;', '0', '1', NULL, NULL, NULL, NULL, NULL);
INSERT INTO CW_GE_RESOURCE (CODE, CNAME, ENAME, STATUS, RANK, RESOURCE_TYPE, RESOURCE_ORDER, URL, REMARK, PICTURE_NAME, PARENT_CODE, CREATE_USERID, CREATE_TIME, LAST_UPDATE_USERID, LAST_UPDATE_TIME, DELETE_USERID, DELETE_TIME) VALUES ('11100010', '个人资料', NULL, 1, 2, 1, 10, 'user/userinformation/userInfomationForm', NULL, NULL, '1110', '1', NULL, NULL, NULL, NULL, NULL);
INSERT INTO CW_GE_RESOURCE (CODE, CNAME, ENAME, STATUS, RANK, RESOURCE_TYPE, RESOURCE_ORDER, URL, REMARK, PICTURE_NAME, PARENT_CODE, CREATE_USERID, CREATE_TIME, LAST_UPDATE_USERID, LAST_UPDATE_TIME, DELETE_USERID, DELETE_TIME) VALUES ('11100020', '密码管理', NULL, 1, 2, 1, 20, 'user/modifyPassword', NULL, NULL, '1110', '1', NULL, NULL, NULL, NULL, NULL);
INSERT INTO CW_GE_RESOURCE (CODE, CNAME, ENAME, STATUS, RANK, RESOURCE_TYPE, RESOURCE_ORDER, URL, REMARK, PICTURE_NAME, PARENT_CODE, CREATE_USERID, CREATE_TIME, LAST_UPDATE_USERID, LAST_UPDATE_TIME, DELETE_USERID, DELETE_TIME) VALUES ('1111', '帮助中心', NULL, 1, 1, 1, 110, NULL, NULL, '#xea09;', '0', '1', NULL, NULL, NULL, NULL, NULL);
INSERT INTO CW_GE_RESOURCE (CODE, CNAME, ENAME, STATUS, RANK, RESOURCE_TYPE, RESOURCE_ORDER, URL, REMARK, PICTURE_NAME, PARENT_CODE, CREATE_USERID, CREATE_TIME, LAST_UPDATE_USERID, LAST_UPDATE_TIME, DELETE_USERID, DELETE_TIME) VALUES ('11110010', 'FAQ', NULL, 1, 2, 1, 10, 'common/faq', NULL, NULL, '1111', '1', NULL, NULL, NULL, NULL, NULL);
INSERT INTO CW_GE_RESOURCE (CODE, CNAME, ENAME, STATUS, RANK, RESOURCE_TYPE, RESOURCE_ORDER, URL, REMARK, PICTURE_NAME, PARENT_CODE, CREATE_USERID, CREATE_TIME, LAST_UPDATE_USERID, LAST_UPDATE_TIME, DELETE_USERID, DELETE_TIME) VALUES ('1112', '设备管理', NULL, 1, 1, 1, 112, NULL, NULL, '#xe9ca;', '0', '1', NULL, NULL, NULL, NULL, NULL);
INSERT INTO CW_GE_RESOURCE (CODE, CNAME, ENAME, STATUS, RANK, RESOURCE_TYPE, RESOURCE_ORDER, URL, REMARK, PICTURE_NAME, PARENT_CODE, CREATE_USERID, CREATE_TIME, LAST_UPDATE_USERID, LAST_UPDATE_TIME, DELETE_USERID, DELETE_TIME) VALUES ('11120010', 'APP管理', NULL, 1, 2, 1, 10, 'appdevice/list', NULL, NULL, '1112', '1', NULL, NULL, NULL, NULL, NULL);
INSERT INTO CW_GE_RESOURCE (CODE, CNAME, ENAME, STATUS, RANK, RESOURCE_TYPE, RESOURCE_ORDER, URL, REMARK, PICTURE_NAME, PARENT_CODE, CREATE_USERID, CREATE_TIME, LAST_UPDATE_USERID, LAST_UPDATE_TIME, DELETE_USERID, DELETE_TIME) VALUES ('1113', '人脸库管理', NULL, 1, 1, 1, 32, NULL, NULL, '#xe976;', '0', '1', NULL, NULL, NULL, NULL, NULL);
INSERT INTO CW_GE_RESOURCE (CODE, CNAME, ENAME, STATUS, RANK, RESOURCE_TYPE, RESOURCE_ORDER, URL, REMARK, PICTURE_NAME, PARENT_CODE, CREATE_USERID, CREATE_TIME, LAST_UPDATE_USERID, LAST_UPDATE_TIME, DELETE_USERID, DELETE_TIME) VALUES ('11130012', '人脸库管理', NULL, 1, 2, 1, 1, 'facedb/roamList?types=3', 'camerafacedb/roamList', NULL, '1113', '1', NULL, NULL, NULL, NULL, NULL);
INSERT INTO CW_GE_RESOURCE (CODE, CNAME, ENAME, STATUS, RANK, RESOURCE_TYPE, RESOURCE_ORDER, URL, REMARK, PICTURE_NAME, PARENT_CODE, CREATE_USERID, CREATE_TIME, LAST_UPDATE_USERID, LAST_UPDATE_TIME, DELETE_USERID, DELETE_TIME) VALUES ('11140013', '识别引擎管理', NULL, 1, 2, 1, 0, 'devengine/engineList?type=6', NULL, NULL, '1030', '1', NULL, NULL, NULL, NULL, NULL);
INSERT INTO CW_GE_RESOURCE (CODE, CNAME, ENAME, STATUS, RANK, RESOURCE_TYPE, RESOURCE_ORDER, URL, REMARK, PICTURE_NAME, PARENT_CODE, CREATE_USERID, CREATE_TIME, LAST_UPDATE_USERID, LAST_UPDATE_TIME, DELETE_USERID, DELETE_TIME) VALUES ('11140014', '特征相机终端管理', NULL, 1, 2, 1, 5, 'devcamera/cameraList', NULL, NULL, '1030', '1', NULL, NULL, NULL, NULL, NULL);
INSERT INTO CW_GE_RESOURCE (CODE, CNAME, ENAME, STATUS, RANK, RESOURCE_TYPE, RESOURCE_ORDER, URL, REMARK, PICTURE_NAME, PARENT_CODE, CREATE_USERID, CREATE_TIME, LAST_UPDATE_USERID, LAST_UPDATE_TIME, DELETE_USERID, DELETE_TIME) VALUES ('11140017', '引擎分组管理', NULL, 1, 2, 1, 4, 'camerafacedb/engineGroup', NULL, NULL, '1030', '1', NULL, NULL, NULL, NULL, NULL);

INSERT INTO CW_GE_RESOURCE (CODE, CNAME, ENAME, STATUS, RANK, RESOURCE_TYPE, RESOURCE_ORDER, URL, REMARK, PICTURE_NAME, PARENT_CODE, CREATE_USERID, CREATE_TIME, LAST_UPDATE_USERID, LAST_UPDATE_TIME, DELETE_USERID, DELETE_TIME) VALUES ('10200019', '人员注册详情', NULL, 1, 2, 1, 1, 'logdeviceuserdetails/list', 'log', NULL, '1090', '1', NULL, NULL, NULL, NULL, NULL);
INSERT INTO CW_GE_RESOURCE (CODE, CNAME, ENAME, STATUS, RANK, RESOURCE_TYPE, RESOURCE_ORDER, URL, REMARK, PICTURE_NAME, PARENT_CODE, CREATE_USERID, CREATE_TIME, LAST_UPDATE_USERID, LAST_UPDATE_TIME, DELETE_USERID, DELETE_TIME) VALUES ('1032', '迎宾终端管理', NULL, 1, 1, 1, 32, NULL, '设备管理主菜单', '#xe994;', '0', '1', NULL, NULL, NULL, NULL, NULL);
INSERT INTO CW_GE_RESOURCE (CODE, CNAME, ENAME, STATUS, RANK, RESOURCE_TYPE, RESOURCE_ORDER, URL, REMARK, PICTURE_NAME, PARENT_CODE, CREATE_USERID, CREATE_TIME, LAST_UPDATE_USERID, LAST_UPDATE_TIME, DELETE_USERID, DELETE_TIME) VALUES ('10320010', '迎宾设备管理', NULL, 1, 2, 1, 10, 'device/list?type=1', '迎宾设备管理菜单', NULL, '1032', '1', NULL, NULL, NULL, NULL, NULL);
INSERT INTO CW_GE_RESOURCE (CODE, CNAME, ENAME, STATUS, RANK, RESOURCE_TYPE, RESOURCE_ORDER, URL, REMARK, PICTURE_NAME, PARENT_CODE, CREATE_USERID, CREATE_TIME, LAST_UPDATE_USERID, LAST_UPDATE_TIME, DELETE_USERID, DELETE_TIME) VALUES ('10320020', '迎宾卡片管理', NULL, 1, 2, 1, 20, 'card/list', '迎宾卡片管理菜单', NULL, '1032', '1', NULL, NULL, NULL, NULL, NULL);
INSERT INTO CW_GE_RESOURCE (CODE, CNAME, ENAME, STATUS, RANK, RESOURCE_TYPE, RESOURCE_ORDER, URL, REMARK, PICTURE_NAME, PARENT_CODE, CREATE_USERID, CREATE_TIME, LAST_UPDATE_USERID, LAST_UPDATE_TIME, DELETE_USERID, DELETE_TIME) VALUES ('1060', '考勤管理', NULL, 1, 1, 1, 60, NULL, '考勤管理主菜单', '#xe953;', '0', '1', NULL, NULL, NULL, NULL, NULL);
INSERT INTO CW_GE_RESOURCE (CODE, CNAME, ENAME, STATUS, RANK, RESOURCE_TYPE, RESOURCE_ORDER, URL, REMARK, PICTURE_NAME, PARENT_CODE, CREATE_USERID, CREATE_TIME, LAST_UPDATE_USERID, LAST_UPDATE_TIME, DELETE_USERID, DELETE_TIME) VALUES ('10600010', '我的考勤', NULL, 1, 2, 1, 10, 'att/result/list', '考勤管理-我的考勤左菜单', NULL, '1060', '1', NULL, NULL, NULL, NULL, NULL);
INSERT INTO CW_GE_RESOURCE (CODE, CNAME, ENAME, STATUS, RANK, RESOURCE_TYPE, RESOURCE_ORDER, URL, REMARK, PICTURE_NAME, PARENT_CODE, CREATE_USERID, CREATE_TIME, LAST_UPDATE_USERID, LAST_UPDATE_TIME, DELETE_USERID, DELETE_TIME) VALUES ('10600020', '考勤明细', NULL, 1, 2, 1, 20, 'att/result/listAttenDetails', '考勤管理-考勤明细左菜单', NULL, '1060', '1', NULL, NULL, NULL, NULL, NULL);
INSERT INTO CW_GE_RESOURCE (CODE, CNAME, ENAME, STATUS, RANK, RESOURCE_TYPE, RESOURCE_ORDER, URL, REMARK, PICTURE_NAME, PARENT_CODE, CREATE_USERID, CREATE_TIME, LAST_UPDATE_USERID, LAST_UPDATE_TIME, DELETE_USERID, DELETE_TIME) VALUES ('10600030', '考勤统计', NULL, 1, 2, 1, 30, 'att/result/resultStatisticsList', '考勤管理-考勤统计左菜单', NULL, '1060', '1', NULL, NULL, NULL, NULL, NULL);
INSERT INTO CW_GE_RESOURCE (CODE, CNAME, ENAME, STATUS, RANK, RESOURCE_TYPE, RESOURCE_ORDER, URL, REMARK, PICTURE_NAME, PARENT_CODE, CREATE_USERID, CREATE_TIME, LAST_UPDATE_USERID, LAST_UPDATE_TIME, DELETE_USERID, DELETE_TIME) VALUES ('10600031', '员工考勤规则设置', NULL, 1, 2, 1, 4, 'attendancerule/ruleList', '我的考勤-员工考勤规则设置左菜单', NULL, '1060', '1', NULL, NULL, NULL, NULL, NULL);
INSERT INTO CW_GE_RESOURCE (CODE, CNAME, ENAME, STATUS, RANK, RESOURCE_TYPE, RESOURCE_ORDER, URL, REMARK, PICTURE_NAME, PARENT_CODE, CREATE_USERID, CREATE_TIME, LAST_UPDATE_USERID, LAST_UPDATE_TIME, DELETE_USERID, DELETE_TIME) VALUES ('10600040', '手工生成结果', NULL, 1, 2, 1, 40, 'attendance/execute', '考勤管理-手工生成结果左菜单', NULL, '1060', '1', NULL, NULL, NULL, NULL, NULL);
INSERT INTO CW_GE_RESOURCE (CODE, CNAME, ENAME, STATUS, RANK, RESOURCE_TYPE, RESOURCE_ORDER, URL, REMARK, PICTURE_NAME, PARENT_CODE, CREATE_USERID, CREATE_TIME, LAST_UPDATE_USERID, LAST_UPDATE_TIME, DELETE_USERID, DELETE_TIME) VALUES ('10600050', '考勤数据导入', NULL, 1, 2, 1, 50, 'attendance/import', '考勤管理-考勤数据导入左菜单', NULL, '1060', '1', NULL, NULL, NULL, NULL, NULL);
INSERT INTO CW_GE_RESOURCE (CODE, CNAME, ENAME, STATUS, RANK, RESOURCE_TYPE, RESOURCE_ORDER, URL, REMARK, PICTURE_NAME, PARENT_CODE, CREATE_USERID, CREATE_TIME, LAST_UPDATE_USERID, LAST_UPDATE_TIME, DELETE_USERID, DELETE_TIME) VALUES ('1070', '考勤排班', NULL, 1, 1, 1, 70, NULL, '考勤排班的主菜单', '#xe9b8;', '0', '1', NULL, NULL, NULL, NULL, NULL);
INSERT INTO CW_GE_RESOURCE (CODE, CNAME, ENAME, STATUS, RANK, RESOURCE_TYPE, RESOURCE_ORDER, URL, REMARK, PICTURE_NAME, PARENT_CODE, CREATE_USERID, CREATE_TIME, LAST_UPDATE_USERID, LAST_UPDATE_TIME, DELETE_USERID, DELETE_TIME) VALUES ('10700010', '排班查询', NULL, 1, 2, 1, 10, 'schedulingresult/list', NULL, NULL, '1070', '1', NULL, NULL, NULL, NULL, NULL);
INSERT INTO CW_GE_RESOURCE (CODE, CNAME, ENAME, STATUS, RANK, RESOURCE_TYPE, RESOURCE_ORDER, URL, REMARK, PICTURE_NAME, PARENT_CODE, CREATE_USERID, CREATE_TIME, LAST_UPDATE_USERID, LAST_UPDATE_TIME, DELETE_USERID, DELETE_TIME) VALUES ('10700020', '考勤排班', NULL, 1, 2, 1, 20, 'scheduling/list', '考勤排班菜单', NULL, '1070', '1', NULL, NULL, NULL, NULL, NULL);
INSERT INTO CW_GE_RESOURCE (CODE, CNAME, ENAME, STATUS, RANK, RESOURCE_TYPE, RESOURCE_ORDER, URL, REMARK, PICTURE_NAME, PARENT_CODE, CREATE_USERID, CREATE_TIME, LAST_UPDATE_USERID, LAST_UPDATE_TIME, DELETE_USERID, DELETE_TIME) VALUES ('10700030', '班次设置', NULL, 1, 2, 1, 30, 'workingshift/list', '班次设置菜单', NULL, '1070', '1', NULL, NULL, NULL, NULL, NULL);
INSERT INTO CW_GE_RESOURCE (CODE, CNAME, ENAME, STATUS, RANK, RESOURCE_TYPE, RESOURCE_ORDER, URL, REMARK, PICTURE_NAME, PARENT_CODE, CREATE_USERID, CREATE_TIME, LAST_UPDATE_USERID, LAST_UPDATE_TIME, DELETE_USERID, DELETE_TIME) VALUES ('10700040', '作息时间', NULL, 1, 2, 1, 40, 'schedule/list', '作息时间菜单', NULL, '1070', '1', NULL, NULL, NULL, NULL, NULL);
INSERT INTO CW_GE_RESOURCE (CODE, CNAME, ENAME, STATUS, RANK, RESOURCE_TYPE, RESOURCE_ORDER, URL, REMARK, PICTURE_NAME, PARENT_CODE, CREATE_USERID, CREATE_TIME, LAST_UPDATE_USERID, LAST_UPDATE_TIME, DELETE_USERID, DELETE_TIME) VALUES ('10700050', '节假日设置', NULL, 1, 2, 1, 50, 'holiday/list', '节假日设置菜单', NULL, '1070', '1', NULL, NULL, NULL, NULL, NULL);
INSERT INTO CW_GE_RESOURCE (CODE, CNAME, ENAME, STATUS, RANK, RESOURCE_TYPE, RESOURCE_ORDER, URL, REMARK, PICTURE_NAME, PARENT_CODE, CREATE_USERID, CREATE_TIME, LAST_UPDATE_USERID, LAST_UPDATE_TIME, DELETE_USERID, DELETE_TIME) VALUES ('10700060', '考勤排班帮助', NULL, 1, 2, 1, 60, 'scheduling/help', '考勤排班说明菜单', NULL, '1070', '1', NULL, NULL, NULL, NULL, NULL);
INSERT INTO CW_GE_RESOURCE (CODE, CNAME, ENAME, STATUS, RANK, RESOURCE_TYPE, RESOURCE_ORDER, URL, REMARK, PICTURE_NAME, PARENT_CODE, CREATE_USERID, CREATE_TIME, LAST_UPDATE_USERID, LAST_UPDATE_TIME, DELETE_USERID, DELETE_TIME) VALUES ('1080', '广告管理', NULL, 1, 1, 1, 80, NULL, NULL, '#xe900;', '0', '1', NULL, NULL, NULL, NULL, NULL);
INSERT INTO CW_GE_RESOURCE (CODE, CNAME, ENAME, STATUS, RANK, RESOURCE_TYPE, RESOURCE_ORDER, URL, REMARK, PICTURE_NAME, PARENT_CODE, CREATE_USERID, CREATE_TIME, LAST_UPDATE_USERID, LAST_UPDATE_TIME, DELETE_USERID, DELETE_TIME) VALUES ('10800010', '广告中心', NULL, 1, 2, 1, 10, 'notice/list', '广告管理-广告中心', NULL, '1080', '1', NULL, NULL, NULL, NULL, NULL);
INSERT INTO CW_GE_RESOURCE (CODE, CNAME, ENAME, STATUS, RANK, RESOURCE_TYPE, RESOURCE_ORDER, URL, REMARK, PICTURE_NAME, PARENT_CODE, CREATE_USERID, CREATE_TIME, LAST_UPDATE_USERID, LAST_UPDATE_TIME, DELETE_USERID, DELETE_TIME) VALUES ('10800020', '通知中心', NULL, 1, 2, 1, 20, 'information/list', '广告管理-通知中心', NULL, '1080', '1', NULL, NULL, NULL, NULL, NULL);

delete from CW_GE_AUTH_RESOURCE;
INSERT INTO CW_GE_AUTH_RESOURCE (AUTH_ID, RESOURCE_CODE) VALUES ('3', '1010');
INSERT INTO CW_GE_AUTH_RESOURCE (AUTH_ID, RESOURCE_CODE) VALUES ('3', '10100010');
INSERT INTO CW_GE_AUTH_RESOURCE (AUTH_ID, RESOURCE_CODE) VALUES ('3', '10100020');
INSERT INTO CW_GE_AUTH_RESOURCE (AUTH_ID, RESOURCE_CODE) VALUES ('3', '1020');
INSERT INTO CW_GE_AUTH_RESOURCE (AUTH_ID, RESOURCE_CODE) VALUES ('3', '10200010');
INSERT INTO CW_GE_AUTH_RESOURCE (AUTH_ID, RESOURCE_CODE) VALUES ('3', '10200019');
INSERT INTO CW_GE_AUTH_RESOURCE (AUTH_ID, RESOURCE_CODE) VALUES ('3', '10200020');
INSERT INTO CW_GE_AUTH_RESOURCE (AUTH_ID, RESOURCE_CODE) VALUES ('3', '10200021');
INSERT INTO CW_GE_AUTH_RESOURCE (AUTH_ID, RESOURCE_CODE) VALUES ('3', '10200030');
INSERT INTO CW_GE_AUTH_RESOURCE (AUTH_ID, RESOURCE_CODE) VALUES ('3', '10200040');
INSERT INTO CW_GE_AUTH_RESOURCE (AUTH_ID, RESOURCE_CODE) VALUES ('3', '1030');
INSERT INTO CW_GE_AUTH_RESOURCE (AUTH_ID, RESOURCE_CODE) VALUES ('3', '10300018');
INSERT INTO CW_GE_AUTH_RESOURCE (AUTH_ID, RESOURCE_CODE) VALUES ('3', '10300021');
INSERT INTO CW_GE_AUTH_RESOURCE (AUTH_ID, RESOURCE_CODE) VALUES ('3', '10900024');
INSERT INTO CW_GE_AUTH_RESOURCE (AUTH_ID, RESOURCE_CODE) VALUES ('3', '1031');
INSERT INTO CW_GE_AUTH_RESOURCE (AUTH_ID, RESOURCE_CODE) VALUES ('3', '10310015');
INSERT INTO CW_GE_AUTH_RESOURCE (AUTH_ID, RESOURCE_CODE) VALUES ('3', '10310023');
INSERT INTO CW_GE_AUTH_RESOURCE (AUTH_ID, RESOURCE_CODE) VALUES ('3', '1032');
INSERT INTO CW_GE_AUTH_RESOURCE (AUTH_ID, RESOURCE_CODE) VALUES ('3', '10320010');
INSERT INTO CW_GE_AUTH_RESOURCE (AUTH_ID, RESOURCE_CODE) VALUES ('3', '10320020');
INSERT INTO CW_GE_AUTH_RESOURCE (AUTH_ID, RESOURCE_CODE) VALUES ('3', '1040');
INSERT INTO CW_GE_AUTH_RESOURCE (AUTH_ID, RESOURCE_CODE) VALUES ('3', '10400010');
INSERT INTO CW_GE_AUTH_RESOURCE (AUTH_ID, RESOURCE_CODE) VALUES ('3', '10400020');
INSERT INTO CW_GE_AUTH_RESOURCE (AUTH_ID, RESOURCE_CODE) VALUES ('3', '10400030');
INSERT INTO CW_GE_AUTH_RESOURCE (AUTH_ID, RESOURCE_CODE) VALUES ('3', '1050');
INSERT INTO CW_GE_AUTH_RESOURCE (AUTH_ID, RESOURCE_CODE) VALUES ('3', '10500010');
INSERT INTO CW_GE_AUTH_RESOURCE (AUTH_ID, RESOURCE_CODE) VALUES ('3', '10500020');
INSERT INTO CW_GE_AUTH_RESOURCE (AUTH_ID, RESOURCE_CODE) VALUES ('3', '10500030');
INSERT INTO CW_GE_AUTH_RESOURCE (AUTH_ID, RESOURCE_CODE) VALUES ('1', '1060');
INSERT INTO CW_GE_AUTH_RESOURCE (AUTH_ID, RESOURCE_CODE) VALUES ('3', '1060');
INSERT INTO CW_GE_AUTH_RESOURCE (AUTH_ID, RESOURCE_CODE) VALUES ('1', '10600010');
INSERT INTO CW_GE_AUTH_RESOURCE (AUTH_ID, RESOURCE_CODE) VALUES ('3', '10600010');
INSERT INTO CW_GE_AUTH_RESOURCE (AUTH_ID, RESOURCE_CODE) VALUES ('3', '10600020');
INSERT INTO CW_GE_AUTH_RESOURCE (AUTH_ID, RESOURCE_CODE) VALUES ('3', '10600030');
INSERT INTO CW_GE_AUTH_RESOURCE (AUTH_ID, RESOURCE_CODE) VALUES ('3', '10600040');
INSERT INTO CW_GE_AUTH_RESOURCE (AUTH_ID, RESOURCE_CODE) VALUES ('3', '10600050');
INSERT INTO CW_GE_AUTH_RESOURCE (AUTH_ID, RESOURCE_CODE) VALUES ('3', '1070');
INSERT INTO CW_GE_AUTH_RESOURCE (AUTH_ID, RESOURCE_CODE) VALUES ('3', '10700010');
INSERT INTO CW_GE_AUTH_RESOURCE (AUTH_ID, RESOURCE_CODE) VALUES ('3', '10700020');
INSERT INTO CW_GE_AUTH_RESOURCE (AUTH_ID, RESOURCE_CODE) VALUES ('3', '10700030');
INSERT INTO CW_GE_AUTH_RESOURCE (AUTH_ID, RESOURCE_CODE) VALUES ('3', '10700040');
INSERT INTO CW_GE_AUTH_RESOURCE (AUTH_ID, RESOURCE_CODE) VALUES ('3', '10700050');
INSERT INTO CW_GE_AUTH_RESOURCE (AUTH_ID, RESOURCE_CODE) VALUES ('3', '10700060');
INSERT INTO CW_GE_AUTH_RESOURCE (AUTH_ID, RESOURCE_CODE) VALUES ('3', '1080');
INSERT INTO CW_GE_AUTH_RESOURCE (AUTH_ID, RESOURCE_CODE) VALUES ('3', '10800010');
INSERT INTO CW_GE_AUTH_RESOURCE (AUTH_ID, RESOURCE_CODE) VALUES ('3', '10800020');
INSERT INTO CW_GE_AUTH_RESOURCE (AUTH_ID, RESOURCE_CODE) VALUES ('3', '1090');
INSERT INTO CW_GE_AUTH_RESOURCE (AUTH_ID, RESOURCE_CODE) VALUES ('3', '10900010');
INSERT INTO CW_GE_AUTH_RESOURCE (AUTH_ID, RESOURCE_CODE) VALUES ('3', '10900030');
INSERT INTO CW_GE_AUTH_RESOURCE (AUTH_ID, RESOURCE_CODE) VALUES ('3', '10900040');
INSERT INTO CW_GE_AUTH_RESOURCE (AUTH_ID, RESOURCE_CODE) VALUES ('3', '10900050');
INSERT INTO CW_GE_AUTH_RESOURCE (AUTH_ID, RESOURCE_CODE) VALUES ('3', '10900055');
INSERT INTO CW_GE_AUTH_RESOURCE (AUTH_ID, RESOURCE_CODE) VALUES ('3', '1100');
INSERT INTO CW_GE_AUTH_RESOURCE (AUTH_ID, RESOURCE_CODE) VALUES ('3', '11000010');
INSERT INTO CW_GE_AUTH_RESOURCE (AUTH_ID, RESOURCE_CODE) VALUES ('3', '11000020');
INSERT INTO CW_GE_AUTH_RESOURCE (AUTH_ID, RESOURCE_CODE) VALUES ('3', '11000030');
INSERT INTO CW_GE_AUTH_RESOURCE (AUTH_ID, RESOURCE_CODE) VALUES ('3', '11000040');
INSERT INTO CW_GE_AUTH_RESOURCE (AUTH_ID, RESOURCE_CODE) VALUES ('3', '11000050');
INSERT INTO CW_GE_AUTH_RESOURCE (AUTH_ID, RESOURCE_CODE) VALUES ('3', '11000060');
INSERT INTO CW_GE_AUTH_RESOURCE (AUTH_ID, RESOURCE_CODE) VALUES ('3', '11000070');
INSERT INTO CW_GE_AUTH_RESOURCE (AUTH_ID, RESOURCE_CODE) VALUES ('3', '11000080');
INSERT INTO CW_GE_AUTH_RESOURCE (AUTH_ID, RESOURCE_CODE) VALUES ('3', '11000090');
INSERT INTO CW_GE_AUTH_RESOURCE (AUTH_ID, RESOURCE_CODE) VALUES ('3', '11000100');
INSERT INTO CW_GE_AUTH_RESOURCE (AUTH_ID, RESOURCE_CODE) VALUES ('1', '1110');
INSERT INTO CW_GE_AUTH_RESOURCE (AUTH_ID, RESOURCE_CODE) VALUES ('3', '1110');
INSERT INTO CW_GE_AUTH_RESOURCE (AUTH_ID, RESOURCE_CODE) VALUES ('1', '11100010');
INSERT INTO CW_GE_AUTH_RESOURCE (AUTH_ID, RESOURCE_CODE) VALUES ('3', '11100010');
INSERT INTO CW_GE_AUTH_RESOURCE (AUTH_ID, RESOURCE_CODE) VALUES ('1', '11100020');
INSERT INTO CW_GE_AUTH_RESOURCE (AUTH_ID, RESOURCE_CODE) VALUES ('3', '11100020');
INSERT INTO CW_GE_AUTH_RESOURCE (AUTH_ID, RESOURCE_CODE) VALUES ('3', '1111');
INSERT INTO CW_GE_AUTH_RESOURCE (AUTH_ID, RESOURCE_CODE) VALUES ('3', '11110010');
INSERT INTO CW_GE_AUTH_RESOURCE (AUTH_ID, RESOURCE_CODE) VALUES ('3', '1113');
INSERT INTO CW_GE_AUTH_RESOURCE (AUTH_ID, RESOURCE_CODE) VALUES ('3', '11130012');
INSERT INTO CW_GE_AUTH_RESOURCE (AUTH_ID, RESOURCE_CODE) VALUES ('3', '11140013');
INSERT INTO CW_GE_AUTH_RESOURCE (AUTH_ID, RESOURCE_CODE) VALUES ('3', '11140014');
INSERT INTO CW_GE_AUTH_RESOURCE (AUTH_ID, RESOURCE_CODE) VALUES ('3', '11140015');
INSERT INTO CW_GE_AUTH_RESOURCE (AUTH_ID, RESOURCE_CODE) VALUES ('3', '11140016');
INSERT INTO CW_GE_AUTH_RESOURCE (AUTH_ID, RESOURCE_CODE) VALUES ('3', '11140017');

INSERT INTO CW_GE_ROLE (ID, CNAME, ENAME, STATUS, REMARK, CREATE_USERID, CREATE_TIME, LAST_UPDATE_USERID, LAST_UPDATE_TIME, DELETE_USERID, DELETE_TIME) VALUES ('1', '普通用户', 'normal', 1, null, null, null, null, null, null, null);
INSERT INTO CW_GE_ROLE (ID, CNAME, ENAME, STATUS, REMARK, CREATE_USERID, CREATE_TIME, LAST_UPDATE_USERID, LAST_UPDATE_TIME, DELETE_USERID, DELETE_TIME) VALUES ('3', '系统管理员', 'SuperRoles', 1, null, null, null, null, null, null, null);

INSERT INTO CW_GE_ROLE_AUTH (ROLE_ID, AUTH_ID) VALUES ('1', '1');
INSERT INTO CW_GE_ROLE_AUTH (ROLE_ID, AUTH_ID) VALUES ('3', '3');

INSERT INTO CW_GE_SYS_SETTING (ID, LABEL, REMARK, VALUE, DATA_TYPE, IS_SHOW, SORT, GROUP_ID) VALUES ('SYS_SETTING_GROUPS_SHOW', 'SYS_SETTING_GROUPS_SHOW', '要显示的系统设置(多个名称用逗号分隔)', ' ', null, 1, null, null);
INSERT INTO CW_GE_SYS_SETTING (ID, LABEL, REMARK, VALUE, DATA_TYPE, IS_SHOW, SORT, GROUP_ID) VALUES ('AUTO_SYNC_PERSON_DATA', 'AUTO_SYNC_PERSON_DATA', '是否自动同步门禁机上传的同步数据, 设置1则为同步, 设置其他则不同步！', '0', null, 0, null, null);
INSERT INTO CW_GE_SYS_SETTING (ID, LABEL, REMARK, VALUE, DATA_TYPE, IS_SHOW, SORT, GROUP_ID) VALUES ('BASE_ATTACHMENT_PATH', 'BASE_ATTACHMENT_PATH', null, 'upload/', null, 1, null, null);
INSERT INTO CW_GE_SYS_SETTING (ID, LABEL, REMARK, VALUE, DATA_TYPE, IS_SHOW, SORT, GROUP_ID) VALUES ('cloudwalk.version', 'cloudwalk.version', null, 'v2.1.1.20180727', null, 1, null, null);
INSERT INTO CW_GE_SYS_SETTING (ID, LABEL, REMARK, VALUE, DATA_TYPE, IS_SHOW, SORT, GROUP_ID) VALUES ('page.pageSize', 'page.pageSize', '一页显示多少行', '10', null, 1, null, null);
INSERT INTO CW_GE_SYS_SETTING (ID, LABEL, REMARK, VALUE, DATA_TYPE, IS_SHOW, SORT, GROUP_ID) VALUES ('ENTRY_EXIT_IMG_PATH', 'ENTRY_EXIT_IMG_PATH', null, 'entryexit', null, 1, null, null);
INSERT INTO CW_GE_SYS_SETTING (ID, LABEL, REMARK, VALUE, DATA_TYPE, IS_SHOW, SORT, GROUP_ID) VALUES ('FACE_IMG_PATH', 'FACE_IMG_PATH', null, 'entryexit', null, 1, null, null);
INSERT INTO CW_GE_SYS_SETTING (ID, LABEL, REMARK, VALUE, DATA_TYPE, IS_SHOW, SORT, GROUP_ID) VALUES ('USER_IMG_PATH', 'USER_IMG_PATH', null, 'header', null, 1, null, null);
INSERT INTO CW_GE_SYS_SETTING (ID, LABEL, REMARK, VALUE, DATA_TYPE, IS_SHOW, SORT, GROUP_ID) VALUES ('STRANGER_IMG_PATH', 'STRANGER_IMG_PATH', '陌生人图片存放路径（相对于uploadpath）', 'facefail', null, 1, null, null);
INSERT INTO CW_GE_SYS_SETTING (ID, LABEL, REMARK, VALUE, DATA_TYPE, IS_SHOW, SORT, GROUP_ID) VALUES ('ID_CARD_IS_REQUIRED', 'ID_CARD_IS_REQUIRED', '身份证是否必填(required为必填)', 'required', null, 0, null, null);
INSERT INTO CW_GE_SYS_SETTING (ID, LABEL, REMARK, VALUE, DATA_TYPE, IS_SHOW, SORT, GROUP_ID) VALUES ('AUTO_SYNC_SAME_BUILDING_NUM', 'AUTO_SYNC_SAME_BUILDING_NUM', '自动同步同一个楼栋号多个单元', '0', null, 0, null, null);
INSERT INTO CW_GE_SYS_SETTING (ID, LABEL, REMARK, VALUE, DATA_TYPE, IS_SHOW, SORT, GROUP_ID) VALUES ('entryExitRecordSaveTime', 'entryExitRecordSaveTime', '出入记录保留时间(天)(系统默认60天)', '60', null, 1, null, null);
INSERT INTO CW_GE_SYS_SETTING (ID, LABEL, REMARK, VALUE, DATA_TYPE, IS_SHOW, SORT, GROUP_ID) VALUES ('webappLogSaveTime', 'webappLogSaveTime', '容器日志保留时间(系统默认30天)', '30', null, 1, null, null);
INSERT INTO CW_GE_SYS_SETTING (ID, LABEL, REMARK, VALUE, DATA_TYPE, IS_SHOW, SORT, GROUP_ID) VALUES ('resultRecordSaveTime', 'resultRecordSaveTime', '考勤记录保留时间(年)(系统默认1年)', '1', null, 1, null, null);
INSERT INTO CW_GE_SYS_SETTING (ID, LABEL, REMARK, VALUE, DATA_TYPE, IS_SHOW, SORT, GROUP_ID) VALUES ('strangerRecordSaveTime', 'strangerRecordSaveTime', '陌生人记录保留时间(天)(系统默认30天)', '30', null, 1, null, null);
INSERT INTO CW_GE_SYS_SETTING (ID, LABEL, REMARK, VALUE, DATA_TYPE, IS_SHOW, SORT, GROUP_ID) VALUES ('systemLogoSaveTime', 'systemLogoSaveTime', '考勤记录保留时间(天)(系统默认30天)', '30', null, 1, null, null);
INSERT INTO CW_GE_SYS_SETTING (ID, LABEL, REMARK, VALUE, DATA_TYPE, IS_SHOW, SORT, GROUP_ID) VALUES ('API_KEY', 'API_KEY', '开放注册直接刷脸人员的AES加密密钥设置', '123456', null, 1, null, null);
INSERT INTO CW_GE_SYS_SETTING (ID, LABEL, REMARK, VALUE, DATA_TYPE, IS_SHOW, SORT, GROUP_ID) VALUES ('vipDeviceModule', 'vipDeviceModule', '开启迎宾机设备，允许用户选择卡片和提示方式等信息。值为1则开启，否则都为关闭功能！', '1', null, 1, null, null);
INSERT INTO CW_GE_SYS_SETTING (ID, LABEL, REMARK, VALUE, DATA_TYPE, IS_SHOW, SORT, GROUP_ID) VALUES ('mjDeviceModule', 'mjDeviceModule', '开启门禁机设备，允许用户选择楼栋和房间等信息。值为1则开启，否则都为关闭功能！', '1', null, 1, null, null);
INSERT INTO CW_GE_SYS_SETTING (ID, LABEL, REMARK, VALUE, DATA_TYPE, IS_SHOW, SORT, GROUP_ID) VALUES ('defaultPromptContent', 'defaultPromptContent', '开启迎宾机设备时，迎宾机显示的基础语音消息！例如配置为您好的时候， 迎宾机会播报您好 张三', '您好', null, 1, null, null);
INSERT INTO CW_GE_SYS_SETTING (ID, LABEL, REMARK, VALUE, DATA_TYPE, IS_SHOW, SORT, GROUP_ID) VALUES ('DEVICE_DEFAULT_PORT', 'DEVICE_DEFAULT_PORT', '终端socket默认端口', '5736', null, 1, null, null);
INSERT INTO CW_GE_SYS_SETTING (ID, LABEL, REMARK, VALUE, DATA_TYPE, IS_SHOW, SORT, GROUP_ID) VALUES ('DEVICE_MJ_PORT', 'DEVICE_MJ_PORT', '门禁终端socket默认端口', '5735', null, 1, null, null);
INSERT INTO CW_GE_SYS_SETTING (ID, LABEL, REMARK, VALUE, DATA_TYPE, IS_SHOW, SORT, GROUP_ID) VALUES ('copyrightInfo', 'copyrightInfo', '企业版权', 'Copyright ©2017 云从科技. All Rights Reserved. CloudWalk Technology Co., Ltd..123', null, 1, null, null);
INSERT INTO CW_GE_SYS_SETTING (ID, LABEL, REMARK, VALUE, DATA_TYPE, IS_SHOW, SORT, GROUP_ID) VALUES ('companyLoginLogo', 'companyLoginLogo', '登录logo', 'lib/images/login_login.png', null, 1, null, null);
INSERT INTO CW_GE_SYS_SETTING (ID, LABEL, REMARK, VALUE, DATA_TYPE, IS_SHOW, SORT, GROUP_ID) VALUES ('companyHeaderLogo', 'companyHeaderLogo', '公司logo', 'lib/images/login_login.png', null, 1, null, null);
INSERT INTO CW_GE_SYS_SETTING (ID, LABEL, REMARK, VALUE, DATA_TYPE, IS_SHOW, SORT, GROUP_ID) VALUES ('companyDownLogo', 'companyDownLogo', '登陆背景图片', 'lib/images/loginbg.jpg', null, 1, null, null);
INSERT INTO CW_GE_SYS_SETTING (ID, LABEL, REMARK, VALUE, DATA_TYPE, IS_SHOW, SORT, GROUP_ID) VALUES ('license_user_normal', 'license_user_normal', '最大允许添加的普通人员数', 'xGz6PH+7INGtpID8FpNFhYVWIa85siJb8qTE6GEYCONFDi+AnCLcNg==', null, 0, null, null);
INSERT INTO CW_GE_SYS_SETTING (ID, LABEL, REMARK, VALUE, DATA_TYPE, IS_SHOW, SORT, GROUP_ID) VALUES ('license_user_vip', 'license_user_vip', '最大允许添加的VIP人员数', '3rL3r0n34lTebVa5YU2Pc8Ap1J6Gq9FpAA6NdoMFmSVYBf0c9pe73Q==', null, 0, null, null);
INSERT INTO CW_GE_SYS_SETTING (ID, LABEL, REMARK, VALUE, DATA_TYPE, IS_SHOW, SORT, GROUP_ID) VALUES ('license_user_blank', 'license_user_blank', '最大允许添加的黑名单人员数', 'A9E2FImDezvd5J5JVNzkzmgQBCd0hvDav7Rkb434GH3DTiQ553uCUg==', null, 0, null, null);
INSERT INTO CW_GE_SYS_SETTING (ID, LABEL, REMARK, VALUE, DATA_TYPE, IS_SHOW, SORT, GROUP_ID) VALUES ('license_user_visitor', 'license_user_visitor', '最大允许添加的访客人员数', 'Q/VrylIduDnwTuVlqCVHRzCrX+5IOpBhqgUeZa20RgAuopNtJNhn1A==', null, 0, null, null);
INSERT INTO CW_GE_SYS_SETTING (ID, LABEL, REMARK, VALUE, DATA_TYPE, IS_SHOW, SORT, GROUP_ID) VALUES ('license_device_vip', 'license_device_vip', '最大允许添加的迎宾设备数', 'bHwNq7z9Bhkn+45aGix82UzFMJUirSgq9jIhBWeSaR6ZDGsJiZdHsg==', null, 1, null, null);
INSERT INTO CW_GE_SYS_SETTING (ID, LABEL, REMARK, VALUE, DATA_TYPE, IS_SHOW, SORT, GROUP_ID) VALUES ('license_device_mj', 'license_device_mj', '最大允许添加的门禁设备数', '+g9BSvlCCQ/ZF/lBqspGLuEDyvMJgcG+0HzxTp9Q/32wI8IrJhA4PA==', null, 1, null, null);
INSERT INTO CW_GE_SYS_SETTING (ID, LABEL, REMARK, VALUE, DATA_TYPE, IS_SHOW, SORT, GROUP_ID) VALUES ('DEVICE_STATUS_CACHE', 'DEVICE_STATUS_CACHE', '终端心跳状态重连时间（秒）', '305', null, 1, null, null);
INSERT INTO CW_GE_SYS_SETTING (ID, LABEL, REMARK, VALUE, DATA_TYPE, IS_SHOW, SORT, GROUP_ID) VALUES ('SEND_SMS_DEVICE_STATUS_CHANGE', 'SEND_SMS_DEVICE_STATUS_CHANGE', '当设备连接上或者断开是否发送短信, 1代表发送(发送至该设备所在单位的联系人电话),其他代表不发送', '0', null, 1, null, null);
INSERT INTO CW_GE_SYS_SETTING (ID, LABEL, REMARK, VALUE, DATA_TYPE, IS_SHOW, SORT, GROUP_ID) VALUES ('VISITOR_LIMIT_HOUR', 'VISITOR_LIMIT_HOUR', '访客到访时间限制', '2', null, 1, null, null);
INSERT INTO CW_GE_SYS_SETTING (ID, LABEL, REMARK, VALUE, DATA_TYPE, IS_SHOW, SORT, GROUP_ID) VALUES ('CALLBACK_USER_BEAN', 'CALLBACK_USER_BEAN', '识别回调', 'cloudwalkIdentifyCallbackServiceImpl', null, 1, null, null);
INSERT INTO CW_GE_SYS_SETTING (ID, LABEL, REMARK, VALUE, DATA_TYPE, IS_SHOW, SORT, GROUP_ID) VALUES ('UPLOAD_PATH', 'UPLOAD_PATH', '文件上传路径', 'C:/upload/', null, 1, null, null);
INSERT INTO CW_GE_SYS_SETTING (ID, LABEL, REMARK, VALUE, DATA_TYPE, IS_SHOW, SORT, GROUP_ID) VALUES ('UPLOAD_URL', 'UPLOAD_URL', 'web容器url', null, null, 1, null, null);
INSERT INTO CW_GE_SYS_SETTING (ID, LABEL, REMARK, VALUE, DATA_TYPE, IS_SHOW, SORT, GROUP_ID) VALUES ('WEBAPP_PORT', 'WEBAPP_PORT', 'nginx端口号', '80', null, 1, null, null);
INSERT INTO CW_GE_SYS_SETTING (ID, LABEL, REMARK, VALUE, DATA_TYPE, IS_SHOW, SORT, GROUP_ID) VALUES ('USE_WEBAPP', 'USE_WEBAPP', '是否使用容器', '0', null, 1, null, null);
INSERT INTO CW_GE_SYS_SETTING (ID, LABEL, REMARK, VALUE, DATA_TYPE, IS_SHOW, SORT, GROUP_ID) VALUES ('ORG_AUTH', 'ORG_AUTH', '权限开关(1-开启,其他值为关闭)', '0', null, 1, null, null);
INSERT INTO CW_GE_SYS_SETTING (ID, LABEL, REMARK, VALUE, DATA_TYPE, IS_SHOW, SORT, GROUP_ID) VALUES ('EOC_SERVER_TYPE', 'EOC_SERVER_TYPE', '引擎服务器类型 设置cloudeye为云之眼,其他的为猎鹰集成的算法', null, null, 1, null, 'featureEngine');
INSERT INTO CW_GE_SYS_SETTING (ID, LABEL, REMARK, VALUE, DATA_TYPE, IS_SHOW, SORT, GROUP_ID) VALUES ('EOC_SERVER_URL', 'EOC_SERVER_URL', '引擎服务器地址', 'http://172.16.13.110:7100/', null, 1, null, 'featureEngine');
INSERT INTO CW_GE_SYS_SETTING (ID, LABEL, REMARK, VALUE, DATA_TYPE, IS_SHOW, SORT, GROUP_ID) VALUES ('EOC_APP_ID', 'EOC_APP_ID', '引擎服务器APPID', null, null, 1, null, 'featureEngine');
INSERT INTO CW_GE_SYS_SETTING (ID, LABEL, REMARK, VALUE, DATA_TYPE, IS_SHOW, SORT, GROUP_ID) VALUES ('EOC_APP_SECRET', 'EOC_APP_SECRET', '引擎服务器APPSECRET', null, null, 1, null, 'featureEngine');
INSERT INTO CW_GE_SYS_SETTING (ID, LABEL, REMARK, VALUE, DATA_TYPE, IS_SHOW, SORT, GROUP_ID) VALUES ('EOC_QUALITY_SCORE', 'EOC_QUALITY_SCORE', '引擎图片质量分数阈值，当图片质量大于该值时，允许注册', '0.7', null, 1, null, 'featureEngine');
INSERT INTO CW_GE_SYS_SETTING (ID, LABEL, REMARK, VALUE, DATA_TYPE, IS_SHOW, SORT, GROUP_ID) VALUES ('SAVE_STRANGER_RECORD', 'SAVE_STRANGER_RECORD', '是否保存陌生人识别记录，1为保存，0为不保存', '1', NULL, 1, NULL, 'thirdparty');
INSERT INTO CW_GE_SYS_SETTING (ID, LABEL, REMARK, VALUE, DATA_TYPE, IS_SHOW, SORT, GROUP_ID) VALUES ('UploadUrl', 'UploadUrl', '图片访问路径(必须以/结尾)', 'http://127.0.0.1:8082/upload/', NULL, 1, NULL, 'thirdparty');
INSERT INTO CW_GE_SYS_SETTING (ID, LABEL, REMARK, VALUE, DATA_TYPE, IS_SHOW, SORT, GROUP_ID) VALUES ('BaseUrl', 'BaseUrl', '项目访问地址(必须以/结尾)', 'http://127.0.0.1:8082/', NULL, 1, NULL, 'thirdparty');
INSERT INTO CW_GE_SYS_SETTING (ID, LABEL, REMARK, VALUE, DATA_TYPE, IS_SHOW, SORT, GROUP_ID) VALUES ('CUSTOMER_CALLBACK_TYPE', 'CUSTOMER_CALLBACK_TYPE', NULL, 'json', NULL, 1, NULL, 'thirdparty');
INSERT INTO CW_GE_SYS_SETTING (ID, LABEL, REMARK, VALUE, DATA_TYPE, IS_SHOW, SORT, GROUP_ID) VALUES ('CUSTOMER_NAME', 'CUSTOMER_NAME', NULL, 'CLOUDWALK', NULL, 1, NULL, 'thirdparty');
INSERT INTO CW_GE_SYS_SETTING (ID, LABEL, REMARK, VALUE, DATA_TYPE, IS_SHOW, SORT, GROUP_ID) VALUES ('CUSTOMER_CALLBACK_URL', 'CUSTOMER_CALLBACK_URL', NULL, NULL, NULL, 1, NULL, 'thirdparty');
INSERT INTO CW_GE_SYS_SETTING (ID, LABEL, REMARK, VALUE, DATA_TYPE, IS_SHOW, SORT, GROUP_ID) VALUES ('CUSTOMER_CALLBACK_ADDRESS', 'CUSTOMER_CALLBACK_ADDRESS', 'socket方式推送识别（例：127.0.0.1:9201）', NULL, NULL, 1, NULL, 'thirdparty');
INSERT INTO CW_GE_SYS_SETTING (ID, LABEL, REMARK, VALUE, DATA_TYPE, IS_SHOW, SORT, GROUP_ID) VALUES ('CUSTOMER_USERTYPES', 'CUSTOMER_USERTYPES', '回调接口人员类型（包含）', '123', NULL, 1, NULL, 'thirdparty');
INSERT INTO CW_GE_SYS_SETTING (ID, LABEL, REMARK, VALUE, DATA_TYPE, IS_SHOW, SORT, GROUP_ID) VALUES ('GENDER0', 'GENDER0', '性别（0：女）', '0', NULL, NULL, NULL, 'thirdparty');
INSERT INTO CW_GE_SYS_SETTING (ID, LABEL, REMARK, VALUE, DATA_TYPE, IS_SHOW, SORT, GROUP_ID) VALUES ('GENDER1', 'GENDER1', '性别（1：男）', '1', NULL, NULL, NULL, 'thirdparty');
INSERT INTO CW_GE_SYS_SETTING (ID, LABEL, REMARK, VALUE, DATA_TYPE, IS_SHOW, SORT, GROUP_ID) VALUES ('ENABLE_ORG_RANK', 'ENABLE_ORG_RANK', '是否启用机构级别(1:启用，0:不启用)', '0', NULL, 1, NULL, 'thirdparty');
INSERT INTO CW_GE_SYS_SETTING (ID, LABEL, REMARK, VALUE, DATA_TYPE, IS_SHOW, SORT, GROUP_ID) VALUES ('POSITIVE_DOWNLOAD_IMG', 'POSITIVE_DOWNLOAD_IMG', '是否开启积极下载现场图片(0/1)', '1', NULL, 1, NULL, 'thirdparty');
INSERT INTO CW_GE_SYS_SETTING (ID, LABEL, REMARK, VALUE, DATA_TYPE, IS_SHOW, SORT, GROUP_ID) VALUES ('ENGINE_DEBUG_LOG_ENABLED', 'ENGINE_DEBUG_LOG_ENABLED', '是否开启访问引擎日志(1:启用，0:不启用)', '0', NULL, 1, NULL, 'featureEngine');
INSERT INTO CW_GE_SYS_SETTING (ID, LABEL, REMARK, VALUE, DATA_TYPE, IS_SHOW, SORT, GROUP_ID) VALUES ('RECOGNITION_SCORE', 'RECOGNITION_SCORE', '识别分阈值，大于等于该值为VIP', '0.7', NULL, 1, NULL, 'featureEngine');
INSERT INTO CW_GE_SYS_SETTING (ID, LABEL, REMARK, VALUE, DATA_TYPE, IS_SHOW, SORT, GROUP_ID) VALUES ('IMPORT_FILE_ENCODING', 'IMPORT_FILE_ENCODING', '批量导入文件编码', 'gbk', NULL, 1, NULL, NULL);

INSERT INTO CW_GE_SYS_SETTING (ID, LABEL, REMARK, VALUE, DATA_TYPE, IS_SHOW, SORT, GROUP_ID) VALUES ('IDENTITY_INTERVAL', 'IDENTITY_INTERVAL', '过滤单位时间范围内的人员', '10', NULL, 1, NULL, 'thirdparty');
INSERT INTO CW_GE_SYS_SETTING (ID, LABEL, REMARK, VALUE, DATA_TYPE, IS_SHOW, SORT, GROUP_ID) VALUES ('RECEPTION_IDLE_INTERVAL', 'RECEPTION_IDLE_INTERVAL', '接待过滤间隔(分钟)', '30', NULL, 1, NULL, 'thirdparty');

INSERT INTO CW_GE_SYS_SETTING_GROUP (GROUP_ID, GROUP_NAME) VALUES ('sys', '系统');
INSERT INTO CW_GE_SYS_SETTING_GROUP (GROUP_ID, GROUP_NAME) VALUES ('thirdparty', '第三方');
INSERT INTO CW_GE_SYS_SETTING_GROUP (GROUP_ID, GROUP_NAME) VALUES ('featureEngine', '引擎服务设置');

INSERT INTO CW_GE_USER (ID, WORK_CODE, LOGIN_NAME, NAME, PASSWORD, STATUS, ORG_CODE, DEPT_CODE, SHARED, POSITION, USER_LEVEL, GENDER, USER_TYPE, ID_CARD, BIRTHDAY, EMAIL, PICTURE_NAME, CUSTOMER_PIC_NAME, TELEPHONE, PROMPT_TYPE, PROMPT_CONTENT, CARD_ID, REMARK, SEND_SMS, OPEN_DOOR, BUILDING_CODE, HOUSE_CODE, CREATE_USERID, RECOGNITION_TYPE, RECOGNITION_OPTIMIZE, CREATE_TIME, LAST_UPDATE_USERID, LAST_UPDATE_TIME, DELETE_USERID, DELETE_TIME, FAVOURITE, C1, C2, C3, C4, C5, C6, C7, C8, C9, C10, C11, C12, C13, C14, C15, C16, C17, C18, C19, C20, C21, C22, C23, C24, C25, C26, C27, C28, C29, C30) VALUES ('1', null, 'cloudwalk', '云从科技', '799b3912044762ef17c8a910335f5c71005672f26368b068', 1, null, null, 0, null, null, 1, null, null, null, null, null, null, null, null, null, null, null, null, null, null, null, null, 1, 0, null, null, null, null, null, null, null, 1, null, null, null, null, null, null, null, null, null, null, null, null, null, null, null, null, null, null, null, null, null, null, null, null, null, null, null, null);
INSERT INTO CW_GE_USER (ID, WORK_CODE, LOGIN_NAME, NAME, PASSWORD, STATUS, ORG_CODE, DEPT_CODE, SHARED, POSITION, USER_LEVEL, GENDER, USER_TYPE, ID_CARD, BIRTHDAY, EMAIL, PICTURE_NAME, CUSTOMER_PIC_NAME, TELEPHONE, PROMPT_TYPE, PROMPT_CONTENT, CARD_ID, REMARK, SEND_SMS, OPEN_DOOR, BUILDING_CODE, HOUSE_CODE, CREATE_USERID, RECOGNITION_TYPE, RECOGNITION_OPTIMIZE, CREATE_TIME, LAST_UPDATE_USERID, LAST_UPDATE_TIME, DELETE_USERID, DELETE_TIME, FAVOURITE, C1, C2, C3, C4, C5, C6, C7, C8, C9, C10, C11, C12, C13, C14, C15, C16, C17, C18, C19, C20, C21, C22, C23, C24, C25, C26, C27, C28, C29, C30) VALUES ('2', null, 'admin', '管理员', '799b3912044762ef17c8a910335f5c71005672f26368b068', 1, null, null, 0, null, null, 1, null, null, null, null, null, null, null, null, null, null, null, null, null, null, null, null, 1, 0, null, null, null, null, null, null, null, 1, null, null, null, null, null, null, null, null, null, null, null, null, null, null, null, null, null, null, null, null, null, null, null, null, null, null, null, null);

INSERT INTO CW_GE_USER_ROLE (ROLE_ID, USER_ID) VALUES ('3', '1');
INSERT INTO CW_GE_USER_ROLE (ROLE_ID, USER_ID) VALUES ('3', '2');

INSERT INTO CW_GE_AUTHORIZATION (ID, CNAME, ENAME, STATUS, CREATE_USERID, CREATE_TIME, REMARK, LAST_UPDATE_USERID, LAST_UPDATE_TIME, DELETE_USERID, DELETE_TIME) VALUES ('1', '普通用户', 'normal', 1, null, null, null, null, null, null, null);
INSERT INTO CW_GE_AUTHORIZATION (ID, CNAME, ENAME, STATUS, CREATE_USERID, CREATE_TIME, REMARK, LAST_UPDATE_USERID, LAST_UPDATE_TIME, DELETE_USERID, DELETE_TIME) VALUES ('3', '系统管理员', 'superadmin', 1, null, null, null, null, null, null, null);

INSERT INTO CW_RPT_PARAMETERS (PARAMETER_ID, TEMPLETE_ID, PARAMETER_NAME, SORT, SQL_FIELD, SQL_FIELD_TYPE, PARAMETER_DESC, PARAMETER_TYPE) VALUES ('c2587e4db931u195877563e60058e9ec', 'resultStatisticsListReport_OneOrg', 'kuanggong', 16, 'kuanggong', null, '旷工次数', 1);
INSERT INTO CW_RPT_PARAMETERS (PARAMETER_ID, TEMPLETE_ID, PARAMETER_NAME, SORT, SQL_FIELD, SQL_FIELD_TYPE, PARAMETER_DESC, PARAMETER_TYPE) VALUES ('c4c7618e785b064eag30b17f82b88c74', 'resultStatisticsListReport_OneOrg', 'signNormalState', 11, 'signNormalState', null, '正常签到的状态值', 1);
INSERT INTO CW_RPT_PARAMETERS (PARAMETER_ID, TEMPLETE_ID, PARAMETER_NAME, SORT, SQL_FIELD, SQL_FIELD_TYPE, PARAMETER_DESC, PARAMETER_TYPE) VALUES ('cd6b90350552405ehg20c8fbd90419ed', 'resultStatisticsListReport_OneOrg', 'userIds', 3, 'userIds', null, '用户集合', 1);
INSERT INTO CW_RPT_PARAMETERS (PARAMETER_ID, TEMPLETE_ID, PARAMETER_NAME, SORT, SQL_FIELD, SQL_FIELD_TYPE, PARAMETER_DESC, PARAMETER_TYPE) VALUES ('d4c7618ef85b464egg30b17f82b88c73', 'resultStatisticsListReport_OneOrg', 'signStateName', 9, 'signStateName', null, '签到状态字典标签名', 1);
INSERT INTO CW_RPT_PARAMETERS (PARAMETER_ID, TEMPLETE_ID, PARAMETER_NAME, SORT, SQL_FIELD, SQL_FIELD_TYPE, PARAMETER_DESC, PARAMETER_TYPE) VALUES ('db07a6fd01a0365a95ef00374fd8e5e1', 'resultStatisticsListReport_OneOrg', 'deptCodesName', 8, 'deptCodesName', null, '机构部门', 1);
INSERT INTO CW_RPT_PARAMETERS (PARAMETER_ID, TEMPLETE_ID, PARAMETER_NAME, SORT, SQL_FIELD, SQL_FIELD_TYPE, PARAMETER_DESC, PARAMETER_TYPE) VALUES ('ffddd23701032cc88bb0060ed471cd64', 'resultStatisticsListReport_OneOrg', 'signDateEnd', 6, 'signDateEnd', null, '签到日期至', 2);
INSERT INTO CW_RPT_PARAMETERS (PARAMETER_ID, TEMPLETE_ID, PARAMETER_NAME, SORT, SQL_FIELD, SQL_FIELD_TYPE, PARAMETER_DESC, PARAMETER_TYPE) VALUES ('g4cbfbe55f9419fead8d1e4aed1405ef', 'resultStatisticsListReport_OneOrg', 'signState', 4, 'signState', null, '签到状态', 1);
INSERT INTO CW_RPT_PARAMETERS (PARAMETER_ID, TEMPLETE_ID, PARAMETER_NAME, SORT, SQL_FIELD, SQL_FIELD_TYPE, PARAMETER_DESC, PARAMETER_TYPE) VALUES ('c2587e4db931o199877563er60058e9ec', 'resultStatisticsListReport_OneOrg', 'deptName', 21, 'deptName', null, '部门名称', 1);
INSERT INTO CW_RPT_PARAMETERS (PARAMETER_ID, TEMPLETE_ID, PARAMETER_NAME, SORT, SQL_FIELD, SQL_FIELD_TYPE, PARAMETER_DESC, PARAMETER_TYPE) VALUES ('1_cd6b0035055240debe20c8fbd90419ed', 'StrangerRecordReport', 'signTime', 1, 'signTime', null, '识别时间', 1);
INSERT INTO CW_RPT_PARAMETERS (PARAMETER_ID, TEMPLETE_ID, PARAMETER_NAME, SORT, SQL_FIELD, SQL_FIELD_TYPE, PARAMETER_DESC, PARAMETER_TYPE) VALUES ('1_d4c7718e785b464eb330b17f82b88c73', 'StrangerRecordReport', 'path', 2, 'path', null, '现场图片', 1);
INSERT INTO CW_RPT_PARAMETERS (PARAMETER_ID, TEMPLETE_ID, PARAMETER_NAME, SORT, SQL_FIELD, SQL_FIELD_TYPE, PARAMETER_DESC, PARAMETER_TYPE) VALUES ('1_db07b6fd01a04b5a95ef00374fd8e5e1', 'StrangerRecordReport', 'faceType', 3, 'faceType', null, '识别类型', 1);
INSERT INTO CW_RPT_PARAMETERS (PARAMETER_ID, TEMPLETE_ID, PARAMETER_NAME, SORT, SQL_FIELD, SQL_FIELD_TYPE, PARAMETER_DESC, PARAMETER_TYPE) VALUES ('1_ffdde23701034cc88bb0060ed471cd64', 'StrangerRecordReport', 'devicType', 4, 'devicType', null, '终端类型', 1);
INSERT INTO CW_RPT_PARAMETERS (PARAMETER_ID, TEMPLETE_ID, PARAMETER_NAME, SORT, SQL_FIELD, SQL_FIELD_TYPE, PARAMETER_DESC, PARAMETER_TYPE) VALUES ('1_g4cbgbe55f9449fead8d1e4aed1405ef', 'StrangerRecordReport', 'position', 5, 'position', null, '终端名称', 1);
INSERT INTO CW_RPT_PARAMETERS (PARAMETER_ID, TEMPLETE_ID, PARAMETER_NAME, SORT, SQL_FIELD, SQL_FIELD_TYPE, PARAMETER_DESC, PARAMETER_TYPE) VALUES ('12628a84a1051qwe9503cdf058f747d8', 'AttendanceDetailReport', 'signDateStart', 5, 'signDateStart', null, '签到日期从', 2);
INSERT INTO CW_RPT_PARAMETERS (PARAMETER_ID, TEMPLETE_ID, PARAMETER_NAME, SORT, SQL_FIELD, SQL_FIELD_TYPE, PARAMETER_DESC, PARAMETER_TYPE) VALUES ('141df6da0a1525rew967d9b32762794b', 'AttendanceDetailReport', 'deptCodes', 2, 'deptCodes', null, '部门集合', 1);
INSERT INTO CW_RPT_PARAMETERS (PARAMETER_ID, TEMPLETE_ID, PARAMETER_NAME, SORT, SQL_FIELD, SQL_FIELD_TYPE, PARAMETER_DESC, PARAMETER_TYPE) VALUES ('27daaf2455153c12rfv9b1af7cfc5f87', 'AttendanceDetailReport', 'orgCodes', 1, 'orgCodes', null, '组织机构集合', 1);
INSERT INTO CW_RPT_PARAMETERS (PARAMETER_ID, TEMPLETE_ID, PARAMETER_NAME, SORT, SQL_FIELD, SQL_FIELD_TYPE, PARAMETER_DESC, PARAMETER_TYPE) VALUES ('4634de0cbb3erdx3jhefe87cebc6765b', 'AttendanceDetailReport', 'userIdsName', 10, 'userIdsName', null, '用户姓名', 1);
INSERT INTO CW_RPT_PARAMETERS (PARAMETER_ID, TEMPLETE_ID, PARAMETER_NAME, SORT, SQL_FIELD, SQL_FIELD_TYPE, PARAMETER_DESC, PARAMETER_TYPE) VALUES ('c2587e4db931aokm877563e60058e9ec', 'AttendanceDetailReport', 'normalCount', 17, 'normalCount', null, '成功签到', 1);
INSERT INTO CW_RPT_PARAMETERS (PARAMETER_ID, TEMPLETE_ID, PARAMETER_NAME, SORT, SQL_FIELD, SQL_FIELD_TYPE, PARAMETER_DESC, PARAMETER_TYPE) VALUES ('c2587e4db931e1ijg77563e60058e9ec', 'AttendanceDetailReport', 'lateCount', 14, 'lateCount', null, '迟到次数', 2);
INSERT INTO CW_RPT_PARAMETERS (PARAMETER_ID, TEMPLETE_ID, PARAMETER_NAME, SORT, SQL_FIELD, SQL_FIELD_TYPE, PARAMETER_DESC, PARAMETER_TYPE) VALUES ('c2587e4db931i199oyd563e60058e9ec', 'AttendanceDetailReport', 'qingjia', 18, 'qingjia', null, '请假次数', 1);
INSERT INTO CW_RPT_PARAMETERS (PARAMETER_ID, TEMPLETE_ID, PARAMETER_NAME, SORT, SQL_FIELD, SQL_FIELD_TYPE, PARAMETER_DESC, PARAMETER_TYPE) VALUES ('c2587e4db931j1918mhf63e60058e9ec', 'AttendanceDetailReport', 'userName', 12, 'userName', null, '员工名称', 1);
INSERT INTO CW_RPT_PARAMETERS (PARAMETER_ID, TEMPLETE_ID, PARAMETER_NAME, SORT, SQL_FIELD, SQL_FIELD_TYPE, PARAMETER_DESC, PARAMETER_TYPE) VALUES ('c2587e4db931o199edf63er60058e9ec', 'AttendanceDetailReport', 'deptName', 21, 'deptName', null, '部门名称', 1);
INSERT INTO CW_RPT_PARAMETERS (PARAMETER_ID, TEMPLETE_ID, PARAMETER_NAME, SORT, SQL_FIELD, SQL_FIELD_TYPE, PARAMETER_DESC, PARAMETER_TYPE) VALUES ('c2587e4db931o19yhr7rtfe60058e9ec', 'AttendanceDetailReport', 'signoutState', 19, 'signoutState', null, '外出次数', 1);
INSERT INTO CW_RPT_PARAMETERS (PARAMETER_ID, TEMPLETE_ID, PARAMETER_NAME, SORT, SQL_FIELD, SQL_FIELD_TYPE, PARAMETER_DESC, PARAMETER_TYPE) VALUES ('c2587e4db931p1mjd775okh60058e9ec', 'AttendanceDetailReport', 'chuchai', 20, 'chuchai', null, '出差次数', 1);
INSERT INTO CW_RPT_PARAMETERS (PARAMETER_ID, TEMPLETE_ID, PARAMETER_NAME, SORT, SQL_FIELD, SQL_FIELD_TYPE, PARAMETER_DESC, PARAMETER_TYPE) VALUES ('c2587e4db931r19otb7563e60058e9ec', 'AttendanceDetailReport', 'leaveearlyCount', 15, 'leaveearlyCount', null, '早退次数', 2);
INSERT INTO CW_RPT_PARAMETERS (PARAMETER_ID, TEMPLETE_ID, PARAMETER_NAME, SORT, SQL_FIELD, SQL_FIELD_TYPE, PARAMETER_DESC, PARAMETER_TYPE) VALUES ('c2587e4db931t1sdh77563e60058e9ec', 'AttendanceDetailReport', 'nosignCount', 13, 'nosignCount', null, '未签到数', 2);
INSERT INTO CW_RPT_PARAMETERS (PARAMETER_ID, TEMPLETE_ID, PARAMETER_NAME, SORT, SQL_FIELD, SQL_FIELD_TYPE, PARAMETER_DESC, PARAMETER_TYPE) VALUES ('c2587e4db931u1pok77563e60058e9ec', 'AttendanceDetailReport', 'kuanggong', 16, 'kuanggong', null, '旷工次数', 1);
INSERT INTO CW_RPT_PARAMETERS (PARAMETER_ID, TEMPLETE_ID, PARAMETER_NAME, SORT, SQL_FIELD, SQL_FIELD_TYPE, PARAMETER_DESC, PARAMETER_TYPE) VALUES ('c2587e4db93rgh90fd7563e60058e9ec', 'AttendanceDetailReport', 'orderBy', 7, 'orderBy', null, '排序', 1);
INSERT INTO CW_RPT_PARAMETERS (PARAMETER_ID, TEMPLETE_ID, PARAMETER_NAME, SORT, SQL_FIELD, SQL_FIELD_TYPE, PARAMETER_DESC, PARAMETER_TYPE) VALUES ('c4c7618e7cfr064eag30b17f82b88c74', 'AttendanceDetailReport', 'signNormalState', 11, 'signNormalState', null, '正常签到的状态值', 1);
INSERT INTO CW_RPT_PARAMETERS (PARAMETER_ID, TEMPLETE_ID, PARAMETER_NAME, SORT, SQL_FIELD, SQL_FIELD_TYPE, PARAMETER_DESC, PARAMETER_TYPE) VALUES ('cd6b903y05tfj05ehg20c8fbd90419ed', 'AttendanceDetailReport', 'userIds', 3, 'userIds', null, '用户集合', 1);
INSERT INTO CW_RPT_PARAMETERS (PARAMETER_ID, TEMPLETE_ID, PARAMETER_NAME, SORT, SQL_FIELD, SQL_FIELD_TYPE, PARAMETER_DESC, PARAMETER_TYPE) VALUES ('d4c7ql8ef85b464egg30b17f82b88c73', 'AttendanceDetailReport', 'signStateName', 9, 'signStateName', null, '签到状态字典标签名', 1);
INSERT INTO CW_RPT_PARAMETERS (PARAMETER_ID, TEMPLETE_ID, PARAMETER_NAME, SORT, SQL_FIELD, SQL_FIELD_TYPE, PARAMETER_DESC, PARAMETER_TYPE) VALUES ('db07a6fd01a0u65a95ef00374fd8e5e1', 'AttendanceDetailReport', 'deptCodesName', 8, 'deptCodesName', null, '机构部门', 1);
INSERT INTO CW_RPT_PARAMETERS (PARAMETER_ID, TEMPLETE_ID, PARAMETER_NAME, SORT, SQL_FIELD, SQL_FIELD_TYPE, PARAMETER_DESC, PARAMETER_TYPE) VALUES ('ffddd2370urh2cc88bb0060ed471cd64', 'AttendanceDetailReport', 'signDateEnd', 6, 'signDateEnd', null, '签到日期至', 2);
INSERT INTO CW_RPT_PARAMETERS (PARAMETER_ID, TEMPLETE_ID, PARAMETER_NAME, SORT, SQL_FIELD, SQL_FIELD_TYPE, PARAMETER_DESC, PARAMETER_TYPE) VALUES ('g4cbfbyy5f9419fead8d1e4aed1405ef', 'AttendanceDetailReport', 'signState', 4, 'signState', null, '签到状态', 1);
INSERT INTO CW_RPT_PARAMETERS (PARAMETER_ID, TEMPLETE_ID, PARAMETER_NAME, SORT, SQL_FIELD, SQL_FIELD_TYPE, PARAMETER_DESC, PARAMETER_TYPE) VALUES ('12628a84a10543329503cdf058f747d8', 'AttendanceDetailReport_OneDep', 'signDateStart', 5, 'signDateStart', null, '签到日期从', 2);
INSERT INTO CW_RPT_PARAMETERS (PARAMETER_ID, TEMPLETE_ID, PARAMETER_NAME, SORT, SQL_FIELD, SQL_FIELD_TYPE, PARAMETER_DESC, PARAMETER_TYPE) VALUES ('141df6da0a1545849967d9b32762794b', 'AttendanceDetailReport_OneDep', 'deptCodes', 2, 'deptCodes', null, '部门集合', 1);
INSERT INTO CW_RPT_PARAMETERS (PARAMETER_ID, TEMPLETE_ID, PARAMETER_NAME, SORT, SQL_FIELD, SQL_FIELD_TYPE, PARAMETER_DESC, PARAMETER_TYPE) VALUES ('27daaf2455154c128349b1af7cfc5f87', 'AttendanceDetailReport_OneDep', 'orgCodes', 1, 'orgCodes', null, '组织机构集合', 1);
INSERT INTO CW_RPT_PARAMETERS (PARAMETER_ID, TEMPLETE_ID, PARAMETER_NAME, SORT, SQL_FIELD, SQL_FIELD_TYPE, PARAMETER_DESC, PARAMETER_TYPE) VALUES ('4634de0cbb3e4443acefe87cebc6765b', 'AttendanceDetailReport_OneDep', 'userIdsName', 10, 'userIdsName', null, '用户姓名', 1);
INSERT INTO CW_RPT_PARAMETERS (PARAMETER_ID, TEMPLETE_ID, PARAMETER_NAME, SORT, SQL_FIELD, SQL_FIELD_TYPE, PARAMETER_DESC, PARAMETER_TYPE) VALUES ('c2587e4db9314190877563e60058e9ec', 'AttendanceDetailReport_OneDep', 'orderBy', 7, 'orderBy', null, '排序', 1);
INSERT INTO CW_RPT_PARAMETERS (PARAMETER_ID, TEMPLETE_ID, PARAMETER_NAME, SORT, SQL_FIELD, SQL_FIELD_TYPE, PARAMETER_DESC, PARAMETER_TYPE) VALUES ('c2587e4db9314191877563e60058e9ec', 'AttendanceDetailReport_OneDep', 'userName', 12, 'userName', null, '员工名称', 1);
INSERT INTO CW_RPT_PARAMETERS (PARAMETER_ID, TEMPLETE_ID, PARAMETER_NAME, SORT, SQL_FIELD, SQL_FIELD_TYPE, PARAMETER_DESC, PARAMETER_TYPE) VALUES ('c2587e4db9314192877563e60058e9ec', 'AttendanceDetailReport_OneDep', 'signDate', 13, 'signDate', null, '考勤日期', 2);
INSERT INTO CW_RPT_PARAMETERS (PARAMETER_ID, TEMPLETE_ID, PARAMETER_NAME, SORT, SQL_FIELD, SQL_FIELD_TYPE, PARAMETER_DESC, PARAMETER_TYPE) VALUES ('c2587e4db9314193877563e60058e9ec', 'AttendanceDetailReport_OneDep', 'signinTime', 14, 'signinTime', null, '上班时间', 2);
INSERT INTO CW_RPT_PARAMETERS (PARAMETER_ID, TEMPLETE_ID, PARAMETER_NAME, SORT, SQL_FIELD, SQL_FIELD_TYPE, PARAMETER_DESC, PARAMETER_TYPE) VALUES ('c2587e4db9314194877563e60058e9ec', 'AttendanceDetailReport_OneDep', 'signoutTime', 15, 'signoutTime', null, '下班时间', 2);
INSERT INTO CW_RPT_PARAMETERS (PARAMETER_ID, TEMPLETE_ID, PARAMETER_NAME, SORT, SQL_FIELD, SQL_FIELD_TYPE, PARAMETER_DESC, PARAMETER_TYPE) VALUES ('c2587e4db9314195877563e60058e9ec', 'AttendanceDetailReport_OneDep', 'signinState', 16, 'signinState', null, '考勤状态', 1);
INSERT INTO CW_RPT_PARAMETERS (PARAMETER_ID, TEMPLETE_ID, PARAMETER_NAME, SORT, SQL_FIELD, SQL_FIELD_TYPE, PARAMETER_DESC, PARAMETER_TYPE) VALUES ('c2587e4db9314199877563e60058e9ec', 'AttendanceDetailReport_OneDep', 'signoutState', 17, 'signoutState', null, '考勤状态', 1);
INSERT INTO CW_RPT_PARAMETERS (PARAMETER_ID, TEMPLETE_ID, PARAMETER_NAME, SORT, SQL_FIELD, SQL_FIELD_TYPE, PARAMETER_DESC, PARAMETER_TYPE) VALUES ('c4c7618e785b464eb330b17f82b88c74', 'AttendanceDetailReport_OneDep', 'signNormalState', 11, 'signNormalState', null, '正常签到的状态值', 1);
INSERT INTO CW_RPT_PARAMETERS (PARAMETER_ID, TEMPLETE_ID, PARAMETER_NAME, SORT, SQL_FIELD, SQL_FIELD_TYPE, PARAMETER_DESC, PARAMETER_TYPE) VALUES ('cd6b9035055240debe20c8fbd90419ed', 'AttendanceDetailReport_OneDep', 'userIds', 3, 'userIds', null, '用户集合', 1);
INSERT INTO CW_RPT_PARAMETERS (PARAMETER_ID, TEMPLETE_ID, PARAMETER_NAME, SORT, SQL_FIELD, SQL_FIELD_TYPE, PARAMETER_DESC, PARAMETER_TYPE) VALUES ('d4c7618e785b464eb330b17f82b88c73', 'AttendanceDetailReport_OneDep', 'signStateName', 9, 'signStateName', null, '签到状态字典标签名', 1);
INSERT INTO CW_RPT_PARAMETERS (PARAMETER_ID, TEMPLETE_ID, PARAMETER_NAME, SORT, SQL_FIELD, SQL_FIELD_TYPE, PARAMETER_DESC, PARAMETER_TYPE) VALUES ('db07a6fd01a04b5a95ef00374fd8e5e1', 'AttendanceDetailReport_OneDep', 'deptCodesName', 8, 'deptCodesName', null, '机构部门', 1);
INSERT INTO CW_RPT_PARAMETERS (PARAMETER_ID, TEMPLETE_ID, PARAMETER_NAME, SORT, SQL_FIELD, SQL_FIELD_TYPE, PARAMETER_DESC, PARAMETER_TYPE) VALUES ('ffddd23701034cc88bb0060ed471cd64', 'AttendanceDetailReport_OneDep', 'signDateEnd', 6, 'signDateEnd', null, '签到日期至', 2);
INSERT INTO CW_RPT_PARAMETERS (PARAMETER_ID, TEMPLETE_ID, PARAMETER_NAME, SORT, SQL_FIELD, SQL_FIELD_TYPE, PARAMETER_DESC, PARAMETER_TYPE) VALUES ('g4cbfbe55f9449fead8d1e4aed1405ef', 'AttendanceDetailReport_OneDep', 'signState', 4, 'signState', null, '签到状态', 1);
INSERT INTO CW_RPT_PARAMETERS (PARAMETER_ID, TEMPLETE_ID, PARAMETER_NAME, SORT, SQL_FIELD, SQL_FIELD_TYPE, PARAMETER_DESC, PARAMETER_TYPE) VALUES ('12628a84a10943329503cdf058f747d8', 'AttendanceDetailReport_OneOrg', 'signDateStart', 5, 'signDateStart', null, '签到日期从', 2);
INSERT INTO CW_RPT_PARAMETERS (PARAMETER_ID, TEMPLETE_ID, PARAMETER_NAME, SORT, SQL_FIELD, SQL_FIELD_TYPE, PARAMETER_DESC, PARAMETER_TYPE) VALUES ('12628a84a10943987503cdf058f747d8', 'AttendanceDetailReport_OneOrg', 'signDateStart', 5, 'signDateStart', null, '签到日期从', 2);
INSERT INTO CW_RPT_PARAMETERS (PARAMETER_ID, TEMPLETE_ID, PARAMETER_NAME, SORT, SQL_FIELD, SQL_FIELD_TYPE, PARAMETER_DESC, PARAMETER_TYPE) VALUES ('141df6da0a1945849967d9b32762794b', 'AttendanceDetailReport_OneOrg', 'deptCodes', 2, 'deptCodes', null, '部门集合', 1);
INSERT INTO CW_RPT_PARAMETERS (PARAMETER_ID, TEMPLETE_ID, PARAMETER_NAME, SORT, SQL_FIELD, SQL_FIELD_TYPE, PARAMETER_DESC, PARAMETER_TYPE) VALUES ('27daaf2455164c128349b1af7cfc5f87', 'AttendanceDetailReport_OneOrg', 'orgCodes', 1, 'orgCodes', null, '组织机构集合', 1);
INSERT INTO CW_RPT_PARAMETERS (PARAMETER_ID, TEMPLETE_ID, PARAMETER_NAME, SORT, SQL_FIELD, SQL_FIELD_TYPE, PARAMETER_DESC, PARAMETER_TYPE) VALUES ('4634de0cbb384443acefe87cebc6765b', 'AttendanceDetailReport_OneOrg', 'userIdsName', 10, 'userIdsName', null, '用户姓名', 1);
INSERT INTO CW_RPT_PARAMETERS (PARAMETER_ID, TEMPLETE_ID, PARAMETER_NAME, SORT, SQL_FIELD, SQL_FIELD_TYPE, PARAMETER_DESC, PARAMETER_TYPE) VALUES ('c2587e4db9314291877563e60058e9ec', 'AttendanceDetailReport_OneOrg', 'userName', 12, 'userName', null, '员工名称', 1);
INSERT INTO CW_RPT_PARAMETERS (PARAMETER_ID, TEMPLETE_ID, PARAMETER_NAME, SORT, SQL_FIELD, SQL_FIELD_TYPE, PARAMETER_DESC, PARAMETER_TYPE) VALUES ('c2587e4db9314392877563e60058e9ec', 'AttendanceDetailReport_OneOrg', 'signDate', 13, 'signDate', null, '考勤日期', 2);
INSERT INTO CW_RPT_PARAMETERS (PARAMETER_ID, TEMPLETE_ID, PARAMETER_NAME, SORT, SQL_FIELD, SQL_FIELD_TYPE, PARAMETER_DESC, PARAMETER_TYPE) VALUES ('c2587e4db9314493877563e60058e9ec', 'AttendanceDetailReport_OneOrg', 'signinTime', 14, 'signinTime', null, '上班时间', 2);
INSERT INTO CW_RPT_PARAMETERS (PARAMETER_ID, TEMPLETE_ID, PARAMETER_NAME, SORT, SQL_FIELD, SQL_FIELD_TYPE, PARAMETER_DESC, PARAMETER_TYPE) VALUES ('c2587e4db9314594877563e60058e9ec', 'AttendanceDetailReport_OneOrg', 'signoutTime', 15, 'signoutTime', null, '下班时间', 2);
INSERT INTO CW_RPT_PARAMETERS (PARAMETER_ID, TEMPLETE_ID, PARAMETER_NAME, SORT, SQL_FIELD, SQL_FIELD_TYPE, PARAMETER_DESC, PARAMETER_TYPE) VALUES ('c2587e4db9314695877563e60058e9ec', 'AttendanceDetailReport_OneOrg', 'signinState', 16, 'signinState', null, '考勤状态', 1);
INSERT INTO CW_RPT_PARAMETERS (PARAMETER_ID, TEMPLETE_ID, PARAMETER_NAME, SORT, SQL_FIELD, SQL_FIELD_TYPE, PARAMETER_DESC, PARAMETER_TYPE) VALUES ('c2587e4db9314899877563e60058e9ec', 'AttendanceDetailReport_OneOrg', 'signoutState', 17, 'signoutState', null, '考勤状态', 1);
INSERT INTO CW_RPT_PARAMETERS (PARAMETER_ID, TEMPLETE_ID, PARAMETER_NAME, SORT, SQL_FIELD, SQL_FIELD_TYPE, PARAMETER_DESC, PARAMETER_TYPE) VALUES ('c2587e4db9334190877563e60058e9ec', 'AttendanceDetailReport_OneOrg', 'orderBy', 7, 'orderBy', null, '排序', 1);
INSERT INTO CW_RPT_PARAMETERS (PARAMETER_ID, TEMPLETE_ID, PARAMETER_NAME, SORT, SQL_FIELD, SQL_FIELD_TYPE, PARAMETER_DESC, PARAMETER_TYPE) VALUES ('c4c7618e785b494eb330b17f82b88c74', 'AttendanceDetailReport_OneOrg', 'signNormalState', 11, 'signNormalState', null, '正常签到的状态值', 1);
INSERT INTO CW_RPT_PARAMETERS (PARAMETER_ID, TEMPLETE_ID, PARAMETER_NAME, SORT, SQL_FIELD, SQL_FIELD_TYPE, PARAMETER_DESC, PARAMETER_TYPE) VALUES ('cd6b9035055250debe20c8fbd90419ed', 'AttendanceDetailReport_OneOrg', 'userIds', 3, 'userIds', null, '用户集合', 1);
INSERT INTO CW_RPT_PARAMETERS (PARAMETER_ID, TEMPLETE_ID, PARAMETER_NAME, SORT, SQL_FIELD, SQL_FIELD_TYPE, PARAMETER_DESC, PARAMETER_TYPE) VALUES ('d4c7618e785b664eb330b17f82b88c73', 'AttendanceDetailReport_OneOrg', 'signStateName', 9, 'signStateName', null, '签到状态字典标签名', 1);
INSERT INTO CW_RPT_PARAMETERS (PARAMETER_ID, TEMPLETE_ID, PARAMETER_NAME, SORT, SQL_FIELD, SQL_FIELD_TYPE, PARAMETER_DESC, PARAMETER_TYPE) VALUES ('db07a6fd01a07b5a95ef00374fd8e5e1', 'AttendanceDetailReport_OneOrg', 'deptCodesName', 8, 'deptCodesName', null, '机构部门', 1);
INSERT INTO CW_RPT_PARAMETERS (PARAMETER_ID, TEMPLETE_ID, PARAMETER_NAME, SORT, SQL_FIELD, SQL_FIELD_TYPE, PARAMETER_DESC, PARAMETER_TYPE) VALUES ('ffddd23701039cc88bb0060ed471cd64', 'AttendanceDetailReport_OneOrg', 'signDateEnd', 6, 'signDateEnd', null, '签到日期至', 2);
INSERT INTO CW_RPT_PARAMETERS (PARAMETER_ID, TEMPLETE_ID, PARAMETER_NAME, SORT, SQL_FIELD, SQL_FIELD_TYPE, PARAMETER_DESC, PARAMETER_TYPE) VALUES ('g4cbfbe55f9498fead8d1e4aed1405ef', 'AttendanceDetailReport_OneOrg', 'signState', 4, 'signState', null, '签到状态', 1);
INSERT INTO CW_RPT_PARAMETERS (PARAMETER_ID, TEMPLETE_ID, PARAMETER_NAME, SORT, SQL_FIELD, SQL_FIELD_TYPE, PARAMETER_DESC, PARAMETER_TYPE) VALUES ('c2587l4db93141958763e6as58e9ec', 'AttendanceDetailReport_OneUser', 'signinState', 16, 'signinState', null, '考勤状态', 1);
INSERT INTO CW_RPT_PARAMETERS (PARAMETER_ID, TEMPLETE_ID, PARAMETER_NAME, SORT, SQL_FIELD, SQL_FIELD_TYPE, PARAMETER_DESC, PARAMETER_TYPE) VALUES ('c2587t4db93141998773e600sa58ec', 'AttendanceDetailReport_OneUser', 'signoutState', 17, 'signoutState', null, '考勤状态', 1);
INSERT INTO CW_RPT_PARAMETERS (PARAMETER_ID, TEMPLETE_ID, PARAMETER_NAME, SORT, SQL_FIELD, SQL_FIELD_TYPE, PARAMETER_DESC, PARAMETER_TYPE) VALUES ('12629a84a10543329503cdf058f747d8', 'AttendanceDetailReport_OneUser', 'signDateStart', 5, 'signDateStart', null, '签到日期从', 2);
INSERT INTO CW_RPT_PARAMETERS (PARAMETER_ID, TEMPLETE_ID, PARAMETER_NAME, SORT, SQL_FIELD, SQL_FIELD_TYPE, PARAMETER_DESC, PARAMETER_TYPE) VALUES ('141dg6da0a1545849967d9b32762794b', 'AttendanceDetailReport_OneUser', 'deptCodes', 2, 'deptCodes', null, '部门集合', 1);
INSERT INTO CW_RPT_PARAMETERS (PARAMETER_ID, TEMPLETE_ID, PARAMETER_NAME, SORT, SQL_FIELD, SQL_FIELD_TYPE, PARAMETER_DESC, PARAMETER_TYPE) VALUES ('27dabf2555154c128349b1af7cfc5f87', 'AttendanceDetailReport_OneUser', 'orgCodes', 1, 'orgCodes', null, '组织机构集合', 1);
INSERT INTO CW_RPT_PARAMETERS (PARAMETER_ID, TEMPLETE_ID, PARAMETER_NAME, SORT, SQL_FIELD, SQL_FIELD_TYPE, PARAMETER_DESC, PARAMETER_TYPE) VALUES ('4634ee0cbb3e4443acefe87cebc6765b', 'AttendanceDetailReport_OneUser', 'userIdsName', 10, 'userIdsName', null, '用户姓名', 1);
INSERT INTO CW_RPT_PARAMETERS (PARAMETER_ID, TEMPLETE_ID, PARAMETER_NAME, SORT, SQL_FIELD, SQL_FIELD_TYPE, PARAMETER_DESC, PARAMETER_TYPE) VALUES ('c2587d4db9314194877563e60058e9ec', 'AttendanceDetailReport_OneUser', 'signoutTime', 15, 'signoutTime', null, '下班时间', 2);
INSERT INTO CW_RPT_PARAMETERS (PARAMETER_ID, TEMPLETE_ID, PARAMETER_NAME, SORT, SQL_FIELD, SQL_FIELD_TYPE, PARAMETER_DESC, PARAMETER_TYPE) VALUES ('c2587f4db9314192877563e60058e9ec', 'AttendanceDetailReport_OneUser', 'signDate', 13, 'signDate', null, '考勤日期', 2);
INSERT INTO CW_RPT_PARAMETERS (PARAMETER_ID, TEMPLETE_ID, PARAMETER_NAME, SORT, SQL_FIELD, SQL_FIELD_TYPE, PARAMETER_DESC, PARAMETER_TYPE) VALUES ('c2587g4db9314193877563e60058e9ec', 'AttendanceDetailReport_OneUser', 'signinTime', 14, 'signinTime', null, '上班时间', 2);
INSERT INTO CW_RPT_PARAMETERS (PARAMETER_ID, TEMPLETE_ID, PARAMETER_NAME, SORT, SQL_FIELD, SQL_FIELD_TYPE, PARAMETER_DESC, PARAMETER_TYPE) VALUES ('c2587x4db9314191877563e60058e9ec', 'AttendanceDetailReport_OneUser', 'remark', 12, 'remark', null, '异常原因', 1);
INSERT INTO CW_RPT_PARAMETERS (PARAMETER_ID, TEMPLETE_ID, PARAMETER_NAME, SORT, SQL_FIELD, SQL_FIELD_TYPE, PARAMETER_DESC, PARAMETER_TYPE) VALUES ('c2588e4db9314190877563e60058e9ec', 'AttendanceDetailReport_OneUser', 'orderBy', 7, 'orderBy', null, '排序', 1);
INSERT INTO CW_RPT_PARAMETERS (PARAMETER_ID, TEMPLETE_ID, PARAMETER_NAME, SORT, SQL_FIELD, SQL_FIELD_TYPE, PARAMETER_DESC, PARAMETER_TYPE) VALUES ('c4c7618e785b464eb330b17f82b88c76', 'AttendanceDetailReport_OneUser', 'signNormalState', 11, 'signNormalState', null, '正常签到的状态值', 1);
INSERT INTO CW_RPT_PARAMETERS (PARAMETER_ID, TEMPLETE_ID, PARAMETER_NAME, SORT, SQL_FIELD, SQL_FIELD_TYPE, PARAMETER_DESC, PARAMETER_TYPE) VALUES ('cd6b0035055240debe20c8fbd90419ed', 'AttendanceDetailReport_OneUser', 'userIds', 3, 'userIds', null, '用户集合', 1);
INSERT INTO CW_RPT_PARAMETERS (PARAMETER_ID, TEMPLETE_ID, PARAMETER_NAME, SORT, SQL_FIELD, SQL_FIELD_TYPE, PARAMETER_DESC, PARAMETER_TYPE) VALUES ('d4c7718e785b464eb330b17f82b88c73', 'AttendanceDetailReport_OneUser', 'signStateName', 9, 'signStateName', null, '签到状态字典标签名', 1);
INSERT INTO CW_RPT_PARAMETERS (PARAMETER_ID, TEMPLETE_ID, PARAMETER_NAME, SORT, SQL_FIELD, SQL_FIELD_TYPE, PARAMETER_DESC, PARAMETER_TYPE) VALUES ('db07b6fd01a04b5a95ef00374fd8e5e1', 'AttendanceDetailReport_OneUser', 'deptCodesName', 8, 'deptCodesName', null, '机构部门', 1);
INSERT INTO CW_RPT_PARAMETERS (PARAMETER_ID, TEMPLETE_ID, PARAMETER_NAME, SORT, SQL_FIELD, SQL_FIELD_TYPE, PARAMETER_DESC, PARAMETER_TYPE) VALUES ('ffdde23701034cc88bb0060ed471cd64', 'AttendanceDetailReport_OneUser', 'signDateEnd', 6, 'signDateEnd', null, '签到日期至', 2);
INSERT INTO CW_RPT_PARAMETERS (PARAMETER_ID, TEMPLETE_ID, PARAMETER_NAME, SORT, SQL_FIELD, SQL_FIELD_TYPE, PARAMETER_DESC, PARAMETER_TYPE) VALUES ('g4cbgbe55f9449fead8d1e4aed1405ef', 'AttendanceDetailReport_OneUser', 'signState', 4, 'signState', null, '签到状态', 1);
INSERT INTO CW_RPT_PARAMETERS (PARAMETER_ID, TEMPLETE_ID, PARAMETER_NAME, SORT, SQL_FIELD, SQL_FIELD_TYPE, PARAMETER_DESC, PARAMETER_TYPE) VALUES ('141df6da0a1rg5849967d9b32762794b', 'CardRecordReport', 'signTime', 2, 'signTime', null, '刷卡时间', 1);
INSERT INTO CW_RPT_PARAMETERS (PARAMETER_ID, TEMPLETE_ID, PARAMETER_NAME, SORT, SQL_FIELD, SQL_FIELD_TYPE, PARAMETER_DESC, PARAMETER_TYPE) VALUES ('27daaf245ed54c128349b1af7cfc5f87', 'CardRecordReport', 'cardId', 1, 'cardId', null, '门禁卡ID', 1);
INSERT INTO CW_RPT_PARAMETERS (PARAMETER_ID, TEMPLETE_ID, PARAMETER_NAME, SORT, SQL_FIELD, SQL_FIELD_TYPE, PARAMETER_DESC, PARAMETER_TYPE) VALUES ('cd6b90350od240debe20c8fbd90419ed', 'CardRecordReport', 'signAddress', 3, 'signAddress', null, '刷卡位置', 1);
INSERT INTO CW_RPT_PARAMETERS (PARAMETER_ID, TEMPLETE_ID, PARAMETER_NAME, SORT, SQL_FIELD, SQL_FIELD_TYPE, PARAMETER_DESC, PARAMETER_TYPE) VALUES ('g4cbfbe55f94y9fead8d1e4aed14u5ef', 'CardRecordReport', 'deviceName', 4, 'deviceName', null, '设备名称', 1);
INSERT INTO CW_RPT_PARAMETERS (PARAMETER_ID, TEMPLETE_ID, PARAMETER_NAME, SORT, SQL_FIELD, SQL_FIELD_TYPE, PARAMETER_DESC, PARAMETER_TYPE) VALUES ('1_g4cbgbe55f9448fead8d1e4aed1405', 'EntryExitRecordReport', 'deviceName', 10, 'deviceName', null, '终端名称', 1);
INSERT INTO CW_RPT_PARAMETERS (PARAMETER_ID, TEMPLETE_ID, PARAMETER_NAME, SORT, SQL_FIELD, SQL_FIELD_TYPE, PARAMETER_DESC, PARAMETER_TYPE) VALUES ('1_g4cbgbe55f9449fead8d1e4aed1405', 'EntryExitRecordReport', 'picName', 3, 'picName', null, '注册图像', 1);
INSERT INTO CW_RPT_PARAMETERS (PARAMETER_ID, TEMPLETE_ID, PARAMETER_NAME, SORT, SQL_FIELD, SQL_FIELD_TYPE, PARAMETER_DESC, PARAMETER_TYPE) VALUES ('1_g4cbgbe55f9549fead8d1e4aed1405', 'EntryExitRecordReport', 'path', 4, 'path', null, '现场图像', 1);
INSERT INTO CW_RPT_PARAMETERS (PARAMETER_ID, TEMPLETE_ID, PARAMETER_NAME, SORT, SQL_FIELD, SQL_FIELD_TYPE, PARAMETER_DESC, PARAMETER_TYPE) VALUES ('3278c47eff0240ac946cca0e7d81b095', 'EntryExitRecordReport', 'position', 11, 'position', null, '终端位置', 1);
INSERT INTO CW_RPT_PARAMETERS (PARAMETER_ID, TEMPLETE_ID, PARAMETER_NAME, SORT, SQL_FIELD, SQL_FIELD_TYPE, PARAMETER_DESC, PARAMETER_TYPE) VALUES ('3e28e474c9b24d599ea7e5a1f2c4f442', 'EntryExitRecordReport', 'signTime', 6, 'signTime', null, '出入时间', 2);
INSERT INTO CW_RPT_PARAMETERS (PARAMETER_ID, TEMPLETE_ID, PARAMETER_NAME, SORT, SQL_FIELD, SQL_FIELD_TYPE, PARAMETER_DESC, PARAMETER_TYPE) VALUES ('4ceb52fb1d824ec8b2b390b075922089', 'EntryExitRecordReport', 'idCard', 2, 'idCard', null, '身份证号', 1);
INSERT INTO CW_RPT_PARAMETERS (PARAMETER_ID, TEMPLETE_ID, PARAMETER_NAME, SORT, SQL_FIELD, SQL_FIELD_TYPE, PARAMETER_DESC, PARAMETER_TYPE) VALUES ('5eb9f37d7bac44119d33bb98d07ac69c', 'EntryExitRecordReport', 'deviceType', 9, 'deviceType', null, '终端类型', 1);
INSERT INTO CW_RPT_PARAMETERS (PARAMETER_ID, TEMPLETE_ID, PARAMETER_NAME, SORT, SQL_FIELD, SQL_FIELD_TYPE, PARAMETER_DESC, PARAMETER_TYPE) VALUES ('5f512fc63ce547609389008cfce923e1', 'EntryExitRecordReport', 'userName', 1, 'userName', null, '姓名', 1);
INSERT INTO CW_RPT_PARAMETERS (PARAMETER_ID, TEMPLETE_ID, PARAMETER_NAME, SORT, SQL_FIELD, SQL_FIELD_TYPE, PARAMETER_DESC, PARAMETER_TYPE) VALUES ('960d383c2b7f4dfe96c73954c3675072', 'EntryExitRecordReport', 'userType', 7, 'userType', null, '人员类型', 1);
INSERT INTO CW_RPT_PARAMETERS (PARAMETER_ID, TEMPLETE_ID, PARAMETER_NAME, SORT, SQL_FIELD, SQL_FIELD_TYPE, PARAMETER_DESC, PARAMETER_TYPE) VALUES ('e047ab830f6b4658a5bb830e50432050', 'EntryExitRecordReport', 'recognitionType', 8, 'recognitionType', null, '识别类型', 1);

INSERT INTO CW_RPT_SQLS (SQL_ID, TEMPLETE_ID, SQL_CONTENT, SQL_TYPE) VALUES ('CardRecordReport', 'CardRecordReport', 'select     A.ID, A.CARD_ID, A.USER_ID, A.SIGN_TIME, A.SIGN_ADDRESS, A.DEVICE_ID, A.DEVICE_TYPE,     A.PATH, A.CREATE_TIME, A.REMARK, A.VALID_STATE, A.INTERVAL_ID, A.RESULT_STATE,DEV.NAME DEVICE_NAME     from     	CW_DEV_ACC_CARD_RECORD A     LEFT JOIN     	CW_DEV_DEVICE DEV     ON     	DEV.ID = A.DEVICE_ID where 1=1 <#if beginTime?? &&beginTime!=''''> AND A.SIGN_TIME>= ${sql(beginTime,''DATE'')} </#if> <#if endTime?? &&endTime!=''''> AND A.SIGN_TIME<= ${sql(endTime,''DATE'')} </#if> ORDER BY A.SIGN_TIME DESC', 1);
INSERT INTO CW_RPT_SQLS (SQL_ID, TEMPLETE_ID, SQL_CONTENT, SQL_TYPE) VALUES ('EntryExitRecordReport', 'EntryExitRecordReport', 'SELECT RECORD.ID, RECORD.USER_ID, RECORD.ORG_CODE, RECORD.SIGN_TIME, RECORD.SIGN_ADDRESS,       RECORD.DEVICE_ID, RECORD.CREATE_TIME, RECORD.PATH,RECORD.SCORE, RECORD.THRESHOLD, RECORD.REMARK, RECORD.RESULT_STATE,USR.NAME USER_NAME,  	  (SELECT DIC.LABEL  FROM CW_VW_DICT_EX_PERSONTYPE DIC WHERE DIC.VALUE = (SELECT USR.USER_TYPE FROM CW_GE_USER USR WHERE USR.ID = RECORD.USER_ID)) USER_TYPE,    	  USR.ID_CARD ID_CARD,USR.PICTURE_NAME PIC_NAME,DEV.NAME DEVICE_NAME,DEV.POSITION POSITION,DEV.CODE CODE,  	  (SELECT LABEL FROM CW_VW_DICT_DEVICETYPE WHERE VALUE = RECORD.DEVICE_TYPE) DEVIC_TYPE,  	  (SELECT LABEL FROM CW_VW_DICT_RECOGNITIONTYPE WHERE VALUE = RECORD.SIGN_TYPE) FACE_TYPE    	FROM    		CW_GE_USER_ATTEN_RECORD RECORD    	JOIN    		CW_VW_GE_USER_AND_VISITOR USR    	ON    		RECORD.USER_ID = USR.ID  	JOIN  		CW_VW_DEV_CAMERA DEV  	ON  		RECORD.DEVICE_ID = DEV.ID		  where 1=1  <#if orgCode?? &&orgCode!='''' >     <#if orgCode == ''0''>      AND LENGTH(RECORD.ORG_CODE) > 0    <#elseif orgCode == ''NotGroup''>      AND (RECORD.ORG_CODE IS NULL OR  RECORD.ORG_CODE = '''')    <#else>     AND RECORD.ORG_CODE LIKE CONCAT(CONCAT(''%'',${sql(orgCode,''VARCHAR'')}),''%'')    </#if>  </#if>  <#if idCard?? &&idCard!=''''>  and USR.ID_CARD = ${sql(idCard,''VARCHAR'')}  </#if>  <#if userName?? &&userName!=''''>  AND USR.NAME LIKE CONCAT(CONCAT(''%'',${sql(userName,''VARCHAR'')}),''%'')  </#if>  <#if deviceName?? &&deviceName !=''''>  AND DEV.NAME LIKE CONCAT(CONCAT(''%'',${sql(deviceName,''VARCHAR'')}),''%'')  </#if>  <#if devicePosition?? &&devicePosition !=''''>  AND DEV.POSITION LIKE CONCAT(CONCAT(''%'',${sql(devicePosition,''VARCHAR'')}),''%'')  </#if>  <#if entryExitRecordPersonType?? &&entryExitRecordPersonType !=''''>  and USR.USER_TYPE = ${sql(entryExitRecordPersonType,''VARCHAR'')}  </#if>  <#if beginTime?? &&beginTime!=''''>  AND RECORD.SIGN_TIME>= ${sql(beginTime,''DATE'')}  </#if>  <#if endTime?? &&endTime!=''''>  AND RECORD.SIGN_TIME<= ${sql(endTime,''DATE'')}  </#if>    <#if authEnabled?? && authEnabled==''true''>  AND(  (RECORD.ORG_CODE IS NULL OR  RECORD.ORG_CODE = '''')  <#if authOrgCodes?? &&authOrgCodes !=''''>  OR RECORD.ORG_CODE IN(${ authOrgCodes})  </#if>  )  </#if>  ORDER BY RECORD.SIGN_TIME DESC', 1);
INSERT INTO CW_RPT_SQLS (SQL_ID, TEMPLETE_ID, SQL_CONTENT, SQL_TYPE) VALUES ('report11', 'report11', 'SELECT 		A.SIGNIN_RECORD_ID,A.SIGNIN_IMG_PATH,A.SIGNOUT_RECORD_ID,A.SIGNOUT_IMG_PATH,A.RESULT_ID, 		A.USER_ID,A.SIGN_DATE,DV1.LABEL SIGNIN_STATE, DV2.LABEL SIGNOUT_STATE,A.SIGNIN_TIME,A.SIGNOUT_ADDRESS,A.SIGNIN_ADDRESS, 		A.SIGNIN_DEVICETYPE,A.SIGNIN_DEVICE_ID,A.SIGNOUT_TIME,A.SIGNOUT_DEVICETYPE,A.SIGNOUT_DEVICE_ID,A.IS_REVISE, 		A.REVISE_REMARK,A.REMARK,A.CREATE_TIME,A.FAIL_TIME,U.DEPT_CODE,D.ORG_CODE,U.NAME AS USER_NAME,U.POSITION,D.CNAME ASDEPT_NAME, 		O.NAME AS ORG_NAME ,C.NAME AS SIGNIN_CAMERA_NAME,C2.NAME AS SIGNOUT_CAMERA_NAME FROM  	CW_GE_USER U  JOIN  	CW_GE_DEPARTMENT D ON  	U.DEPT_CODE=D.CODE  JOIN  	CW_GE_ORGANIZATION O  ON  	D.ORG_CODE=O.CODE JOIN  	CW_ATT_USER_RESULT A  ON  	A.USER_ID=U.ID JOIN CW_VW_DICT_SIGNSTATE DV1 ON DV1.VALUE = A.SIGNIN_STATE JOIN CW_VW_DICT_SIGNSTATE DV2 ON DV2.VALUE = A.SIGNOUT_STATE  LEFT JOIN  	CW_DEV_DEVICE C  ON  	C.ID=A.SIGNIN_DEVICE_ID LEFT JOIN  	CW_DEV_DEVICE C2  ON  	C2.ID=A.SIGNOUT_DEVICE_ID		 where 1=1 <#if beginTime?? &&beginTime!=''''> AND A.SIGN_DATE>= ${sql(beginTime,''DATE'')} </#if> <#if endTime?? &&endTime!=''''> AND A.SIGN_DATE<= ${sql(endTime,''DATE'')} </#if><#if signState?? && signState!=''''> AND A.SIGNIN_STATE IN( ${sql(signState,''NUMERIC'')})</#if> <#if userId?? && userId!=''''> AND A.USER_ID = ${sql(userId,''VARCHAR'')}</#if> ORDER BY A.SIGN_DATE DESC', 1);
INSERT INTO CW_RPT_SQLS (SQL_ID, TEMPLETE_ID, SQL_CONTENT, SQL_TYPE) VALUES ('resultStatisticsListReport', 'resultStatisticsListReport', 'SELECT T.NORMAL_COUNT,T.LATE_COUNT,T.LEAVEEARLY_COUNT,T.NOSIGN_COUNT,T.KUANGGONG,T.QINGJIA,T.WAICHU,T.CHUCHAI,T.USER_ID,U.DEPT_CODE,D.ORG_CODE,U.NAME AS USER_NAME,U.POSITION,D.CNAME AS DEPT_NAME,O.NAME AS ORG_NAME FROM  CW_GE_USER U JOIN CW_GE_DEPARTMENT D ON U.DEPT_CODE=D.CODE JOIN CW_GE_ORGANIZATION O ON D.ORG_CODE=O.CODE JOIN (select sum((case when SIGNIN_STATE=''1'' then 1 else 0 end)+(case when SIGNOUT_STATE=''1'' then 1 else 0 end)) as NORMAL_COUNT,sum(case when SIGNIN_STATE=''3'' then 1 else 0 end) as LATE_COUNT, sum(case when SIGNOUT_STATE=''4'' then 1 else 0 end) as LEAVEEARLY_COUNT,sum((case when SIGNIN_STATE=''0'' then 1 else 0 end)+(case when SIGNOUT_STATE=''0'' then 1 else 0 end)) as NOSIGN_COUNT, sum((case when SIGNIN_STATE=''7'' OR SIGNOUT_STATE=''7'' then 1 else 0 end)) as KUANGGONG,sum((case when SIGNIN_STATE=''10'' OR SIGNOUT_STATE=''10'' then 1 else 0 end)) as QINGJIA,sum((case when SIGNIN_STATE=''11'' OR SIGNOUT_STATE=''11'' then 1 else 0 end)) as WAICHU,sum((case when SIGNIN_STATE=''12'' OR SIGNOUT_STATE=''12'' then 1 else 0 end)) as CHUCHAI,A.USER_ID from CW_ATT_USER_RESULT A where 1=1  <#if userIds?? &&userIds!=''''>  AND A.USER_ID IN (${sql(userIds,''NUMERIC'')})  </#if>  <#if signDateStart?? &&signDateStart!=''''>  AND A.SIGN_DATE>= ${sql(signDateStart,''DATE'')}  </#if>  <#if signDateEnd?? &&signDateEnd!=''''>  AND A.SIGN_DATE<= ${sql(signDateEnd,''DATE'')}  </#if>      group by A.USER_ID      ) T ON      U.ID=T.USER_ID WHERE 1=1  <#if userIds?? &&userIds!=''''>  AND U.ID IN (${sql(userIds,''NUMERIC'')})  </#if>          <#if orgCodes?? &&orgCodes!=''''>  AND O.CODE IN (${sql(orgCodes,''NUMERIC'')})  </#if>  <#if deptCodes?? &&deptCodes!=''''>  AND D.CODE IN (${sql(deptCodes,''NUMERIC'')})  </#if>  order by O.NAME,D.CNAME ', 1);
INSERT INTO CW_RPT_SQLS (SQL_ID, TEMPLETE_ID, SQL_CONTENT, SQL_TYPE) VALUES ('resultStatisticsListReport_OneDep', 'resultStatisticsListReport_OneDep', 'SELECT T.NORMAL_COUNT,T.LATE_COUNT,T.LEAVEEARLY_COUNT,T.NOSIGN_COUNT,T.KUANGGONG,T.QINGJIA,T.WAICHU,T.CHUCHAI,T.USER_ID,U.DEPT_CODE,D.ORG_CODE,U.NAME AS USER_NAME,U.POSITION,D.CNAME AS DEPT_NAME,O.NAME AS ORG_NAME FROM  CW_GE_USER U JOIN CW_GE_DEPARTMENT D ON U.DEPT_CODE=D.CODE JOIN CW_GE_ORGANIZATION O ON D.ORG_CODE=O.CODE JOIN (select sum((case when SIGNIN_STATE=''1'' then 1 else 0 end)+(case when SIGNOUT_STATE=''1'' then 1 else 0 end)) as NORMAL_COUNT,sum(case when SIGNIN_STATE=''3'' then 1 else 0 end) as LATE_COUNT, sum(case when SIGNOUT_STATE=''4'' then 1 else 0 end) as LEAVEEARLY_COUNT,sum((case when SIGNIN_STATE=''0'' then 1 else 0 end)+(case when SIGNOUT_STATE=''0'' then 1 else 0 end)) as NOSIGN_COUNT, sum((case when SIGNIN_STATE=''7'' OR SIGNOUT_STATE=''7'' then 1 else 0 end)) as KUANGGONG,sum((case when SIGNIN_STATE=''10'' OR SIGNOUT_STATE=''10'' then 1 else 0 end)) as QINGJIA,sum((case when SIGNIN_STATE=''11'' OR SIGNOUT_STATE=''11'' then 1 else 0 end)) as WAICHU,sum((case when SIGNIN_STATE=''12'' OR SIGNOUT_STATE=''12'' then 1 else 0 end)) as CHUCHAI,A.USER_ID from CW_ATT_USER_RESULT A where 1=1  <#if userIds?? &&userIds!=''''>  AND A.USER_ID IN (${sql(userIds,''NUMERIC'')})  </#if>  <#if signDateStart?? &&signDateStart!=''''>  AND A.SIGN_DATE>= ${sql(signDateStart,''DATE'')}  </#if>  <#if signDateEnd?? &&signDateEnd!=''''>  AND A.SIGN_DATE<= ${sql(signDateEnd,''DATE'')}  </#if>      group by A.USER_ID      ) T ON      U.ID=T.USER_ID WHERE 1=1  <#if userIds?? &&userIds!=''''>  AND U.ID IN (${sql(userIds,''NUMERIC'')})  </#if>          <#if orgCodes?? &&orgCodes!=''''>  AND O.CODE IN (${sql(orgCodes,''NUMERIC'')})  </#if>  <#if deptCodes?? &&deptCodes!=''''>  AND D.CODE IN (${sql(deptCodes,''NUMERIC'')})  </#if>  order by O.NAME,D.CNAME         ', 1);
INSERT INTO CW_RPT_SQLS (SQL_ID, TEMPLETE_ID, SQL_CONTENT, SQL_TYPE) VALUES ('resultStatisticsListReport_OneOrg', 'resultStatisticsListReport_OneOrg', 'SELECT T.NORMAL_COUNT,T.LATE_COUNT,T.LEAVEEARLY_COUNT,T.NOSIGN_COUNT,T.KUANGGONG,T.QINGJIA,T.WAICHU,T.CHUCHAI,T.USER_ID,U.DEPT_CODE,D.ORG_CODE,U.NAME AS USER_NAME,U.POSITION,D.CNAME AS DEPT_NAME,O.NAME AS ORG_NAME FROM  CW_GE_USER U JOIN CW_GE_DEPARTMENT D ON U.DEPT_CODE=D.CODE JOIN CW_GE_ORGANIZATION O ON D.ORG_CODE=O.CODE JOIN (select sum((case when SIGNIN_STATE=''1'' then 1 else 0 end)+(case when SIGNOUT_STATE=''1'' then 1 else 0 end)) as NORMAL_COUNT,sum(case when SIGNIN_STATE=''3'' then 1 else 0 end) as LATE_COUNT, sum(case when SIGNOUT_STATE=''4'' then 1 else 0 end) as LEAVEEARLY_COUNT,sum((case when SIGNIN_STATE=''0'' then 1 else 0 end)+(case when SIGNOUT_STATE=''0'' then 1 else 0 end)) as NOSIGN_COUNT, sum((case when SIGNIN_STATE=''7'' OR SIGNOUT_STATE=''7'' then 1 else 0 end)) as KUANGGONG,sum((case when SIGNIN_STATE=''10'' OR SIGNOUT_STATE=''10'' then 1 else 0 end)) as QINGJIA,sum((case when SIGNIN_STATE=''11'' OR SIGNOUT_STATE=''11'' then 1 else 0 end)) as WAICHU,sum((case when SIGNIN_STATE=''12'' OR SIGNOUT_STATE=''12'' then 1 else 0 end)) as CHUCHAI,A.USER_ID from CW_ATT_USER_RESULT A where 1=1  <#if userIds?? &&userIds!=''''>  AND A.USER_ID IN (${sql(userIds,''NUMERIC'')})  </#if>  <#if signDateStart?? &&signDateStart!=''''>  AND A.SIGN_DATE>= ${sql(signDateStart,''DATE'')}  </#if>  <#if signDateEnd?? &&signDateEnd!=''''>  AND A.SIGN_DATE<= ${sql(signDateEnd,''DATE'')}  </#if>      group by A.USER_ID      ) T ON      U.ID=T.USER_ID WHERE 1=1  <#if userIds?? &&userIds!=''''>  AND U.ID IN (${sql(userIds,''NUMERIC'')})  </#if>          <#if orgCodes?? &&orgCodes!=''''>  AND O.CODE IN (${sql(orgCodes,''NUMERIC'')})  </#if>  <#if deptCodes?? &&deptCodes!=''''>  AND D.CODE IN (${sql(deptCodes,''NUMERIC'')})  </#if>  order by O.NAME,D.CNAME         ', 1);
INSERT INTO CW_RPT_SQLS (SQL_ID, TEMPLETE_ID, SQL_CONTENT, SQL_TYPE) VALUES ('StrangerRecordReport', 'StrangerRecordReport', 'SELECT  		     RECORD.ID, RECORD.ORG_CODE, RECORD.SIGN_TIME, RECORD.SIGN_ADDRESS, RECORD.SIGN_TYPE,  		     RECORD.DEVICE_TYPE, RECORD.DEVICE_ID, RECORD.CREATE_TIME, RECORD.PATH, RECORD.SCORE,  		     RECORD.THRESHOLD, RECORD.REMARK, RECORD.RESULT_STATE,  			 C.NAME AS MACHINE_NAME,  			 (SELECT LABEL FROM CW_VW_DICT_DEVICETYPE WHERE VALUE = RECORD.DEVICE_TYPE) DEVIC_TYPE,  			 (SELECT LABEL FROM CW_VW_DICT_RECOGNITIONTYPE WHERE VALUE = RECORD.SIGN_TYPE) FACE_TYPE  		FROM  			CW_GE_STRANGER_ATTEN_RECORD RECORD  		LEFT JOIN  			CW_VW_DEV_CAMERA C  		ON  			RECORD.DEVICE_ID = C.ID   WHERE 1=1 AND C.STATUS = 1  <#if devicePosition?? &&devicePosition!=''''>  AND C.POSITION LIKE CONCAT(CONCAT(''%'',${sql(devicePosition,''VARCHAR'')}),''%'')  </#if>  <#if orgCode?? &&orgCode!=''''>     <#if orgCode == ''0''>      AND LENGTH(RECORD.ORG_CODE) > 0    <#elseif orgCode == ''NotGroup''>      AND (RECORD.ORG_CODE IS NULL OR  RECORD.ORG_CODE = '''')    <#else>     AND RECORD.ORG_CODE LIKE CONCAT(CONCAT(''%'',${sql(orgCode,''VARCHAR'')}),''%'')    </#if>  </#if>  <#if beginTime?? &&beginTime!=''''>  AND RECORD.SIGN_TIME>= ${sql(beginTime,''DATE'')}  </#if>  <#if endTime?? &&endTime!=''''>  AND RECORD.SIGN_TIME<= ${sql(endTime,''DATE'')}  </#if>  <#if authEnabled?? && authEnabled==''true''>  AND(  (RECORD.ORG_CODE IS NULL OR  RECORD.ORG_CODE = '''')  <#if authOrgCodes?? &&authOrgCodes !=''''>  OR RECORD.ORG_CODE IN(${ authOrgCodes})  </#if>  )  </#if>  ORDER BY RECORD.SIGN_TIME DESC', 1);
INSERT INTO CW_RPT_SQLS (SQL_ID, TEMPLETE_ID, SQL_CONTENT, SQL_TYPE) VALUES ('AttendanceDetailReport', 'AttendanceDetailReport', 'SELECT  A.REMARK,  A.RESULT_ID, A.USER_ID, U.NAME USERNAME, A.SIGN_DATE,  A.SIGNIN_TIME, A.SIGNOUT_TIME, U.ORG_CODE, O.NAME ORGNAME,    U.DEPT_CODE, D.CNAME DEPTNAME, A.SIGNIN_STATE, A.SIGNOUT_STATE, DV1.LABEL SIGNIN_STATENAME, DV2.LABEL SIGNOUT_STATENAME    FROM CW_ATT_USER_RESULT A    LEFT JOIN CW_GE_USER U ON U.ID = A.USER_ID    LEFT JOIN CW_GE_DEPARTMENT D ON D.CODE = U.DEPT_CODE    LEFT JOIN CW_GE_ORGANIZATION O ON O.CODE = U.ORG_CODE    LEFT JOIN CW_VW_DICT_SIGNSTATE DV1 ON DV1.VALUE = A.SIGNIN_STATE    LEFT JOIN CW_VW_DICT_SIGNSTATE DV2 ON DV2.VALUE = A.SIGNOUT_STATE    WHERE 1=1  <#if orgCodes?? &&orgCodes!=''''>  AND O.CODE IN (${sql(orgCodes,''NUMERIC'')})  </#if>  <#if deptCodes?? &&deptCodes!=''''>  AND D.CODE IN (${sql(deptCodes,''NUMERIC'')})  </#if>  <#if userIds?? &&userIds!=''''>  AND A.USER_ID IN (${sql(userIds,''NUMERIC'')})  </#if>  <#if signNormalState?? && signNormalState != ''''> AND ( (A.SIGNIN_STATE = ${sql(signNormalState, ''NUMERIC'')} AND A.SIGNOUT_STATE = ${sql(signNormalState, ''NUMERIC'')})  <#if signState?? && signState!=''''> OR (A.SIGNIN_STATE IN( ${sql(signState,''NUMERIC'')}) OR A.SIGNOUT_STATE IN( ${sql(signState,''NUMERIC'')})) </#if> ) <#else> <#if signState?? && signState!=''''> AND (A.SIGNIN_STATE IN( ${sql(signState,''NUMERIC'')}) OR A.SIGNOUT_STATE IN( ${sql(signState,''NUMERIC'')})) <#else> AND 1=2 </#if> </#if>  <#if signDateStart?? &&signDateStart!=''''>  AND A.SIGN_DATE>= ${sql(signDateStart,''DATE'')}  </#if>  <#if signDateEnd?? &&signDateEnd!=''''>  AND A.SIGN_DATE<= ${sql(signDateEnd,''DATE'')}  </#if>  <#if orderBy?? &&orderBy!=''''>   ORDER BY ${sql(orderBy,''CHINESE'')}  </#if>', 1);
INSERT INTO CW_RPT_SQLS (SQL_ID, TEMPLETE_ID, SQL_CONTENT, SQL_TYPE) VALUES ('AttendanceDetailReport_OneDep', 'AttendanceDetailReport_OneDep', 'SELECT  A.REMARK,  A.RESULT_ID, A.USER_ID, U.NAME USERNAME, A.SIGN_DATE,  A.SIGNIN_TIME, A.SIGNOUT_TIME, U.ORG_CODE, O.NAME ORGNAME,    U.DEPT_CODE, D.CNAME DEPTNAME, A.SIGNIN_STATE, A.SIGNOUT_STATE, DV1.LABEL SIGNIN_STATENAME, DV2.LABEL SIGNOUT_STATENAME    FROM CW_ATT_USER_RESULT A    LEFT JOIN CW_GE_USER U ON U.ID = A.USER_ID    LEFT JOIN CW_GE_DEPARTMENT D ON D.CODE = U.DEPT_CODE    LEFT JOIN CW_GE_ORGANIZATION O ON O.CODE = U.ORG_CODE    LEFT JOIN CW_VW_DICT_SIGNSTATE DV1 ON DV1.VALUE = A.SIGNIN_STATE    LEFT JOIN CW_VW_DICT_SIGNSTATE DV2 ON DV2.VALUE = A.SIGNOUT_STATE    WHERE 1=1  <#if orgCodes?? &&orgCodes!=''''>  AND O.CODE IN (${sql(orgCodes,''NUMERIC'')})  </#if>  <#if deptCodes?? &&deptCodes!=''''>  AND D.CODE IN (${sql(deptCodes,''NUMERIC'')})  </#if>  <#if userIds?? &&userIds!=''''>  AND A.USER_ID IN (${sql(userIds,''NUMERIC'')})  </#if>  <#if signNormalState?? && signNormalState != ''''> AND ( (A.SIGNIN_STATE = ${sql(signNormalState, ''NUMERIC'')} AND A.SIGNOUT_STATE = ${sql(signNormalState, ''NUMERIC'')})  <#if signState?? && signState!=''''> OR (A.SIGNIN_STATE IN( ${sql(signState,''NUMERIC'')}) OR A.SIGNOUT_STATE IN( ${sql(signState,''NUMERIC'')})) </#if> ) <#else> <#if signState?? && signState!=''''> AND (A.SIGNIN_STATE IN( ${sql(signState,''NUMERIC'')}) OR A.SIGNOUT_STATE IN( ${sql(signState,''NUMERIC'')})) <#else> AND 1=2 </#if> </#if>  <#if signDateStart?? &&signDateStart!=''''>  AND A.SIGN_DATE>= ${sql(signDateStart,''DATE'')}  </#if>  <#if signDateEnd?? &&signDateEnd!=''''>  AND A.SIGN_DATE<= ${sql(signDateEnd,''DATE'')}  </#if>  <#if orderBy?? &&orderBy!=''''>   ORDER BY ${sql(orderBy,''CHINESE'')}  </#if>', 1);
INSERT INTO CW_RPT_SQLS (SQL_ID, TEMPLETE_ID, SQL_CONTENT, SQL_TYPE) VALUES ('AttendanceDetailReport_OneOrg', 'AttendanceDetailReport_OneOrg', 'SELECT  A.REMARK,  A.RESULT_ID, A.USER_ID, U.NAME USERNAME, A.SIGN_DATE,  A.SIGNIN_TIME, A.SIGNOUT_TIME, U.ORG_CODE, O.NAME ORGNAME,    U.DEPT_CODE, D.CNAME DEPTNAME, A.SIGNIN_STATE, A.SIGNOUT_STATE, DV1.LABEL SIGNIN_STATENAME, DV2.LABEL SIGNOUT_STATENAME    FROM CW_ATT_USER_RESULT A    LEFT JOIN CW_GE_USER U ON U.ID = A.USER_ID    LEFT JOIN CW_GE_DEPARTMENT D ON D.CODE = U.DEPT_CODE    LEFT JOIN CW_GE_ORGANIZATION O ON O.CODE = U.ORG_CODE    LEFT JOIN CW_VW_DICT_SIGNSTATE DV1 ON DV1.VALUE = A.SIGNIN_STATE    LEFT JOIN CW_VW_DICT_SIGNSTATE DV2 ON DV2.VALUE = A.SIGNOUT_STATE    WHERE 1=1  <#if orgCodes?? &&orgCodes!=''''>  AND O.CODE IN (${sql(orgCodes,''NUMERIC'')})  </#if>  <#if deptCodes?? &&deptCodes!=''''>  AND D.CODE IN (${sql(deptCodes,''NUMERIC'')})  </#if>  <#if userIds?? &&userIds!=''''>  AND A.USER_ID IN (${sql(userIds,''NUMERIC'')})  </#if>  <#if signNormalState?? && signNormalState != ''''> AND ( (A.SIGNIN_STATE = ${sql(signNormalState, ''NUMERIC'')} AND A.SIGNOUT_STATE = ${sql(signNormalState, ''NUMERIC'')})  <#if signState?? && signState!=''''> OR (A.SIGNIN_STATE IN( ${sql(signState,''NUMERIC'')}) OR A.SIGNOUT_STATE IN( ${sql(signState,''NUMERIC'')})) </#if> ) <#else> <#if signState?? && signState!=''''> AND (A.SIGNIN_STATE IN( ${sql(signState,''NUMERIC'')}) OR A.SIGNOUT_STATE IN( ${sql(signState,''NUMERIC'')})) <#else> AND 1=2 </#if> </#if>  <#if signDateStart?? &&signDateStart!=''''>  AND A.SIGN_DATE>= ${sql(signDateStart,''DATE'')}  </#if>  <#if signDateEnd?? &&signDateEnd!=''''>  AND A.SIGN_DATE<= ${sql(signDateEnd,''DATE'')}  </#if>  <#if orderBy?? &&orderBy!=''''>   ORDER BY ${sql(orderBy,''CHINESE'')}  </#if>', 1);
INSERT INTO CW_RPT_SQLS (SQL_ID, TEMPLETE_ID, SQL_CONTENT, SQL_TYPE) VALUES ('AttendanceDetailReport_OneUser', 'AttendanceDetailReport_OneUser', 'SELECT  A.REMARK,  A.RESULT_ID, A.USER_ID, U.NAME USERNAME, A.SIGN_DATE,  A.SIGNIN_TIME, A.SIGNOUT_TIME, U.ORG_CODE, O.NAME ORGNAME,    U.DEPT_CODE, D.CNAME DEPTNAME, A.SIGNIN_STATE, A.SIGNOUT_STATE, DV1.LABEL SIGNIN_STATENAME, DV2.LABEL SIGNOUT_STATENAME    FROM CW_ATT_USER_RESULT A    LEFT JOIN CW_GE_USER U ON U.ID = A.USER_ID    LEFT JOIN CW_GE_DEPARTMENT D ON D.CODE = U.DEPT_CODE    LEFT JOIN CW_GE_ORGANIZATION O ON O.CODE = U.ORG_CODE    LEFT JOIN CW_VW_DICT_SIGNSTATE DV1 ON DV1.VALUE = A.SIGNIN_STATE    LEFT JOIN CW_VW_DICT_SIGNSTATE DV2 ON DV2.VALUE = A.SIGNOUT_STATE    WHERE 1=1  <#if orgCodes?? &&orgCodes!=''''>  AND O.CODE IN (${sql(orgCodes,''NUMERIC'')})  </#if>  <#if deptCodes?? &&deptCodes!=''''>  AND D.CODE IN (${sql(deptCodes,''NUMERIC'')})  </#if>  <#if userIds?? &&userIds!=''''>  AND A.USER_ID IN (${sql(userIds,''NUMERIC'')})  </#if>  <#if signNormalState?? && signNormalState != ''''> AND ( (A.SIGNIN_STATE = ${sql(signNormalState, ''NUMERIC'')} AND A.SIGNOUT_STATE = ${sql(signNormalState, ''NUMERIC'')})  <#if signState?? && signState!=''''> OR (A.SIGNIN_STATE IN( ${sql(signState,''NUMERIC'')}) OR A.SIGNOUT_STATE IN( ${sql(signState,''NUMERIC'')})) </#if> ) <#else> <#if signState?? && signState!=''''> AND (A.SIGNIN_STATE IN( ${sql(signState,''NUMERIC'')}) OR A.SIGNOUT_STATE IN( ${sql(signState,''NUMERIC'')})) <#else> AND 1=2 </#if> </#if>  <#if signDateStart?? &&signDateStart!=''''>  AND A.SIGN_DATE>= ${sql(signDateStart,''DATE'')}  </#if>  <#if signDateEnd?? &&signDateEnd!=''''>  AND A.SIGN_DATE<= ${sql(signDateEnd,''DATE'')}  </#if>  <#if orderBy?? &&orderBy!=''''>   ORDER BY ${sql(orderBy,''CHINESE'')}  </#if>', 1);

INSERT INTO CW_RPT_TEMPLETES (TEMPLETE_ID, TEMPLETE_NAME, TEMPLETE_DESC, TEMPLETE_TYPE, ENABLED, MODULE) VALUES ('AttendanceDetailReport', 'AttendanceDetailReport', '考勤明细报表', 1, 1, '1');
INSERT INTO CW_RPT_TEMPLETES (TEMPLETE_ID, TEMPLETE_NAME, TEMPLETE_DESC, TEMPLETE_TYPE, ENABLED, MODULE) VALUES ('AttendanceDetailReport_OneDep', 'AttendanceDetailReport_OneDep', '考勤明细报表', 1, 1, '1');
INSERT INTO CW_RPT_TEMPLETES (TEMPLETE_ID, TEMPLETE_NAME, TEMPLETE_DESC, TEMPLETE_TYPE, ENABLED, MODULE) VALUES ('AttendanceDetailReport_OneOrg', 'AttendanceDetailReport_OneOrg', '考勤明细报表', 1, 1, '1');
INSERT INTO CW_RPT_TEMPLETES (TEMPLETE_ID, TEMPLETE_NAME, TEMPLETE_DESC, TEMPLETE_TYPE, ENABLED, MODULE) VALUES ('AttendanceDetailReport_OneUser', 'AttendanceDetailReport_OneUser', '考勤明细报表', 1, 1, '1');
INSERT INTO CW_RPT_TEMPLETES (TEMPLETE_ID, TEMPLETE_NAME, TEMPLETE_DESC, TEMPLETE_TYPE, ENABLED, MODULE) VALUES ('CardRecordReport', 'CardRecordReport', '门禁卡记录', 1, 1, '1');
INSERT INTO CW_RPT_TEMPLETES (TEMPLETE_ID, TEMPLETE_NAME, TEMPLETE_DESC, TEMPLETE_TYPE, ENABLED, MODULE) VALUES ('EntryExitRecordReport', 'EntryExitRecordReport', '出入记录报表', 1, 1, '1');
INSERT INTO CW_RPT_TEMPLETES (TEMPLETE_ID, TEMPLETE_NAME, TEMPLETE_DESC, TEMPLETE_TYPE, ENABLED, MODULE) VALUES ('report11', 'report11', '考勤记录表', 1, 1, '1');
INSERT INTO CW_RPT_TEMPLETES (TEMPLETE_ID, TEMPLETE_NAME, TEMPLETE_DESC, TEMPLETE_TYPE, ENABLED, MODULE) VALUES ('resultStatisticsListReport', 'resultStatisticsListReport', '考勤统计报表', 1, 1, '1');
INSERT INTO CW_RPT_TEMPLETES (TEMPLETE_ID, TEMPLETE_NAME, TEMPLETE_DESC, TEMPLETE_TYPE, ENABLED, MODULE) VALUES ('resultStatisticsListReport_OneDep', 'resultStatisticsListReport_OneDep', '考勤统计报表', 1, 1, '1');
INSERT INTO CW_RPT_TEMPLETES (TEMPLETE_ID, TEMPLETE_NAME, TEMPLETE_DESC, TEMPLETE_TYPE, ENABLED, MODULE) VALUES ('resultStatisticsListReport_OneOrg', 'resultStatisticsListReport_OneOrg', '考勤统计报表', 1, 1, '1');
INSERT INTO CW_RPT_TEMPLETES (TEMPLETE_ID, TEMPLETE_NAME, TEMPLETE_DESC, TEMPLETE_TYPE, ENABLED, MODULE) VALUES ('StrangerRecordReport', 'StrangerRecordReport', '陌生人记录', 1, 1, '1');




INSERT INTO CW_GE_IMPORT_FIELD (IMPORT_ID, COLUMN_IDX, FIELD_NAME, OUT_FIELD_NAME, CONSTANT_VALUE, DATA_TYPE, DATA_FORMAT, REMARK) VALUES ('CALLBACK_CLOUDWALK', 0, 'machineOrgCode', 'orgCode', NULL, 'String', NULL, '设备所在机构');
INSERT INTO CW_GE_IMPORT_FIELD (IMPORT_ID, COLUMN_IDX, FIELD_NAME, OUT_FIELD_NAME, CONSTANT_VALUE, DATA_TYPE, DATA_FORMAT, REMARK) VALUES ('CALLBACK_CLOUDWALK', 1, 'cameraName', 'cameraName', '', 'String', NULL, '摄像头名称');
INSERT INTO CW_GE_IMPORT_FIELD (IMPORT_ID, COLUMN_IDX, FIELD_NAME, OUT_FIELD_NAME, CONSTANT_VALUE, DATA_TYPE, DATA_FORMAT, REMARK) VALUES ('CALLBACK_CLOUDWALK', 2, 'deviceCode', 'deviceCode', '', 'String', NULL, '设备编号');
INSERT INTO CW_GE_IMPORT_FIELD (IMPORT_ID, COLUMN_IDX, FIELD_NAME, OUT_FIELD_NAME, CONSTANT_VALUE, DATA_TYPE, DATA_FORMAT, REMARK) VALUES ('CALLBACK_CLOUDWALK', 3, 'userType', 'userType', '', 'String', NULL, '客户类型');
INSERT INTO CW_GE_IMPORT_FIELD (IMPORT_ID, COLUMN_IDX, FIELD_NAME, OUT_FIELD_NAME, CONSTANT_VALUE, DATA_TYPE, DATA_FORMAT, REMARK) VALUES ('CALLBACK_CLOUDWALK', 4, 'workCode', 'custNo', '', 'String', NULL, '客户号');
INSERT INTO CW_GE_IMPORT_FIELD (IMPORT_ID, COLUMN_IDX, FIELD_NAME, OUT_FIELD_NAME, CONSTANT_VALUE, DATA_TYPE, DATA_FORMAT, REMARK) VALUES ('CALLBACK_CLOUDWALK', 5, 'idCard', 'idCard', '', 'String', NULL, '身份证号');
INSERT INTO CW_GE_IMPORT_FIELD (IMPORT_ID, COLUMN_IDX, FIELD_NAME, OUT_FIELD_NAME, CONSTANT_VALUE, DATA_TYPE, DATA_FORMAT, REMARK) VALUES ('CALLBACK_CLOUDWALK', 6, 'userLevel', 'custLevel', '', 'String', NULL, '客户等级');
INSERT INTO CW_GE_IMPORT_FIELD (IMPORT_ID, COLUMN_IDX, FIELD_NAME, OUT_FIELD_NAME, CONSTANT_VALUE, DATA_TYPE, DATA_FORMAT, REMARK) VALUES ('CALLBACK_CLOUDWALK', 7, 'name', 'custName', '', 'String', NULL, '名字');
INSERT INTO CW_GE_IMPORT_FIELD (IMPORT_ID, COLUMN_IDX, FIELD_NAME, OUT_FIELD_NAME, CONSTANT_VALUE, DATA_TYPE, DATA_FORMAT, REMARK) VALUES ('CALLBACK_CLOUDWALK', 8, 'base64', 'picStr', '', 'String', NULL, '头像，base64');
INSERT INTO CW_GE_IMPORT_FIELD (IMPORT_ID, COLUMN_IDX, FIELD_NAME, OUT_FIELD_NAME, CONSTANT_VALUE, DATA_TYPE, DATA_FORMAT, REMARK) VALUES ('CALLBACK_CLOUDWALK', 9, 'customerPicName', 'customerPicName', '', 'String', NULL, '自定义头像，url');
INSERT INTO CW_GE_IMPORT_FIELD (IMPORT_ID, COLUMN_IDX, FIELD_NAME, OUT_FIELD_NAME, CONSTANT_VALUE, DATA_TYPE, DATA_FORMAT, REMARK) VALUES ('CALLBACK_CLOUDWALK', 10, 'imgBaseUrl', 'imgBaseUrl', '', 'String', NULL, '图片前缀，加上pictureName=完整路径');
INSERT INTO CW_GE_IMPORT_FIELD (IMPORT_ID, COLUMN_IDX, FIELD_NAME, OUT_FIELD_NAME, CONSTANT_VALUE, DATA_TYPE, DATA_FORMAT, REMARK) VALUES ('CALLBACK_CLOUDWALK', 11, 'pictureName', 'pictureName', '', 'String', NULL, '头像，url');
INSERT INTO CW_GE_IMPORT_FIELD (IMPORT_ID, COLUMN_IDX, FIELD_NAME, OUT_FIELD_NAME, CONSTANT_VALUE, DATA_TYPE, DATA_FORMAT, REMARK) VALUES ('CALLBACK_CLOUDWALK', 12, 'spotPicBase64', 'spotPicStr', '', 'String', NULL, '现场照，base64');
INSERT INTO CW_GE_IMPORT_FIELD (IMPORT_ID, COLUMN_IDX, FIELD_NAME, OUT_FIELD_NAME, CONSTANT_VALUE, DATA_TYPE, DATA_FORMAT, REMARK) VALUES ('CALLBACK_CLOUDWALK', 13, 'spotPicPath', 'spotPicPath', '', 'String', NULL, '现场照，url');
INSERT INTO CW_GE_IMPORT_FIELD (IMPORT_ID, COLUMN_IDX, FIELD_NAME, OUT_FIELD_NAME, CONSTANT_VALUE, DATA_TYPE, DATA_FORMAT, REMARK) VALUES ('CALLBACK_CLOUDWALK', 14, 'gender', 'custSex', '', 'String', NULL, '性别');
INSERT INTO CW_GE_IMPORT_FIELD (IMPORT_ID, COLUMN_IDX, FIELD_NAME, OUT_FIELD_NAME, CONSTANT_VALUE, DATA_TYPE, DATA_FORMAT, REMARK) VALUES ('CALLBACK_CLOUDWALK', 15, 'telephone', 'custTel', '', 'String', NULL, '电话');
INSERT INTO CW_GE_IMPORT_FIELD (IMPORT_ID, COLUMN_IDX, FIELD_NAME, OUT_FIELD_NAME, CONSTANT_VALUE, DATA_TYPE, DATA_FORMAT, REMARK) VALUES ('CALLBACK_CLOUDWALK', 16, 'birthday', 'custBirth', '', 'Date', 'yyyyMMdd', '生日');
INSERT INTO CW_GE_IMPORT_FIELD (IMPORT_ID, COLUMN_IDX, FIELD_NAME, OUT_FIELD_NAME, CONSTANT_VALUE, DATA_TYPE, DATA_FORMAT, REMARK) VALUES ('CALLBACK_CLOUDWALK', 17, NULL, 'channel', 'D', 'String', NULL, '渠道，常量');


INSERT INTO CW_GE_IMPORT_FIELD (IMPORT_ID, COLUMN_IDX, FIELD_NAME, OUT_FIELD_NAME, CONSTANT_VALUE, DATA_TYPE, DATA_FORMAT, REMARK) VALUES ('CALLBACK_STRANGER_CLOUDWALK', 0, 'machineOrgCode', 'orgCode', NULL, 'String', NULL, '设备所在机构');
INSERT INTO CW_GE_IMPORT_FIELD (IMPORT_ID, COLUMN_IDX, FIELD_NAME, OUT_FIELD_NAME, CONSTANT_VALUE, DATA_TYPE, DATA_FORMAT, REMARK) VALUES ('CALLBACK_STRANGER_CLOUDWALK', 1, 'cameraName', 'cameraName', '', 'String', NULL, '摄像头名称');
INSERT INTO CW_GE_IMPORT_FIELD (IMPORT_ID, COLUMN_IDX, FIELD_NAME, OUT_FIELD_NAME, CONSTANT_VALUE, DATA_TYPE, DATA_FORMAT, REMARK) VALUES ('CALLBACK_STRANGER_CLOUDWALK', 2, 'deviceCode', 'deviceCode', '', 'String', NULL, '设备编号');
INSERT INTO CW_GE_IMPORT_FIELD (IMPORT_ID, COLUMN_IDX, FIELD_NAME, OUT_FIELD_NAME, CONSTANT_VALUE, DATA_TYPE, DATA_FORMAT, REMARK) VALUES ('CALLBACK_STRANGER_CLOUDWALK', 3, 'userType', 'userType', '', 'String', NULL, '客户类型');
INSERT INTO CW_GE_IMPORT_FIELD (IMPORT_ID, COLUMN_IDX, FIELD_NAME, OUT_FIELD_NAME, CONSTANT_VALUE, DATA_TYPE, DATA_FORMAT, REMARK) VALUES ('CALLBACK_STRANGER_CLOUDWALK', 4, 'spotPicBase64', 'spotPicStr', '', 'String', NULL, '现场照，base64');
INSERT INTO CW_GE_IMPORT_FIELD (IMPORT_ID, COLUMN_IDX, FIELD_NAME, OUT_FIELD_NAME, CONSTANT_VALUE, DATA_TYPE, DATA_FORMAT, REMARK) VALUES ('CALLBACK_STRANGER_CLOUDWALK', 5, 'spotPicPath', 'spotPicPath', '', 'String', NULL, '现场照，url');
INSERT INTO CW_GE_IMPORT_FIELD (IMPORT_ID, COLUMN_IDX, FIELD_NAME, OUT_FIELD_NAME, CONSTANT_VALUE, DATA_TYPE, DATA_FORMAT, REMARK) VALUES ('CALLBACK_STRANGER_CLOUDWALK', 6, 'imgBaseUrl', 'imgBaseUrl', '', 'String', NULL, '图片前缀，加上pictureName=完整路径');
INSERT INTO CW_GE_IMPORT_FIELD (IMPORT_ID, COLUMN_IDX, FIELD_NAME, OUT_FIELD_NAME, CONSTANT_VALUE, DATA_TYPE, DATA_FORMAT, REMARK) VALUES ('CALLBACK_STRANGER_CLOUDWALK', 10, NULL, 'channel', 'D', 'String', NULL, '渠道，常量');
